controle,ano,titulo,titulo_do,bairro_fato_original,bairro
07644051-2019,2019,Homicídio Provocado por Emprego de Arma Branca,Homicídio doloso,Jacarepagua,Jacarepaguá
63341861-2019,2019,Morte por Intervenção de Agente do Estado,Morte por intervenção de agente do Estado,Cachambi,Cachambi
15267481-2019,2019,Homicídio Provocado por Projétil de Arma de Fogo,Homicídio doloso,Barros filho,Barros Filho
64467661-2019,2019,Homicídio (outros),Homicídio doloso,Copacabana,Copacabana
69291621-2019,2019,Homicídio Provocado por Emprego de Arma Branca,Homicídio doloso,Santa teresa,Santa Teresa
87267641-2019,2019,Morte por Intervenção de Agente do Estado,Morte por intervenção de agente do Estado,Colegio,Colégio
16539062-2019,2019,Homicídio Provocado por Projétil de Arma de Fogo,Homicídio doloso,Guadalupe,Guadalupe
34418741-2019,2019,Morte por Intervenção de Agente do Estado,Morte por intervenção de agente do Estado,Engenho de dentro,Engenho de Dentro
44032331-2019,2019,Homicídio (outros),Homicídio doloso,Grajau,Grajaú
71109331-2019,2019,Morte por Intervenção de Agente do Estado,Morte por intervenção de agente do Estado,Jardim america,Jardim América
40479101-2019,2019,Morte por Intervenção de Agente do Estado,Morte por intervenção de agente do Estado,Bangu,Bangu
29387721-2019,2019,Homicídio (outros),Homicídio doloso,Inhauma,Inhaúma
30712471-2019,2019,Homicídio Provocado por Projétil de Arma de Fogo,Homicídio doloso,Bonsucesso,Bonsucesso
87331471-2019,2019,Homicídio (outros),Homicídio doloso,Olaria,Olaria
15372521-2019,2019,Homicídio Provocado por Projétil de Arma de Fogo,Homicídio doloso,Padre miguel,Padre Miguel
18395691-2019,2019,Homicídio Provocado por Projétil de Arma de Fogo,Homicídio doloso,Benfica,Benfica
20710091-2019,2019,Homicídio (outros),Homicídio doloso,Realengo,Realengo
39692711-2019,2019,Morte por Intervenção de Agente do Estado,Morte por intervenção de agente do Estado,Praca seca,Praça Seca
39692711-2019,2019,Morte por Intervenção de Agente do Estado,Morte por intervenção de agente do Estado,Praca seca,Praça Seca
39692711-2019,2019,Morte por Intervenção de Agente do Estado,Morte por intervenção de agente do Estado,Praca seca,Praça Seca
60085561-2019,2019,Homicídio Provocado por Emprego de Arma Branca,Homicídio doloso,Taquara,Taquara
78104911-2019,2019,Homicídio Provocado por Projétil de Arma de Fogo,Homicídio doloso,Recreio dos bandeirantes,Recreio dos Bandeirantes
95768971-2019,2019,Homicídio Provocado por Projétil de Arma de Fogo,Homicídio doloso,Bonsucesso,Bonsucesso
13614561-2019,2019,Homicídio Provocado por Projétil de Arma de Fogo,Homicídio doloso,Caju,Caju
90376441-2019,2019,Homicídio (outros),Homicídio doloso,Rocinha,Rocinha
02962621-2019,2019,Homicídio Provocado por Projétil de Arma de Fogo,Homicídio doloso,Jacarepagua,Jacarepaguá
49812701-2019,2019,Homicídio Provocado por Emprego de Arma Branca,Homicídio doloso,Sao cristovao,São Cristóvão
53417431-2019,2019,Homicídio Provocado por Projétil de Arma de Fogo,Homicídio doloso,Senador camara,Senador Camará
82928351-2019,2019,Morte por Intervenção de Agente do Estado,Morte por intervenção de agente do Estado,Tomas coelho,Tomás Coelho
91104111-2019,2019,Lesão Corporal Seguida de Morte (outros),Lesão corporal seguida de morte,Ipanema,Ipanema
92938531-2019,2019,Homicídio Provocado por Emprego de Arma Branca,Homicídio doloso,Copacabana,Copacabana
83260531-2019,2019,Homicídio (outros),Homicídio doloso,Gardenia azul,Gardênia Azul
03174881-2019,2019,Homicídio (outros),Homicídio doloso,Rocinha,Rocinha
16700541-2019,2019,Homicídio Provocado por Projétil de Arma de Fogo,Homicídio doloso,Quintino bocaiuva,Quintino Bocaiúva
34329301-2019,2019,Morte por Intervenção de Agente do Estado,Morte por intervenção de agente do Estado,Pilares,Pilares
83517731-2019,2019,Homicídio Provocado por Projétil de Arma de Fogo,Homicídio doloso,Bangu,Bangu
37334361-2019,2019,Morte por Intervenção de Agente do Estado,Morte por intervenção de agente do Estado,Tanque,Tanque
88420301-2019,2019,Morte por Intervenção de Agente do Estado,Morte por intervenção de agente do Estado,Guadalupe,Guadalupe
17594931-2019,2019,Homicídio (outros),Homicídio doloso,Vila kennedy,Bangu
49776421-2019,2019,Homicídio (outros),Homicídio doloso,Senador camara,Senador Camará
80074631-2019,2019,Homicídio Provocado por Projétil de Arma de Fogo,Homicídio doloso,Cavalcanti,Cavalcanti
90068931-2019,2019,Roubo Seguido de Morte Provocado por Projétil de Arma de Fogo,Latrocínio (Roubo seguido de morte),Bangu,Bangu
76117291-2019,2019,Homicídio Provocado por Projétil de Arma de Fogo,Homicídio doloso,Campo grande,Campo Grande
85752491-2019,2019,Homicídio Provocado por Projétil de Arma de Fogo,Homicídio doloso,Madureira,Madureira
00247941-2019,2019,Roubo Seguido de Morte Provocado por Projétil de Arma de Fogo,Latrocínio (Roubo seguido de morte),Guaratiba,Guaratiba
02999291-2019,2019,Morte por Intervenção de Agente do Estado,Morte por intervenção de agente do Estado,Pilares,Pilares
03389811-2019,2019,Homicídio Provocado por Projétil de Arma de Fogo,Homicídio doloso,Cordovil,Cordovil
53549901-2019,2019,Homicídio Provocado por Projétil de Arma de Fogo,Homicídio doloso,Campo grande,Campo Grande
73824251-2019,2019,Homicídio Provocado por Projétil de Arma de Fogo,Homicídio doloso,Sampaio,Sampaio
73824251-2019,2019,Homicídio Provocado por Projétil de Arma de Fogo,Homicídio doloso,Sampaio,Sampaio
89139381-2019,2019,Homicídio Provocado por Projétil de Arma de Fogo,Homicídio doloso,Rocha miranda,Rocha Miranda
37632841-2019,2019,Morte por Intervenção de Agente do Estado,Morte por intervenção de agente do Estado,Mangueira,Mangueira
46734131-2019,2019,Homicídio (outros),Homicídio doloso,Costa barros,Costa Barros
55732361-2019,2019,Morte por Intervenção de Agente do Estado,Morte por intervenção de agente do Estado,Copacabana,Copacabana
65690971-2019,2019,Morte por Intervenção de Agente do Estado,Morte por intervenção de agente do Estado,Del castilho,Del Castilho
05659571-2019,2019,Homicídio Provocado por Projétil de Arma de Fogo,Homicídio doloso,Taquara,Taquara
11743161-2019,2019,Homicídio Provocado por Projétil de Arma de Fogo,Homicídio doloso,Jardim america,Jardim América
19401741-2019,2019,Morte por Intervenção de Agente do Estado,Morte por intervenção de agente do Estado,Vigario geral,Vigário Geral
32633171-2019,2019,Homicídio Provocado por Projétil de Arma de Fogo,Homicídio doloso,Galeao,Galeão
79443411-2019,2019,Morte por Intervenção de Agente do Estado,Morte por intervenção de agente do Estado,Pavuna,Pavuna
79443411-2019,2019,Morte por Intervenção de Agente do Estado,Morte por intervenção de agente do Estado,Pavuna,Pavuna
79443411-2019,2019,Morte por Intervenção de Agente do Estado,Morte por intervenção de agente do Estado,Pavuna,Pavuna
95061211-2019,2019,Morte por Intervenção de Agente do Estado,Morte por intervenção de agente do Estado,Vicente de carvalho,Vicente de Carvalho
08891971-2019,2019,Homicídio Provocado por Emprego de Arma Branca,Homicídio doloso,Bento ribeiro,Bento Ribeiro
34225802-2019,2019,Roubo Seguido de Morte (outros),Latrocínio (Roubo seguido de morte),Bangu,Bangu
46759742-2019,2019,Homicídio (outros),Homicídio doloso,Realengo,Realengo
57649671-2019,2019,Homicídio (outros),Homicídio doloso,Taquara,Taquara
60745791-2019,2019,Homicídio Provocado por Projétil de Arma de Fogo,Homicídio doloso,Engenho novo,Engenho Novo
98633511-2019,2019,Homicídio Provocado por Projétil de Arma de Fogo,Homicídio doloso,Pilares,Pilares
98633511-2019,2019,Homicídio Provocado por Projétil de Arma de Fogo,Homicídio doloso,Pilares,Pilares
04354101-2019,2019,Homicídio Provocado por Projétil de Arma de Fogo,Homicídio doloso,Campo grande,Campo Grande
04677381-2019,2019,Morte por Intervenção de Agente do Estado,Morte por intervenção de agente do Estado,Vicente de carvalho,Vicente de Carvalho
40058451-2019,2019,Morte por Intervenção de Agente do Estado,Morte por intervenção de agente do Estado,Realengo,Realengo
40058451-2019,2019,Morte por Intervenção de Agente do Estado,Morte por intervenção de agente do Estado,Realengo,Realengo
40058451-2019,2019,Morte por Intervenção de Agente do Estado,Morte por intervenção de agente do Estado,Realengo,Realengo
40058451-2019,2019,Morte por Intervenção de Agente do Estado,Morte por intervenção de agente do Estado,Realengo,Realengo
42062521-2019,2019,Homicídio Provocado por Projétil de Arma de Fogo,Homicídio doloso,Pavuna,Pavuna
13981362-2019,2019,Morte por Intervenção de Agente do Estado,Morte por intervenção de agente do Estado,Bras de pina,Brás de Pina
20545212-2019,2019,Morte por Intervenção de Agente do Estado,Morte por intervenção de agente do Estado,Tomas coelho,Tomás Coelho
28367071-2019,2019,Homicídio Provocado por Projétil de Arma de Fogo,Homicídio doloso,Cidade nova,Cidade Nova
34659541-2019,2019,Morte por Intervenção de Agente do Estado,Morte por intervenção de agente do Estado,Pavuna,Pavuna
43664451-2019,2019,Homicídio Provocado por Projétil de Arma de Fogo,Homicídio doloso,Recreio dos bandeirantes,Recreio dos Bandeirantes
10230091-2019,2019,Morte por Intervenção de Agente do Estado,Morte por intervenção de agente do Estado,Acari,Acari
19858451-2019,2019,Morte por Intervenção de Agente do Estado,Morte por intervenção de agente do Estado,Acari,Acari
49551711-2019,2019,Morte por Intervenção de Agente do Estado,Morte por intervenção de agente do Estado,Parada de lucas,Parada de Lucas
51316241-2019,2019,Morte por Intervenção de Agente do Estado,Morte por intervenção de agente do Estado,Acari,Acari
07258351-2019,2019,Morte por Intervenção de Agente do Estado,Morte por intervenção de agente do Estado,Bangu,Bangu
07258351-2019,2019,Morte por Intervenção de Agente do Estado,Morte por intervenção de agente do Estado,Bangu,Bangu
07258351-2019,2019,Morte por Intervenção de Agente do Estado,Morte por intervenção de agente do Estado,Bangu,Bangu
07601631-2019,2019,Homicídio Provocado por Projétil de Arma de Fogo,Homicídio doloso,Senador vasconcelos,Senador Vasconcelos
13682091-2019,2019,Homicídio (outros),Homicídio doloso,Cidade universitaria,Cidade Universitária
16835981-2019,2019,Morte por Intervenção de Agente do Estado,Morte por intervenção de agente do Estado,Pilares,Pilares
16835981-2019,2019,Morte por Intervenção de Agente do Estado,Morte por intervenção de agente do Estado,Pilares,Pilares
38900751-2019,2019,Morte por Intervenção de Agente do Estado,Morte por intervenção de agente do Estado,Piedade,Piedade
61764102-2019,2019,Homicídio Provocado por Projétil de Arma de Fogo,Homicídio doloso,Bangu,Bangu
13276961-2019,2019,Homicídio (outros),Homicídio doloso,Barros filhos,Barros Filho
31545921-2019,2019,Homicídio Provocado por Projétil de Arma de Fogo,Homicídio doloso,Honorio gurgel,Honório Gurgel
24017431-2019,2019,Homicídio Provocado por Projétil de Arma de Fogo,Homicídio doloso,Anchieta,Anchieta
40229471-2019,2019,Homicídio Provocado por Projétil de Arma de Fogo,Homicídio doloso,Manguinhos,Manguinhos
89551271-2019,2019,Homicídio (outros),Homicídio doloso,Santa cruz,Santa Cruz
99184891-2019,2019,Homicídio Provocado por Projétil de Arma de Fogo,Homicídio doloso,Ramos,Ramos
99184891-2019,2019,Homicídio Provocado por Projétil de Arma de Fogo,Homicídio doloso,Ramos,Ramos
01217071-2019,2019,Homicídio Provocado por Emprego de Arma Branca,Homicídio doloso,Campo grande,Campo Grande
66217121-2019,2019,Homicídio Provocado por Projétil de Arma de Fogo,Homicídio doloso,Copacabana,Copacabana
69316321-2019,2019,Morte por Intervenção de Agente do Estado,Morte por intervenção de agente do Estado,Barros filho,Barros Filho
02471801-2019,2019,Morte por Intervenção de Agente do Estado,Morte por intervenção de agente do Estado,Lins de vasconcelos,Lins de Vasconcelos
17668731-2019,2019,Homicídio (outros),Homicídio doloso,Vila do joao,Maré
21469691-2019,2019,Morte por Intervenção de Agente do Estado,Morte por intervenção de agente do Estado,Cavalcanti,Cavalcanti
21469691-2019,2019,Morte por Intervenção de Agente do Estado,Morte por intervenção de agente do Estado,Cavalcanti,Cavalcanti
34717081-2019,2019,Morte por Intervenção de Agente do Estado,Morte por intervenção de agente do Estado,Tijuca,Tijuca
59448811-2019,2019,Homicídio (outros),Homicídio doloso,Penha,Penha
90775851-2019,2019,Morte por Intervenção de Agente do Estado,Morte por intervenção de agente do Estado,Rocinha,Rocinha
94411291-2019,2019,Morte por Intervenção de Agente do Estado,Morte por intervenção de agente do Estado,Santa cruz,Santa Cruz
35924461-2019,2019,Homicídio Provocado por Projétil de Arma de Fogo,Homicídio doloso,Manguinhos,Manguinhos
49442291-2019,2019,Morte por Intervenção de Agente do Estado,Morte por intervenção de agente do Estado,Bangu,Bangu
49442291-2019,2019,Morte por Intervenção de Agente do Estado,Morte por intervenção de agente do Estado,Bangu,Bangu
49442291-2019,2019,Morte por Intervenção de Agente do Estado,Morte por intervenção de agente do Estado,Bangu,Bangu
49834741-2019,2019,Homicídio (outros),Homicídio doloso,Manguinhos,Manguinhos
72220662-2019,2019,Homicídio Provocado por Projétil de Arma de Fogo,Homicídio doloso,Guadalupe,Guadalupe
02871041-2019,2019,Homicídio Provocado por Projétil de Arma de Fogo,Homicídio doloso,Jacarepagua,Jacarepaguá
14081031-2019,2019,Homicídio Provocado por Projétil de Arma de Fogo,Homicídio doloso,Bangu,Bangu
40911772-2019,2019,Homicídio (outros),Homicídio doloso,Realengo,Realengo
45050701-2019,2019,Morte por Intervenção de Agente do Estado,Morte por intervenção de agente do Estado,Engenho novo,Engenho Novo
66500191-2019,2019,Morte por Intervenção de Agente do Estado,Morte por intervenção de agente do Estado,Tijuca,Tijuca
73811531-2019,2019,Morte por Intervenção de Agente do Estado,Morte por intervenção de agente do Estado,Santa tereza,Santa Teresa
00826801-2019,2019,Homicídio Provocado por Projétil de Arma de Fogo,Homicídio doloso,Tomas coelho,Tomás Coelho
11018021-2019,2019,Morte por Intervenção de Agente do Estado,Morte por intervenção de agente do Estado,Gamboa,Gamboa
19746281-2019,2019,Homicídio (outros),Homicídio doloso,Ricardo de albuquerque,Ricardo de Albuquerque
26794951-2019,2019,Homicídio Provocado por Projétil de Arma de Fogo,Homicídio doloso,Sao cristovao,São Cristóvão
31355321-2019,2019,Homicídio Provocado por Projétil de Arma de Fogo,Homicídio doloso,Pedra de guaratiba,Pedra de Guaratiba
65761841-2019,2019,Homicídio (outros),Homicídio doloso,Campo grande,Campo Grande
88539661-2019,2019,Morte por Intervenção de Agente do Estado,Morte por intervenção de agente do Estado,Pitangueiras,Pitangueiras
57067411-2019,2019,Homicídio (outros),Homicídio doloso,Vicente de carvalhio,Vicente de Carvalho
67675751-2019,2019,Homicídio Provocado por Projétil de Arma de Fogo,Homicídio doloso,Todos os santos,Todos os Santos
95582311-2019,2019,Homicídio Provocado por Projétil de Arma de Fogo,Homicídio doloso,Caju,Caju
36374751-2019,2019,Homicídio (outros),Homicídio doloso,Senador camara,Senador Camará
49423381-2019,2019,Morte por Intervenção de Agente do Estado,Morte por intervenção de agente do Estado,Jacare,Jacaré
55045181-2019,2019,Homicídio Provocado por Projétil de Arma de Fogo,Homicídio doloso,Vigario geral,Vigário Geral
80050221-2019,2019,Morte por Intervenção de Agente do Estado,Morte por intervenção de agente do Estado,Ramos,Ramos
88469181-2019,2019,Homicídio Provocado por Projétil de Arma de Fogo,Homicídio doloso,Coelho neto,Coelho Neto
10635631-2019,2019,Homicídio Provocado por Projétil de Arma de Fogo,Homicídio doloso,Iraja,Irajá
21086151-2019,2019,Homicídio (outros),Homicídio doloso,Coelho neto,Coelho Neto
29795351-2019,2019,Morte por Intervenção de Agente do Estado,Morte por intervenção de agente do Estado,Estacio,Estácio
94694811-2019,2019,Homicídio Provocado por Projétil de Arma de Fogo,Homicídio doloso,Centro,Centro
98454482-2019,2019,Morte por Intervenção de Agente do Estado,Morte por intervenção de agente do Estado,Vicente de carvalho,Vicente de Carvalho
73382781-2019,2019,Morte por Intervenção de Agente do Estado,Morte por intervenção de agente do Estado,Santa maria,Taquara
21801821-2019,2019,Morte por Intervenção de Agente do Estado,Morte por intervenção de agente do Estado,Barros filho,Barros Filho
32780371-2019,2019,Homicídio Provocado por Projétil de Arma de Fogo,Homicídio doloso,Bonsucesso,Bonsucesso
53205001-2019,2019,Morte por Intervenção de Agente do Estado,Morte por intervenção de agente do Estado,Engenho novo,Engenho Novo
64639761-2019,2019,Morte por Intervenção de Agente do Estado,Morte por intervenção de agente do Estado,Bangu,Bangu
84268011-2019,2019,Homicídio Provocado por Projétil de Arma de Fogo,Homicídio doloso,Pavuna,Pavuna
55290751-2019,2019,Homicídio Provocado por Projétil de Arma de Fogo,Homicídio doloso,Jacarepagua,Jacarepaguá
56691031-2019,2019,Homicídio Provocado por Projétil de Arma de Fogo,Homicídio doloso,Realengo,Realengo
59557211-2019,2019,Homicídio Provocado por Projétil de Arma de Fogo,Homicídio doloso,Taquara,Taquara
59557211-2019,2019,Homicídio Provocado por Projétil de Arma de Fogo,Homicídio doloso,Taquara,Taquara
88528721-2019,2019,Lesão Corporal Seguida de Morte Provocada por Projétil de Arma de Fogo,Lesão corporal seguida de morte,Quintino bocaiuva,Quintino Bocaiúva
10196501-2019,2019,Morte por Intervenção de Agente do Estado,Morte por intervenção de agente do Estado,Catumbi,Catumbi
10196501-2019,2019,Morte por Intervenção de Agente do Estado,Morte por intervenção de agente do Estado,Catumbi,Catumbi
23784311-2019,2019,Morte por Intervenção de Agente do Estado,Morte por intervenção de agente do Estado,Copacabana,Copacabana
29469181-2019,2019,Morte por Intervenção de Agente do Estado,Morte por intervenção de agente do Estado,Complexo do alemao,Complexo do Alemão
42838021-2019,2019,Homicídio Provocado por Projétil de Arma de Fogo,Homicídio doloso,Vila kenedy,Bangu
43136291-2019,2019,Homicídio Provocado por Projétil de Arma de Fogo,Homicídio doloso,Vila kennedy,Bangu
78620981-2019,2019,Homicídio Provocado por Projétil de Arma de Fogo,Homicídio doloso,Praca seca,Praça Seca
88457091-2019,2019,Morte por Intervenção de Agente do Estado,Morte por intervenção de agente do Estado,Catumbi,Catumbi
88457091-2019,2019,Morte por Intervenção de Agente do Estado,Morte por intervenção de agente do Estado,Catumbi,Catumbi
88457091-2019,2019,Morte por Intervenção de Agente do Estado,Morte por intervenção de agente do Estado,Catumbi,Catumbi
88457091-2019,2019,Morte por Intervenção de Agente do Estado,Morte por intervenção de agente do Estado,Catumbi,Catumbi
88457091-2019,2019,Morte por Intervenção de Agente do Estado,Morte por intervenção de agente do Estado,Catumbi,Catumbi
88457091-2019,2019,Morte por Intervenção de Agente do Estado,Morte por intervenção de agente do Estado,Catumbi,Catumbi
88457091-2019,2019,Morte por Intervenção de Agente do Estado,Morte por intervenção de agente do Estado,Catumbi,Catumbi
88457091-2019,2019,Morte por Intervenção de Agente do Estado,Morte por intervenção de agente do Estado,Catumbi,Catumbi
88457091-2019,2019,Morte por Intervenção de Agente do Estado,Morte por intervenção de agente do Estado,Catumbi,Catumbi
06389921-2019,2019,Morte por Intervenção de Agente do Estado,Morte por intervenção de agente do Estado,Bangu,Bangu
06389921-2019,2019,Morte por Intervenção de Agente do Estado,Morte por intervenção de agente do Estado,Bangu,Bangu
11235821-2019,2019,Homicídio Provocado por Projétil de Arma de Fogo,Homicídio doloso,Santa teresa,Santa Teresa
11235821-2019,2019,Homicídio Provocado por Projétil de Arma de Fogo,Homicídio doloso,Santa teresa,Santa Teresa
48768261-2019,2019,Homicídio Provocado por Projétil de Arma de Fogo,Homicídio doloso,Guaratiba,Guaratiba
67969911-2019,2019,Homicídio (outros),Homicídio doloso,Pavuna,Pavuna
83632411-2019,2019,Morte por Intervenção de Agente do Estado,Morte por intervenção de agente do Estado,Barros filho,Barros Filho
42304381-2019,2019,Lesão Corporal Seguida de Morte (outros),Lesão corporal seguida de morte,Manguinhos,Manguinhos
52754841-2019,2019,Homicídio (outros),Homicídio doloso,Copacabana,Copacabana
56778771-2019,2019,Homicídio Provocado por Projétil de Arma de Fogo,Homicídio doloso,Campo grande,Campo Grande
95597931-2019,2019,Homicídio Provocado por Projétil de Arma de Fogo,Homicídio doloso,Ricardo de albuquerquer,Ricardo de Albuquerque
29236841-2019,2019,Homicídio (outros),Homicídio doloso,Bangu,Bangu
37219251-2019,2019,Morte por Intervenção de Agente do Estado,Morte por intervenção de agente do Estado,Parada de lucas,Parada de Lucas
37219251-2019,2019,Morte por Intervenção de Agente do Estado,Morte por intervenção de agente do Estado,Parada de lucas,Parada de Lucas
74623391-2019,2019,Morte por Intervenção de Agente do Estado,Morte por intervenção de agente do Estado,Santa teresa,Santa Teresa
14372661-2019,2019,Morte por Intervenção de Agente do Estado,Morte por intervenção de agente do Estado,Benfica,Benfica
14372661-2019,2019,Morte por Intervenção de Agente do Estado,Morte por intervenção de agente do Estado,Benfica,Benfica
23522901-2019,2019,Homicídio Provocado por Projétil de Arma de Fogo,Homicídio doloso,Ramos,Ramos
27254861-2019,2019,Morte por Intervenção de Agente do Estado,Morte por intervenção de agente do Estado,Realengo,Realengo
32026621-2019,2019,Homicídio (outros),Homicídio doloso,Caju,Caju
37395791-2019,2019,Homicídio (outros),Homicídio doloso,Madureira,Madureira
55147991-2019,2019,Homicídio Provocado por Projétil de Arma de Fogo,Homicídio doloso,Taquara,Taquara
91401611-2019,2019,Homicídio (outros),Homicídio doloso,Oswaldo cruz,Oswaldo Cruz
19066831-2019,2019,Homicídio Provocado por Projétil de Arma de Fogo,Homicídio doloso,Centro,Centro
50602841-2019,2019,Morte por Intervenção de Agente do Estado,Morte por intervenção de agente do Estado,Abolicao,Abolição
56091361-2019,2019,Homicídio (outros),Homicídio doloso,Barra da tijuca,Barra da Tijuca
89988501-2019,2019,Morte por Intervenção de Agente do Estado,Morte por intervenção de agente do Estado,Jacarepagua,Jacarepaguá
54227741-2019,2019,Morte por Intervenção de Agente do Estado,Morte por intervenção de agente do Estado,Senador camara,Senador Camará
54227741-2019,2019,Morte por Intervenção de Agente do Estado,Morte por intervenção de agente do Estado,Senador camara,Senador Camará
68493401-2019,2019,Morte por Intervenção de Agente do Estado,Morte por intervenção de agente do Estado,Anchieta,Anchieta
69876811-2019,2019,Homicídio Provocado por Projétil de Arma de Fogo,Homicídio doloso,Senador camara,Senador Camará
69876811-2019,2019,Homicídio Provocado por Projétil de Arma de Fogo,Homicídio doloso,Senador camara,Senador Camará
12448091-2019,2019,Homicídio Provocado por Projétil de Arma de Fogo,Homicídio doloso,Bangu,Bangu
31798221-2019,2019,Morte por Intervenção de Agente do Estado,Morte por intervenção de agente do Estado,Pavuna,Pavuna
31798221-2019,2019,Morte por Intervenção de Agente do Estado,Morte por intervenção de agente do Estado,Pavuna,Pavuna
44988051-2019,2019,Morte por Intervenção de Agente do Estado,Morte por intervenção de agente do Estado,Pavuna,Pavuna
62306551-2019,2019,Homicídio Provocado por Projétil de Arma de Fogo,Homicídio doloso,Barros filho,Barros Filho
62306551-2019,2019,Homicídio Provocado por Projétil de Arma de Fogo,Homicídio doloso,Barros filho,Barros Filho
05576411-2019,2019,Homicídio Provocado por Projétil de Arma de Fogo,Homicídio doloso,Campo graned,Campo Grande
28487921-2019,2019,Homicídio Provocado por Projétil de Arma de Fogo,Homicídio doloso,Cosmos,Cosmos
47263271-2019,2019,Homicídio (outros),Homicídio doloso,Vicente carvalho,Vicente de Carvalho
29782411-2019,2019,Homicídio Provocado por Emprego de Arma Branca,Homicídio doloso,Del castilho,Del Castilho
92707961-2019,2019,Morte por Intervenção de Agente do Estado,Morte por intervenção de agente do Estado,Parada de lucas,Parada de Lucas
94313151-2019,2019,Homicídio (outros),Homicídio doloso,Bonsucesso,Bonsucesso
10255661-2019,2019,Homicídio Provocado por Projétil de Arma de Fogo,Homicídio doloso,Penha,Penha
48281071-2019,2019,Roubo Seguido de Morte Provocado por Projétil de Arma de Fogo,Latrocínio (Roubo seguido de morte),Bento ribeiro,Bento Ribeiro
60445201-2019,2019,Morte por Intervenção de Agente do Estado,Morte por intervenção de agente do Estado,Vicente de carvalho,Vicente de Carvalho
01700701-2019,2019,Homicídio Provocado por Projétil de Arma de Fogo,Homicídio doloso,Pavuna,Pavuna
42617011-2019,2019,Morte por Intervenção de Agente do Estado,Morte por intervenção de agente do Estado,Marechal hermes,Marechal Hermes
42617011-2019,2019,Morte por Intervenção de Agente do Estado,Morte por intervenção de agente do Estado,Marechal hermes,Marechal Hermes
54527552-2019,2019,Morte por Intervenção de Agente do Estado,Morte por intervenção de agente do Estado,Deodoro,Deodoro
64626141-2019,2019,Homicídio Provocado por Projétil de Arma de Fogo,Homicídio doloso,Rocinha,Rocinha
65115621-2019,2019,Homicídio Provocado por Projétil de Arma de Fogo,Homicídio doloso,Bangu,Bangu
90633861-2019,2019,Homicídio Provocado por Projétil de Arma de Fogo,Homicídio doloso,Bangu,Bangu
94877551-2019,2019,Homicídio Provocado por Projétil de Arma de Fogo,Homicídio doloso,Santissimo,Santíssimo
02807901-2019,2019,Morte por Intervenção de Agente do Estado,Morte por intervenção de agente do Estado,Leme,Leme
02746231-2019,2019,Homicídio Provocado por Projétil de Arma de Fogo,Homicídio doloso,Ricardo de albuquerque,Ricardo de Albuquerque
07552091-2019,2019,Homicídio Provocado por Projétil de Arma de Fogo,Homicídio doloso,Santa cruz,Santa Cruz
34847771-2019,2019,Morte por Intervenção de Agente do Estado,Morte por intervenção de agente do Estado,Ramos,Ramos
76031931-2019,2019,Homicídio Provocado por Emprego de Arma Branca,Homicídio doloso,Inhoaiba,Inhoaíba
81937581-2019,2019,Morte por Intervenção de Agente do Estado,Morte por intervenção de agente do Estado,Cavalcanti,Cavalcanti
04374391-2019,2019,Homicídio Provocado por Projétil de Arma de Fogo,Homicídio doloso,Campo grande,Campo Grande
25670551-2019,2019,Morte por Intervenção de Agente do Estado,Morte por intervenção de agente do Estado,Padre miguel,Padre Miguel
27549361-2019,2019,Morte por Intervenção de Agente do Estado,Morte por intervenção de agente do Estado,Pavuna,Pavuna
27981571-2019,2019,Homicídio Provocado por Projétil de Arma de Fogo,Homicídio doloso,Iraja,Irajá
70549652-2019,2019,Homicídio Provocado por Paulada,Homicídio doloso,Campo grande,Campo Grande
91035171-2019,2019,Homicídio Provocado por Projétil de Arma de Fogo,Homicídio doloso,Campo grande,Campo Grande
03673121-2019,2019,Homicídio (outros),Homicídio doloso,Anchieta,Anchieta
11254871-2019,2019,Homicídio Provocado por Projétil de Arma de Fogo,Homicídio doloso,Deodoro,Deodoro
55500232-2019,2019,Homicídio Provocado por Emprego de Arma Branca,Homicídio doloso,Cidade de deus,Cidade de Deus
74906861-2019,2019,Morte por Intervenção de Agente do Estado,Morte por intervenção de agente do Estado,Complexo do alemao,Complexo do Alemão
85575252-2019,2019,Morte por Intervenção de Agente do Estado,Morte por intervenção de agente do Estado,Anchieta,Anchieta
85575252-2019,2019,Morte por Intervenção de Agente do Estado,Morte por intervenção de agente do Estado,Anchieta,Anchieta
18632132-2019,2019,Homicídio Provocado por Projétil de Arma de Fogo,Homicídio doloso,Rocha,Rocha
29457582-2019,2019,Morte por Intervenção de Agente do Estado,Morte por intervenção de agente do Estado,Anil,Anil
37979851-2019,2019,Morte por Intervenção de Agente do Estado,Morte por intervenção de agente do Estado,"Ramos, complexo do alemao",Ramos
65042541-2019,2019,Roubo Seguido de Morte Provocado por Projétil de Arma de Fogo,Latrocínio (Roubo seguido de morte),Andarai,Andaraí
98744181-2019,2019,Homicídio Provocado por Projétil de Arma de Fogo,Homicídio doloso,Piedade,Piedade
06489551-2019,2019,Homicídio (outros),Homicídio doloso,Realengo,Realengo
16526171-2019,2019,Homicídio Provocado por Projétil de Arma de Fogo,Homicídio doloso,Iraja,Irajá
25048591-2019,2019,Homicídio Provocado por Projétil de Arma de Fogo,Homicídio doloso,Tijuca,Tijuca
80980201-2019,2019,Homicídio (outros),Homicídio doloso,Sao cristovao,São Cristóvão
90733791-2019,2019,Morte por Intervenção de Agente do Estado,Morte por intervenção de agente do Estado,Vila cosmos,Vila Kosmos
19848582-2019,2019,Homicídio Provocado por Projétil de Arma de Fogo,Homicídio doloso,Bangu,Bangu
39129631-2019,2019,Homicídio (outros),Homicídio doloso,Guadalupe,Guadalupe
54460091-2019,2019,Morte por Intervenção de Agente do Estado,Morte por intervenção de agente do Estado,Taua,Tauá
68652201-2019,2019,Roubo Seguido de Morte Provocado por Projétil de Arma de Fogo,Latrocínio (Roubo seguido de morte),Madureira,Madureira
85982941-2019,2019,"Lesão Corporal Seguida de Morte Provocada por Socos, Tapas ou Pontapés",Lesão corporal seguida de morte,Jardim america,Jardim América
91146171-2019,2019,Homicídio (outros),Homicídio doloso,Campo grande,Campo Grande
94774291-2019,2019,Homicídio Provocado por Projétil de Arma de Fogo,Homicídio doloso,Bangu,Bangu
58579841-2019,2019,Homicídio Provocado por Projétil de Arma de Fogo,Homicídio doloso,Santa cruz,Santa Cruz
81264431-2019,2019,Homicídio (outros),Homicídio doloso,Pavuna,Pavuna
91699381-2019,2019,Homicídio Provocado por Projétil de Arma de Fogo,Homicídio doloso,Vila militar,Vila Militar
19199871-2019,2019,Homicídio Provocado por Projétil de Arma de Fogo,Homicídio doloso,Bangu,Bangu
10993501-2019,2019,Homicídio Provocado por Projétil de Arma de Fogo,Homicídio doloso,Bonsucesso,Bonsucesso
52651831-2019,2019,Morte por Intervenção de Agente do Estado,Morte por intervenção de agente do Estado,Jardim america,Jardim América
64588371-2019,2019,Homicídio Provocado por Projétil de Arma de Fogo,Homicídio doloso,Realengo,Realengo
98837481-2019,2019,Homicídio Provocado por Projétil de Arma de Fogo,Homicídio doloso,Complexo do alemao,Complexo do Alemão
12895611-2019,2019,Homicídio (outros),Homicídio doloso,Pavuna,Pavuna
15313641-2019,2019,Homicídio Provocado por Projétil de Arma de Fogo,Homicídio doloso,Taquara,Taquara
54620351-2019,2019,Homicídio Provocado por Projétil de Arma de Fogo,Homicídio doloso,Centro,Centro
92812111-2019,2019,Homicídio Provocado por Projétil de Arma de Fogo,Homicídio doloso,Marechal hermes,Marechal Hermes
92812111-2019,2019,Homicídio Provocado por Projétil de Arma de Fogo,Homicídio doloso,Marechal hermes,Marechal Hermes
35560171-2019,2019,Homicídio Provocado por Emprego de Arma Branca,Homicídio doloso,Cachambi,Cachambi
02276201-2019,2019,Homicídio Provocado por Projétil de Arma de Fogo,Homicídio doloso,Bangu,Bangu
25159191-2019,2019,Homicídio (outros),Homicídio doloso,Pavuna,Pavuna
66725291-2019,2019,Homicídio Provocado por Projétil de Arma de Fogo,Homicídio doloso,Monero,Moneró
67444061-2019,2019,Homicídio Provocado por Projétil de Arma de Fogo,Homicídio doloso,Inhauma,Inhaúma
00547191-2019,2019,Homicídio Provocado por Projétil de Arma de Fogo,Homicídio doloso,Santissimo,Santíssimo
15900611-2019,2019,Morte por Intervenção de Agente do Estado,Morte por intervenção de agente do Estado,Acari,Acari
33706651-2019,2019,Homicídio Provocado por Projétil de Arma de Fogo,Homicídio doloso,Manguinhos,Manguinhos
37463481-2019,2019,Homicídio (outros),Homicídio doloso,Praca seca,Praça Seca
46612951-2019,2019,Homicídio Provocado por Projétil de Arma de Fogo,Homicídio doloso,Realengo,Realengo
64812661-2019,2019,Morte por Intervenção de Agente do Estado,Morte por intervenção de agente do Estado,Realengo,Realengo
64812661-2019,2019,Morte por Intervenção de Agente do Estado,Morte por intervenção de agente do Estado,Realengo,Realengo
73672641-2019,2019,Morte por Intervenção de Agente do Estado,Morte por intervenção de agente do Estado,Vidigal,Vidigal
28256841-2019,2019,Homicídio Provocado por Projétil de Arma de Fogo,Homicídio doloso,Andarai,Andaraí
41336341-2019,2019,Homicídio Provocado por Projétil de Arma de Fogo,Homicídio doloso,Rocinha,Rocinha
73070421-2019,2019,Morte por Intervenção de Agente do Estado,Morte por intervenção de agente do Estado,Penha circular,Penha Circular
73953711-2019,2019,Morte por Intervenção de Agente do Estado,Morte por intervenção de agente do Estado,Jacarepagua - taquara,Jacarepaguá
73953711-2019,2019,Morte por Intervenção de Agente do Estado,Morte por intervenção de agente do Estado,Jacarepagua - taquara,Jacarepaguá
19796351-2019,2019,Homicídio Provocado por Projétil de Arma de Fogo,Homicídio doloso,Jardim america,Jardim América
46508791-2019,2019,Homicídio Provocado por Projétil de Arma de Fogo,Homicídio doloso,Benfica,Benfica
49403991-2019,2019,Homicídio Provocado por Projétil de Arma de Fogo,Homicídio doloso,Gavea,Gávea
79817571-2019,2019,Homicídio Provocado por Emprego de Arma Branca,Homicídio doloso,Recreio,Recreio dos Bandeirantes
05048311-2019,2019,Homicídio Provocado por Projétil de Arma de Fogo,Homicídio doloso,Vila do joao,Maré
45646771-2019,2019,Morte por Intervenção de Agente do Estado,Morte por intervenção de agente do Estado,Quintino bocaiuva,Quintino Bocaiúva
45646771-2019,2019,Morte por Intervenção de Agente do Estado,Morte por intervenção de agente do Estado,Quintino bocaiuva,Quintino Bocaiúva
73670721-2019,2019,Homicídio (outros),Homicídio doloso,Bangu,Bangu
73762781-2019,2019,Morte por Intervenção de Agente do Estado,Morte por intervenção de agente do Estado,Pavuna,Pavuna
76834691-2019,2019,Morte por Intervenção de Agente do Estado,Morte por intervenção de agente do Estado,Tomas coelho,Tomás Coelho
76834691-2019,2019,Morte por Intervenção de Agente do Estado,Morte por intervenção de agente do Estado,Tomas coelho,Tomás Coelho
91692551-2019,2019,Morte por Intervenção de Agente do Estado,Morte por intervenção de agente do Estado,Barros filho,Barros Filho
07451241-2019,2019,Morte por Intervenção de Agente do Estado,Morte por intervenção de agente do Estado,Benfica,Benfica
16792351-2019,2019,Morte por Intervenção de Agente do Estado,Morte por intervenção de agente do Estado,Rocinha,Rocinha
32793121-2019,2019,Homicídio Provocado por Projétil de Arma de Fogo,Homicídio doloso,Praca seca,Praça Seca
32793121-2019,2019,Homicídio Provocado por Projétil de Arma de Fogo,Homicídio doloso,Praca seca,Praça Seca
40197321-2019,2019,Homicídio Provocado por Emprego de Arma Branca,Homicídio doloso,Centro,Centro
43503911-2019,2019,Homicídio Provocado por Projétil de Arma de Fogo,Homicídio doloso,Vila isabel,Vila Isabel
44216191-2019,2019,Morte por Intervenção de Agente do Estado,Morte por intervenção de agente do Estado,Pitangueiras,Pitangueiras
63336931-2019,2019,Homicídio Provocado por Projétil de Arma de Fogo,Homicídio doloso,Realengo,Realengo
99679391-2019,2019,Morte por Intervenção de Agente do Estado,Morte por intervenção de agente do Estado,Realengo,Realengo
99897971-2019,2019,Homicídio Provocado por Projétil de Arma de Fogo,Homicídio doloso,Bras de pina,Brás de Pina
35740701-2019,2019,Morte por Intervenção de Agente do Estado,Morte por intervenção de agente do Estado,Santo cristo,Santo Cristo
10218871-2019,2019,Homicídio Provocado por Projétil de Arma de Fogo,Homicídio doloso,Bangu,Bangu
11964441-2019,2019,Homicídio Provocado por Projétil de Arma de Fogo,Homicídio doloso,Bangu/vila kennedy,Bangu
48704031-2019,2019,Morte por Intervenção de Agente do Estado,Morte por intervenção de agente do Estado,Bangu,Bangu
71827661-2019,2019,Morte por Intervenção de Agente do Estado,Morte por intervenção de agente do Estado,Vila kennedy,Bangu
83192431-2019,2019,Roubo Seguido de Morte Provocado por Projétil de Arma de Fogo,Latrocínio (Roubo seguido de morte),Centro,Centro
89540501-2019,2019,Homicídio Provocado por Projétil de Arma de Fogo,Homicídio doloso,Padre miguel,Padre Miguel
76327581-2019,2019,Homicídio Provocado por Projétil de Arma de Fogo,Homicídio doloso,Colegio,Colégio
82511921-2019,2019,Morte por Intervenção de Agente do Estado,Morte por intervenção de agente do Estado,Cavalcante,Cavalcanti
97057191-2019,2019,Morte por Intervenção de Agente do Estado,Morte por intervenção de agente do Estado,Vigario geral,Vigário Geral
02466731-2019,2019,Morte por Intervenção de Agente do Estado,Morte por intervenção de agente do Estado,Bangu,Bangu
13496661-2019,2019,Morte por Intervenção de Agente do Estado,Morte por intervenção de agente do Estado,Praca seca,Praça Seca
63179151-2019,2019,Morte por Intervenção de Agente do Estado,Morte por intervenção de agente do Estado,Vidigal,Vidigal
91624201-2019,2019,Morte por Intervenção de Agente do Estado,Morte por intervenção de agente do Estado,Praca seca,Praça Seca
91624201-2019,2019,Morte por Intervenção de Agente do Estado,Morte por intervenção de agente do Estado,Praca seca,Praça Seca
16193671-2019,2019,Homicídio Provocado por Projétil de Arma de Fogo,Homicídio doloso,Tanque,Tanque
38625141-2019,2019,Homicídio Provocado por Projétil de Arma de Fogo,Homicídio doloso,Madureira,Madureira
39882051-2019,2019,Morte por Intervenção de Agente do Estado,Morte por intervenção de agente do Estado,Realengo,Realengo
50861691-2019,2019,Homicídio Provocado por Projétil de Arma de Fogo,Homicídio doloso,Penha circular,Penha Circular
50861691-2019,2019,Homicídio Provocado por Projétil de Arma de Fogo,Homicídio doloso,Penha circular,Penha Circular
73484461-2019,2019,Homicídio Provocado por Projétil de Arma de Fogo,Homicídio doloso,Cachambi,Cachambi
78742761-2019,2019,Homicídio (outros),Homicídio doloso,Engenheiro leal,Engenheiro Leal
29993231-2019,2019,Homicídio (outros),Homicídio doloso,Realengo,Realengo
45433011-2019,2019,Morte por Intervenção de Agente do Estado,Morte por intervenção de agente do Estado,Tomas coelho,Tomás Coelho
56043071-2019,2019,Homicídio Provocado por Projétil de Arma de Fogo,Homicídio doloso,Campo grande,Campo Grande
97070351-2019,2019,Homicídio Provocado por Projétil de Arma de Fogo,Homicídio doloso,Guaratiba,Guaratiba
63616821-2019,2019,Morte por Intervenção de Agente do Estado,Morte por intervenção de agente do Estado,Agua santa,Água Santa
63616821-2019,2019,Morte por Intervenção de Agente do Estado,Morte por intervenção de agente do Estado,Agua santa,Água Santa
63616821-2019,2019,Morte por Intervenção de Agente do Estado,Morte por intervenção de agente do Estado,Agua santa,Água Santa
81667231-2019,2019,Homicídio (outros),Homicídio doloso,Bangu,Bangu
18507331-2019,2019,Homicídio Provocado por Projétil de Arma de Fogo,Homicídio doloso,Senador camara,Senador Camará
42289651-2019,2019,Morte por Intervenção de Agente do Estado,Morte por intervenção de agente do Estado,Cidade de deus,Cidade de Deus
42289651-2019,2019,Morte por Intervenção de Agente do Estado,Morte por intervenção de agente do Estado,Cidade de deus,Cidade de Deus
48165931-2019,2019,Homicídio Provocado por Projétil de Arma de Fogo,Homicídio doloso,Bras de pina,Brás de Pina
64112171-2019,2019,Homicídio (outros),Homicídio doloso,Vila kennedy - bangu,Bangu
65632931-2019,2019,Homicídio (outros),Homicídio doloso,Bangu,Bangu
78640711-2019,2019,Morte por Intervenção de Agente do Estado,Morte por intervenção de agente do Estado,Senador camara,Senador Camará
25869421-2019,2019,Homicídio Provocado por Projétil de Arma de Fogo,Homicídio doloso,Cordovil,Cordovil
59825631-2019,2019,Morte por Intervenção de Agente do Estado,Morte por intervenção de agente do Estado,Cordovil,Cordovil
84241431-2019,2019,Morte por Intervenção de Agente do Estado,Morte por intervenção de agente do Estado,Vigario geral,Vigário Geral
46635261-2019,2019,Homicídio Provocado por Projétil de Arma de Fogo,Homicídio doloso,Estacio,Estácio
75474981-2019,2019,Morte por Intervenção de Agente do Estado,Morte por intervenção de agente do Estado,Costa barros,Costa Barros
11048491-2019,2019,Lesão Corporal Seguida de Morte (outros),Lesão corporal seguida de morte,Penha,Penha
24976351-2019,2019,Homicídio Provocado por Projétil de Arma de Fogo,Homicídio doloso,Guadalupe,Guadalupe
42259311-2019,2019,Homicídio Provocado por Projétil de Arma de Fogo,Homicídio doloso,Parque anchieta,Parque Anchieta
35357281-2019,2019,Homicídio Provocado por Projétil de Arma de Fogo,Homicídio doloso,Rio comprido,Rio Comprido
40260431-2019,2019,Morte por Intervenção de Agente do Estado,Morte por intervenção de agente do Estado,Tijuca,Tijuca
51939022-2019,2019,Homicídio Provocado por Projétil de Arma de Fogo,Homicídio doloso,Botafogo,Botafogo
59234762-2019,2019,Morte por Intervenção de Agente do Estado,Morte por intervenção de agente do Estado,Padre miguel,Padre Miguel
20813991-2019,2019,Homicídio Provocado por Projétil de Arma de Fogo,Homicídio doloso,Taquara,Taquara
26982801-2019,2019,Morte por Intervenção de Agente do Estado,Morte por intervenção de agente do Estado,Botafogo,Botafogo
28816101-2019,2019,Morte por Intervenção de Agente do Estado,Morte por intervenção de agente do Estado,Bangu,Bangu
37785481-2019,2019,Homicídio (outros),Homicídio doloso,Del castilho,Del Castilho
00751931-2019,2019,Lesão Corporal Seguida de Morte (outros),Lesão corporal seguida de morte,Copacabana,Copacabana
04310861-2019,2019,Homicídio Provocado por Projétil de Arma de Fogo,Homicídio doloso,Iraja,Irajá
28511081-2019,2019,Morte por Intervenção de Agente do Estado,Morte por intervenção de agente do Estado,Parada de lucas,Parada de Lucas
28511081-2019,2019,Morte por Intervenção de Agente do Estado,Morte por intervenção de agente do Estado,Parada de lucas,Parada de Lucas
60853951-2019,2019,Homicídio Provocado por Projétil de Arma de Fogo,Homicídio doloso,Leblon,Leblon
68870961-2019,2019,Homicídio Provocado por Projétil de Arma de Fogo,Homicídio doloso,Jardim america,Jardim América
80974751-2019,2019,Morte por Intervenção de Agente do Estado,Morte por intervenção de agente do Estado,Penha,Penha
84837701-2019,2019,Roubo Seguido de Morte Provocado por Projétil de Arma de Fogo,Latrocínio (Roubo seguido de morte),Vicente de carvalho,Vicente de Carvalho
85126201-2019,2019,Morte por Intervenção de Agente do Estado,Morte por intervenção de agente do Estado,Bangu,Bangu
85126201-2019,2019,Morte por Intervenção de Agente do Estado,Morte por intervenção de agente do Estado,Bangu,Bangu
87963611-2019,2019,Roubo Seguido de Morte Provocado por Projétil de Arma de Fogo,Latrocínio (Roubo seguido de morte),Jardim america,Jardim América
88120831-2019,2019,Homicídio Provocado por Projétil de Arma de Fogo,Homicídio doloso,Mare,Maré
88120831-2019,2019,Morte por Intervenção de Agente do Estado,Morte por intervenção de agente do Estado,Mare,Maré
23398411-2019,2019,Homicídio Provocado por Projétil de Arma de Fogo,Homicídio doloso,Vicente carvalho,Vicente de Carvalho
23404331-2019,2019,Homicídio Provocado por Projétil de Arma de Fogo,Homicídio doloso,Anil,Anil
25706031-2019,2019,Homicídio Provocado por Paulada,Homicídio doloso,Lins de vasconcellos,Lins de Vasconcelos
31483991-2019,2019,Homicídio Provocado por Projétil de Arma de Fogo,Homicídio doloso,Santa tereza,Santa Teresa
35626311-2019,2019,Homicídio (outros),Homicídio doloso,Deodoro,Deodoro
71677121-2019,2019,Homicídio (outros),Homicídio doloso,Olaria,Olaria
06895831-2019,2019,Morte por Intervenção de Agente do Estado,Morte por intervenção de agente do Estado,Comunidade rebu-senador camara,Senador Camará
10886731-2019,2019,Homicídio Provocado por Projétil de Arma de Fogo,Homicídio doloso,Costa barros,Costa Barros
13432021-2019,2019,Morte por Intervenção de Agente do Estado,Morte por intervenção de agente do Estado,Tubiacanga - ilha do governado,Galeão
19475691-2019,2019,Morte por Intervenção de Agente do Estado,Morte por intervenção de agente do Estado,Senador camara,Senador Camará
63963211-2019,2019,Morte por Intervenção de Agente do Estado,Morte por intervenção de agente do Estado,Campo grande,Campo Grande
84621981-2019,2019,Homicídio Provocado por Projétil de Arma de Fogo,Homicídio doloso,Gardenia azul,Gardênia Azul
09683361-2019,2019,Homicídio Provocado por Projétil de Arma de Fogo,Homicídio doloso,Barros filho,Barros Filho
40864251-2019,2019,Homicídio (outros),Homicídio doloso,Catumbi,Catumbi
09002101-2019,2019,Homicídio Provocado por Projétil de Arma de Fogo,Homicídio doloso,Itanhanga,Itanhangá
12866241-2019,2019,Homicídio Provocado por Projétil de Arma de Fogo,Homicídio doloso,Realengo,Realengo
58133441-2019,2019,Morte por Intervenção de Agente do Estado,Morte por intervenção de agente do Estado,Penha circular,Penha Circular
58133441-2019,2019,Morte por Intervenção de Agente do Estado,Morte por intervenção de agente do Estado,Penha circular,Penha Circular
58133441-2019,2019,Morte por Intervenção de Agente do Estado,Morte por intervenção de agente do Estado,Penha circular,Penha Circular
75450681-2019,2019,Homicídio Provocado por Projétil de Arma de Fogo,Homicídio doloso,Engenheiro leal,Engenheiro Leal
43118391-2019,2019,Homicídio (outros),Homicídio doloso,Lins e vasconcelos,Lins de Vasconcelos
68696551-2019,2019,Morte por Intervenção de Agente do Estado,Morte por intervenção de agente do Estado,Engenho novo,Engenho Novo
92341701-2019,2019,Roubo Seguido de Morte Provocado por Projétil de Arma de Fogo,Latrocínio (Roubo seguido de morte),Bento ribeiro,Bento Ribeiro
96025121-2019,2019,Homicídio Provocado por Projétil de Arma de Fogo,Homicídio doloso,Acari,Acari
99034721-2019,2019,Homicídio Provocado por Projétil de Arma de Fogo,Homicídio doloso,Lins de vasconcellos,Lins de Vasconcelos
04054111-2019,2019,Morte por Intervenção de Agente do Estado,Morte por intervenção de agente do Estado,Engenho da rainha,Engenho da Rainha
19026251-2019,2019,Homicídio Provocado por Projétil de Arma de Fogo,Homicídio doloso,Campo grande,Campo Grande
19026251-2019,2019,Homicídio Provocado por Projétil de Arma de Fogo,Homicídio doloso,Campo grande,Campo Grande
54247511-2019,2019,Morte por Intervenção de Agente do Estado,Morte por intervenção de agente do Estado,Comunidade santa maria,Taquara
54247511-2019,2019,Morte por Intervenção de Agente do Estado,Morte por intervenção de agente do Estado,Comunidade santa maria,Taquara
54247511-2019,2019,Morte por Intervenção de Agente do Estado,Morte por intervenção de agente do Estado,Comunidade santa maria,Taquara
91433961-2019,2019,Morte por Intervenção de Agente do Estado,Morte por intervenção de agente do Estado,Cidade de deus,Cidade de Deus
45560741-2019,2019,Homicídio (outros),Homicídio doloso,Jacarepagua,Jacarepaguá
65982701-2019,2019,Morte por Intervenção de Agente do Estado,Morte por intervenção de agente do Estado,Costa barros,Costa Barros
05911241-2019,2019,Roubo Seguido de Morte Provocado por Projétil de Arma de Fogo,Latrocínio (Roubo seguido de morte),Barros filho,Barros Filho
50908391-2019,2019,Homicídio Provocado por Projétil de Arma de Fogo,Homicídio doloso,Rocha miranda,Rocha Miranda
58607551-2019,2019,Homicídio (outros),Homicídio doloso,Cordovil,Cordovil
89781971-2019,2019,Homicídio (outros),Homicídio doloso,Manguinhos,Manguinhos
37140531-2019,2019,Homicídio Provocado por Projétil de Arma de Fogo,Homicídio doloso,Bangu,Bangu
49012101-2019,2019,Morte por Intervenção de Agente do Estado,Morte por intervenção de agente do Estado,Pavuna,Pavuna
54300181-2019,2019,Homicídio Provocado por Projétil de Arma de Fogo,Homicídio doloso,Engenho da rainha,Engenho da Rainha
65855431-2019,2019,Homicídio Provocado por Projétil de Arma de Fogo,Homicídio doloso,Magalhaes bastos,Magalhães Bastos
84446271-2019,2019,Morte por Intervenção de Agente do Estado,Morte por intervenção de agente do Estado,Guadalupe,Guadalupe
96129061-2019,2019,Morte por Intervenção de Agente do Estado,Morte por intervenção de agente do Estado,Vila isabel,Vila Isabel
24556961-2019,2019,Homicídio Provocado por Projétil de Arma de Fogo,Homicídio doloso,Engenho da rainha,Engenho da Rainha
49877392-2019,2019,Homicídio Provocado por Emprego de Arma Branca,Homicídio doloso,Praca seca,Praça Seca
56279881-2019,2019,Homicídio Provocado por Projétil de Arma de Fogo,Homicídio doloso,Bangu,Bangu
77652541-2019,2019,Homicídio Provocado por Projétil de Arma de Fogo,Homicídio doloso,Engenho novo,Engenho Novo
42353621-2019,2019,Homicídio Provocado por Projétil de Arma de Fogo,Homicídio doloso,Deodoro,Deodoro
42353621-2019,2019,Homicídio Provocado por Projétil de Arma de Fogo,Homicídio doloso,Deodoro,Deodoro
63647691-2019,2019,Morte por Intervenção de Agente do Estado,Morte por intervenção de agente do Estado,Costa barros,Costa Barros
17626931-2019,2019,Morte por Intervenção de Agente do Estado,Morte por intervenção de agente do Estado,Vicente de carvalho,Vicente de Carvalho
17626931-2019,2019,Morte por Intervenção de Agente do Estado,Morte por intervenção de agente do Estado,Vicente de carvalho,Vicente de Carvalho
62863461-2019,2019,Homicídio Provocado por Projétil de Arma de Fogo,Homicídio doloso,Guadalupe,Guadalupe
66589051-2019,2019,Homicídio Provocado por Projétil de Arma de Fogo,Homicídio doloso,Campo grande,Campo Grande
88477141-2019,2019,Homicídio Provocado por Projétil de Arma de Fogo,Homicídio doloso,Cavalcanti,Cavalcanti
05747292-2019,2019,Homicídio Provocado por Projétil de Arma de Fogo,Homicídio doloso,Costa barros,Costa Barros
19178171-2019,2019,Homicídio Provocado por Projétil de Arma de Fogo,Homicídio doloso,Tanque,Tanque
19178171-2019,2019,Homicídio Provocado por Projétil de Arma de Fogo,Homicídio doloso,Tanque,Tanque
39360721-2019,2019,Homicídio Provocado por Emprego de Arma Branca,Homicídio doloso,Campo grande,Campo Grande
39360721-2019,2019,Homicídio Provocado por Emprego de Arma Branca,Homicídio doloso,Campo grande,Campo Grande
59317851-2019,2019,Homicídio Provocado por Projétil de Arma de Fogo,Homicídio doloso,Colegio,Colégio
69267271-2019,2019,Homicídio Provocado por Projétil de Arma de Fogo,Homicídio doloso,Vicente de carvalho,Vicente de Carvalho
03957151-2019,2019,Homicídio Provocado por Projétil de Arma de Fogo,Homicídio doloso,Del castilho,Del Castilho
16833871-2019,2019,Morte por Intervenção de Agente do Estado,Morte por intervenção de agente do Estado,Pilares,Pilares
37508791-2019,2019,Homicídio Provocado por Projétil de Arma de Fogo,Homicídio doloso,Pilares,Pilares
43450521-2019,2019,Homicídio Provocado por Projétil de Arma de Fogo,Homicídio doloso,Pilares,Pilares
46678381-2019,2019,Homicídio Provocado por Projétil de Arma de Fogo,Homicídio doloso,Santissimo,Santíssimo
76613311-2019,2019,Morte por Intervenção de Agente do Estado,Morte por intervenção de agente do Estado,Tanque,Tanque
86336121-2019,2019,Homicídio Provocado por Projétil de Arma de Fogo,Homicídio doloso,Praca seca,Praça Seca
86336121-2019,2019,Homicídio Provocado por Projétil de Arma de Fogo,Homicídio doloso,Praca seca,Praça Seca
86831261-2019,2019,Homicídio Provocado por Projétil de Arma de Fogo,Homicídio doloso,Engenheiro leal,Engenheiro Leal
90991391-2019,2019,Homicídio Provocado por Projétil de Arma de Fogo,Homicídio doloso,Lins de vasconcelos,Lins de Vasconcelos
07953381-2019,2019,Morte por Intervenção de Agente do Estado,Morte por intervenção de agente do Estado,Santo cristo,Santo Cristo
23044631-2019,2019,Homicídio (outros),Homicídio doloso,Jardim guanabara,Jardim Guanabara
58320291-2019,2019,Morte por Intervenção de Agente do Estado,Morte por intervenção de agente do Estado,Acari,Acari
01565641-2019,2019,Morte por Intervenção de Agente do Estado,Morte por intervenção de agente do Estado,Campo grande,Campo Grande
36879211-2019,2019,Morte por Intervenção de Agente do Estado,Morte por intervenção de agente do Estado,Engenho da rainha,Engenho da Rainha
74315821-2019,2019,Homicídio (outros),Homicídio doloso,Santa cruz,Santa Cruz
94309991-2019,2019,Homicídio (outros),Homicídio doloso,Itanhanga,Itanhangá
94309991-2019,2019,Homicídio (outros),Homicídio doloso,Itanhanga,Itanhangá
94309991-2019,2019,Homicídio (outros),Homicídio doloso,Itanhanga,Itanhangá
94309991-2019,2019,Homicídio (outros),Homicídio doloso,Itanhanga,Itanhangá
94309991-2019,2019,Homicídio (outros),Homicídio doloso,Itanhanga,Itanhangá
94309991-2019,2019,Homicídio (outros),Homicídio doloso,Itanhanga,Itanhangá
94309991-2019,2019,Homicídio (outros),Homicídio doloso,Itanhanga,Itanhangá
94309991-2019,2019,Homicídio (outros),Homicídio doloso,Itanhanga,Itanhangá
94309991-2019,2019,Homicídio (outros),Homicídio doloso,Itanhanga,Itanhangá
94309991-2019,2019,Homicídio (outros),Homicídio doloso,Itanhanga,Itanhangá
94309991-2019,2019,Homicídio (outros),Homicídio doloso,Itanhanga,Itanhangá
94309991-2019,2019,Homicídio (outros),Homicídio doloso,Itanhanga,Itanhangá
94309991-2019,2019,Homicídio (outros),Homicídio doloso,Itanhanga,Itanhangá
94309991-2019,2019,Homicídio (outros),Homicídio doloso,Itanhanga,Itanhangá
14585791-2019,2019,Homicídio Provocado por Projétil de Arma de Fogo,Homicídio doloso,Rocha miranda,Rocha Miranda
59297731-2019,2019,Homicídio Provocado por Projétil de Arma de Fogo,Homicídio doloso,Anchieta,Anchieta
74477221-2019,2019,Morte por Intervenção de Agente do Estado,Morte por intervenção de agente do Estado,Agua santa,Água Santa
03770101-2019,2019,Homicídio Provocado por Projétil de Arma de Fogo,Homicídio doloso,Guaratiba,Guaratiba
15673601-2019,2019,Homicídio Provocado por Projétil de Arma de Fogo,Homicídio doloso,Barra da tijuca,Barra da Tijuca
25784092-2019,2019,Homicídio Provocado por Projétil de Arma de Fogo,Homicídio doloso,Bonsucesso.,Bonsucesso
26045661-2019,2019,Homicídio Provocado por Asfixia,Homicídio doloso,Bangu,Bangu
37082881-2019,2019,Homicídio Provocado por Projétil de Arma de Fogo,Homicídio doloso,Costa barros,Costa Barros
65923741-2019,2019,Lesão Corporal Seguida de Morte (outros),Lesão corporal seguida de morte,Cidade nova,Cidade Nova
69131301-2019,2019,Morte por Intervenção de Agente do Estado,Morte por intervenção de agente do Estado,Praca seca,Praça Seca
54122111-2019,2019,Morte por Intervenção de Agente do Estado,Morte por intervenção de agente do Estado,Padre miguel,Padre Miguel
80378471-2019,2019,Morte por Intervenção de Agente do Estado,Morte por intervenção de agente do Estado,Madureira,Madureira
83927771-2019,2019,Homicídio Provocado por Projétil de Arma de Fogo,Homicídio doloso,Praca seca,Praça Seca
83927771-2019,2019,Homicídio Provocado por Projétil de Arma de Fogo,Homicídio doloso,Praca seca,Praça Seca
09041481-2019,2019,Morte por Intervenção de Agente do Estado,Morte por intervenção de agente do Estado,Leme,Leme
48346801-2019,2019,Homicídio (outros),Homicídio doloso,Rio das pedras,Itanhangá
50469121-2019,2019,Morte por Intervenção de Agente do Estado,Morte por intervenção de agente do Estado,Pavuna,Pavuna
27895512-2019,2019,Homicídio Provocado por Paulada,Homicídio doloso,Centro,Centro
31307351-2019,2019,Morte por Intervenção de Agente do Estado,Morte por intervenção de agente do Estado,Penha,Penha
39639641-2019,2019,Homicídio Provocado por Projétil de Arma de Fogo,Homicídio doloso,Honorio gurgel,Honório Gurgel
39639641-2019,2019,Homicídio Provocado por Projétil de Arma de Fogo,Homicídio doloso,Honorio gurgel,Honório Gurgel
76360231-2019,2019,Homicídio (outros),Homicídio doloso,Centro,Centro
91283231-2019,2019,Morte por Intervenção de Agente do Estado,Morte por intervenção de agente do Estado,Senador camara,Senador Camará
06126481-2019,2019,Morte por Intervenção de Agente do Estado,Morte por intervenção de agente do Estado,Penha,Penha
10910111-2019,2019,Morte por Intervenção de Agente do Estado,Morte por intervenção de agente do Estado,Lins de vasconcelos,Lins de Vasconcelos
77466181-2019,2019,Homicídio Provocado por Projétil de Arma de Fogo,Homicídio doloso,Honorio gurgel,Honório Gurgel
77466181-2019,2019,Homicídio Provocado por Projétil de Arma de Fogo,Homicídio doloso,Honorio gurgel,Honório Gurgel
98779471-2019,2019,Homicídio Provocado por Projétil de Arma de Fogo,Homicídio doloso,Honorio gurgel,Honório Gurgel
00470951-2019,2019,Morte por Intervenção de Agente do Estado,Morte por intervenção de agente do Estado,Complexo do alemao,Complexo do Alemão
26682771-2019,2019,Homicídio Provocado por Projétil de Arma de Fogo,Homicídio doloso,Recreio dos bandeirantes,Recreio dos Bandeirantes
57520671-2019,2019,Homicídio Provocado por Projétil de Arma de Fogo,Homicídio doloso,Senador camara,Senador Camará
89072871-2019,2019,Homicídio Provocado por Projétil de Arma de Fogo,Homicídio doloso,Praca seca,Praça Seca
03836001-2019,2019,Roubo Seguido de Morte Provocado por Projétil de Arma de Fogo,Latrocínio (Roubo seguido de morte),Bangu,Bangu
07881672-2019,2019,Homicídio Provocado por Projétil de Arma de Fogo,Homicídio doloso,Mare,Maré
14040931-2019,2019,Homicídio Provocado por Projétil de Arma de Fogo,Homicídio doloso,Pitangueiras,Pitangueiras
17803061-2019,2019,Homicídio (outros),Homicídio doloso,Pavuna,Pavuna
30490161-2019,2019,Morte por Intervenção de Agente do Estado,Morte por intervenção de agente do Estado,Pavuna.,Pavuna
66650521-2019,2019,Morte por Intervenção de Agente do Estado,Morte por intervenção de agente do Estado,Engenho novo,Engenho Novo
66650521-2019,2019,Morte por Intervenção de Agente do Estado,Morte por intervenção de agente do Estado,Engenho novo,Engenho Novo
75408261-2019,2019,Morte por Intervenção de Agente do Estado,Morte por intervenção de agente do Estado,Tijuca,Tijuca
14408271-2019,2019,Homicídio Provocado por Projétil de Arma de Fogo,Homicídio doloso,Guaratiba,Guaratiba
04264012-2019,2019,Morte por Intervenção de Agente do Estado,Morte por intervenção de agente do Estado,Vicente de carvalho,Vicente de Carvalho
39236331-2019,2019,Homicídio Provocado por Projétil de Arma de Fogo,Homicídio doloso,Vicente de carvalho,Vicente de Carvalho
67677671-2019,2019,Homicídio (outros),Homicídio doloso,Santa cruz,Santa Cruz
78353701-2019,2019,Morte por Intervenção de Agente do Estado,Morte por intervenção de agente do Estado,Realengo,Realengo
78353701-2019,2019,Morte por Intervenção de Agente do Estado,Morte por intervenção de agente do Estado,Realengo,Realengo
84784151-2019,2019,Homicídio Provocado por Projétil de Arma de Fogo,Homicídio doloso,Leblon,Leblon
20429201-2019,2019,Homicídio Provocado por Projétil de Arma de Fogo,Homicídio doloso,Pechincha,Pechincha
21941071-2019,2019,Homicídio Provocado por Projétil de Arma de Fogo,Homicídio doloso,Honorio gurgel,Honório Gurgel
21941071-2019,2019,Homicídio Provocado por Projétil de Arma de Fogo,Homicídio doloso,Honorio gurgel,Honório Gurgel
35161761-2019,2019,Homicídio Provocado por Projétil de Arma de Fogo,Homicídio doloso,Pavuna,Pavuna
56986331-2019,2019,Homicídio Provocado por Projétil de Arma de Fogo,Homicídio doloso,Santa cruz,Santa Cruz
57573741-2019,2019,Roubo Seguido de Morte Provocado por Projétil de Arma de Fogo,Latrocínio (Roubo seguido de morte),Cavalcante,Cavalcanti
69128121-2019,2019,Homicídio (outros),Homicídio doloso,Sepetiba,Sepetiba
78840161-2019,2019,Homicídio Provocado por Asfixia,Homicídio doloso,Santa cruz,Santa Cruz
27154731-2019,2019,Homicídio Provocado por Projétil de Arma de Fogo,Homicídio doloso,Bras de pina,Brás de Pina
44716621-2019,2019,Morte por Intervenção de Agente do Estado,Morte por intervenção de agente do Estado,Jacarepagua,Jacarepaguá
57854041-2019,2019,Homicídio Provocado por Projétil de Arma de Fogo,Homicídio doloso,Centro,Centro
58044381-2019,2019,Homicídio Provocado por Emprego de Arma Branca,Homicídio doloso,Rio das pedras/jacarepagua,Jacarepaguá
73532771-2019,2019,Homicídio (outros),Homicídio doloso,Santa cruz,Santa Cruz
89129541-2019,2019,Homicídio Provocado por Projétil de Arma de Fogo,Homicídio doloso,Gloria,Glória
00377001-2019,2019,Homicídio Provocado por Paulada,Homicídio doloso,Senador camara,Senador Camará
47394861-2019,2019,Homicídio Provocado por Projétil de Arma de Fogo,Homicídio doloso,Guaratiba,Guaratiba
70261081-2019,2019,Homicídio (outros),Homicídio doloso,Curicica,Curicica
81152981-2019,2019,Homicídio (outros),Homicídio doloso,Cidade nova,Cidade Nova
91644611-2019,2019,Morte por Intervenção de Agente do Estado,Morte por intervenção de agente do Estado,Del castilho,Del Castilho
18898251-2019,2019,Homicídio Provocado por Projétil de Arma de Fogo,Homicídio doloso,Campo grande,Campo Grande
53444211-2019,2019,Homicídio Provocado por Projétil de Arma de Fogo,Homicídio doloso,Bangu,Bangu
66088321-2019,2019,Morte por Intervenção de Agente do Estado,Morte por intervenção de agente do Estado,Guadalupe,Guadalupe
80342141-2019,2019,Homicídio Provocado por Projétil de Arma de Fogo,Homicídio doloso,Deodoro,Deodoro
97515671-2019,2019,Homicídio Provocado por Projétil de Arma de Fogo,Homicídio doloso,Coelho neto,Coelho Neto
63194451-2019,2019,Homicídio Provocado por Projétil de Arma de Fogo,Homicídio doloso,Padre miguel,Padre Miguel
04622501-2019,2019,Morte por Intervenção de Agente do Estado,Morte por intervenção de agente do Estado,Bangu,Bangu
16605891-2019,2019,Homicídio (outros),Homicídio doloso,Benfica,Benfica
14961911-2019,2019,Homicídio (outros),Homicídio doloso,Marechal hermes,Marechal Hermes
21197252-2019,2019,Morte por Intervenção de Agente do Estado,Morte por intervenção de agente do Estado,Inhauma,Inhaúma
26275261-2019,2019,Homicídio (outros),Homicídio doloso,Madureira,Madureira
28577491-2019,2019,Morte por Intervenção de Agente do Estado,Morte por intervenção de agente do Estado,Cosmos,Cosmos
51599551-2019,2019,Roubo Seguido de Morte Provocado por Arma Branca,Latrocínio (Roubo seguido de morte),Recreio dos bandeirantes,Recreio dos Bandeirantes
73953821-2019,2019,Morte por Intervenção de Agente do Estado,Morte por intervenção de agente do Estado,Bangu,Bangu
83375701-2019,2019,Morte por Intervenção de Agente do Estado,Morte por intervenção de agente do Estado,Engenho de dentro,Engenho de Dentro
11969601-2019,2019,Morte por Intervenção de Agente do Estado,Morte por intervenção de agente do Estado,Bangu,Bangu
40043521-2019,2019,Homicídio Provocado por Projétil de Arma de Fogo,Homicídio doloso,Madureira,Madureira
54124771-2019,2019,Morte por Intervenção de Agente do Estado,Morte por intervenção de agente do Estado,Pavuna,Pavuna
63737391-2019,2019,Homicídio Provocado por Projétil de Arma de Fogo,Homicídio doloso,Cidade de deus,Cidade de Deus
72290181-2019,2019,Homicídio Provocado por Projétil de Arma de Fogo,Homicídio doloso,Lins vasconselos,Lins de Vasconcelos
83480911-2019,2019,Homicídio Provocado por Projétil de Arma de Fogo,Homicídio doloso,Lins de vasconcelos,Lins de Vasconcelos
15474861-2019,2019,Morte por Intervenção de Agente do Estado,Morte por intervenção de agente do Estado,Costa barros,Costa Barros
28775481-2019,2019,Homicídio Provocado por Projétil de Arma de Fogo,Homicídio doloso,Bangu,Bangu
36235231-2019,2019,Morte por Intervenção de Agente do Estado,Morte por intervenção de agente do Estado,Tijuca,Tijuca
36235231-2019,2019,Morte por Intervenção de Agente do Estado,Morte por intervenção de agente do Estado,Tijuca,Tijuca
36235231-2019,2019,Morte por Intervenção de Agente do Estado,Morte por intervenção de agente do Estado,Tijuca,Tijuca
36235231-2019,2019,Morte por Intervenção de Agente do Estado,Morte por intervenção de agente do Estado,Tijuca,Tijuca
78836391-2019,2019,Morte por Intervenção de Agente do Estado,Morte por intervenção de agente do Estado,Magalhaes bastos,Magalhães Bastos
78836391-2019,2019,Morte por Intervenção de Agente do Estado,Morte por intervenção de agente do Estado,Magalhaes bastos,Magalhães Bastos
78836391-2019,2019,Morte por Intervenção de Agente do Estado,Morte por intervenção de agente do Estado,Magalhaes bastos,Magalhães Bastos
04584591-2019,2019,Homicídio (outros),Homicídio doloso,Ilha do fundao,Cidade Universitária
04584591-2019,2019,Homicídio (outros),Homicídio doloso,Ilha do fundao,Cidade Universitária
41706811-2019,2019,Homicídio Provocado por Projétil de Arma de Fogo,Homicídio doloso,Fazenda botafogo,Coelho Neto
50779081-2019,2019,Morte por Intervenção de Agente do Estado,Morte por intervenção de agente do Estado,Engenheiro leal,Engenheiro Leal
56497791-2019,2019,Morte por Intervenção de Agente do Estado,Morte por intervenção de agente do Estado,Madureira,Madureira
84156201-2019,2019,Homicídio Provocado por Projétil de Arma de Fogo,Homicídio doloso,Flamengo,Flamengo
86824601-2019,2019,Homicídio Provocado por Projétil de Arma de Fogo,Homicídio doloso,Bangu,Bangu
11293551-2019,2019,Homicídio Provocado por Emprego de Arma Branca,Homicídio doloso,"Areinha, rio das pedras",Itanhangá
19141271-2019,2019,Homicídio Provocado por Projétil de Arma de Fogo,Homicídio doloso,Penha circular,Penha Circular
23335521-2019,2019,Homicídio Provocado por Projétil de Arma de Fogo,Homicídio doloso,Iraja,Irajá
31963171-2019,2019,Homicídio Provocado por Projétil de Arma de Fogo,Homicídio doloso,Realengo,Realengo
46331881-2019,2019,Homicídio Provocado por Projétil de Arma de Fogo,Homicídio doloso,Cavalcanti,Cavalcanti
50722221-2019,2019,Homicídio Provocado por Projétil de Arma de Fogo,Homicídio doloso,Madureira,Madureira
90666441-2019,2019,Homicídio (outros),Homicídio doloso,Iraja,Irajá
10386001-2019,2019,Morte por Intervenção de Agente do Estado,Morte por intervenção de agente do Estado,Manguinhos,Manguinhos
10386001-2019,2019,Morte por Intervenção de Agente do Estado,Morte por intervenção de agente do Estado,Manguinhos,Manguinhos
10386001-2019,2019,Morte por Intervenção de Agente do Estado,Morte por intervenção de agente do Estado,Manguinhos,Manguinhos
10386001-2019,2019,Morte por Intervenção de Agente do Estado,Morte por intervenção de agente do Estado,Manguinhos,Manguinhos
18273731-2019,2019,Homicídio Provocado por Projétil de Arma de Fogo,Homicídio doloso,Iraja,Irajá
19552291-2019,2019,Homicídio Provocado por Projétil de Arma de Fogo,Homicídio doloso,Rocinha,Rocinha
24344001-2019,2019,Morte por Intervenção de Agente do Estado,Morte por intervenção de agente do Estado,Gavia,Gávea
30032671-2019,2019,Homicídio Provocado por Projétil de Arma de Fogo,Homicídio doloso,Favela do jordao,Tanque
31678641-2019,2019,Morte por Intervenção de Agente do Estado,Morte por intervenção de agente do Estado,Tomas coelho,Tomás Coelho
66937471-2019,2019,Homicídio Provocado por Projétil de Arma de Fogo,Homicídio doloso,Pavuna,Pavuna
72114531-2019,2019,Homicídio Provocado por Projétil de Arma de Fogo,Homicídio doloso,Santa cruz,Santa Cruz
73630271-2019,2019,Morte por Intervenção de Agente do Estado,Morte por intervenção de agente do Estado,Pilares,Pilares
82394121-2019,2019,Homicídio (outros),Homicídio doloso,Botafogo,Botafogo
02435901-2019,2019,Homicídio Provocado por Projétil de Arma de Fogo,Homicídio doloso,Realengo,Realengo
35156471-2019,2019,Homicídio Provocado por Projétil de Arma de Fogo,Homicídio doloso,Paciencia,Paciência
86973301-2019,2019,Homicídio Provocado por Projétil de Arma de Fogo,Homicídio doloso,Santa cruz,Santa Cruz
31432011-2019,2019,Homicídio Provocado por Projétil de Arma de Fogo,Homicídio doloso,Cidade nova,Cidade Nova
40841902-2019,2019,Homicídio (outros),Homicídio doloso,Inhauma,Inhaúma
71670171-2019,2019,Homicídio (outros),Homicídio doloso,Iraja,Irajá
90396341-2019,2019,Morte por Intervenção de Agente do Estado,Morte por intervenção de agente do Estado,Penha circular,Penha Circular
56946061-2019,2019,Homicídio Provocado por Projétil de Arma de Fogo,Homicídio doloso,Realengo,Realengo
62191531-2019,2019,Morte por Intervenção de Agente do Estado,Morte por intervenção de agente do Estado,Engenho novo,Engenho Novo
07175581-2019,2019,Morte por Intervenção de Agente do Estado,Morte por intervenção de agente do Estado,Guadalupe,Guadalupe
18545891-2019,2019,Morte por Intervenção de Agente do Estado,Morte por intervenção de agente do Estado,Vicente de carvalho,Vicente de Carvalho
35502781-2019,2019,Morte por Intervenção de Agente do Estado,Morte por intervenção de agente do Estado,Complexo do alemao,Complexo do Alemão
35502781-2019,2019,Morte por Intervenção de Agente do Estado,Morte por intervenção de agente do Estado,Complexo do alemao,Complexo do Alemão
63845361-2019,2019,Homicídio Provocado por Projétil de Arma de Fogo,Homicídio doloso,Recreio dos bandeirantes,Recreio dos Bandeirantes
69713651-2019,2019,Homicídio Provocado por Projétil de Arma de Fogo,Homicídio doloso,Bangu,Bangu
74294391-2019,2019,Homicídio Provocado por Projétil de Arma de Fogo,Homicídio doloso,Freguesia (ilha do governador),Freguesia (Ilha do Governador)
75582141-2019,2019,Morte por Intervenção de Agente do Estado,Morte por intervenção de agente do Estado,Sampaio,Sampaio
84373361-2019,2019,Roubo Seguido de Morte Provocado por Projétil de Arma de Fogo,Latrocínio (Roubo seguido de morte),Maracana,Maracanã
89262721-2019,2019,Morte por Intervenção de Agente do Estado,Morte por intervenção de agente do Estado,Bangu,Bangu
08074391-2019,2019,Homicídio Provocado por Projétil de Arma de Fogo,Homicídio doloso,Gardenia,Gardênia Azul
18272731-2019,2019,Homicídio Provocado por Projétil de Arma de Fogo,Homicídio doloso,Costa barros,Costa Barros
44143421-2019,2019,Homicídio (outros),Homicídio doloso,Senador camara,Senador Camará
71317031-2019,2019,Homicídio Provocado por Projétil de Arma de Fogo,Homicídio doloso,Manguinho,Manguinhos
11203541-2019,2019,Homicídio Provocado por Projétil de Arma de Fogo,Homicídio doloso,Realengo,Realengo
22706531-2019,2019,Homicídio Provocado por Projétil de Arma de Fogo,Homicídio doloso,Tanque/ jacarepagua,Tanque
23735761-2019,2019,Morte por Intervenção de Agente do Estado,Morte por intervenção de agente do Estado,Honorio gurgel,Honório Gurgel
60871281-2019,2019,Morte por Intervenção de Agente do Estado,Morte por intervenção de agente do Estado,Vidigal,Vidigal
60871281-2019,2019,Morte por Intervenção de Agente do Estado,Morte por intervenção de agente do Estado,Vidigal,Vidigal
60871281-2019,2019,Morte por Intervenção de Agente do Estado,Morte por intervenção de agente do Estado,Vidigal,Vidigal
07843481-2019,2019,Morte por Intervenção de Agente do Estado,Morte por intervenção de agente do Estado,Penha,Penha
25193991-2019,2019,Homicídio Provocado por Projétil de Arma de Fogo,Homicídio doloso,Engenho da rainha,Engenho da Rainha
66987531-2019,2019,Homicídio Provocado por Emprego de Arma Branca,Homicídio doloso,Bonsucesso,Bonsucesso
71384121-2019,2019,Homicídio Provocado por Emprego de Arma Branca,Homicídio doloso,Galeao,Galeão
71384121-2019,2019,Homicídio Provocado por Emprego de Arma Branca,Homicídio doloso,Galeao,Galeão
73123331-2019,2019,Homicídio (outros),Homicídio doloso,Vicente de carvalho,Vicente de Carvalho
98426701-2019,2019,Homicídio Provocado por Projétil de Arma de Fogo,Homicídio doloso,Cidade de deus,Cidade de Deus
21544701-2019,2019,Homicídio Provocado por Paulada,Homicídio doloso,Senador vasconcelos,Senador Vasconcelos
46100431-2019,2019,Morte por Intervenção de Agente do Estado,Morte por intervenção de agente do Estado,Tijuca,Tijuca
48294511-2019,2019,Homicídio (outros),Homicídio doloso,Barra da tijuca,Barra da Tijuca
63261171-2019,2019,Morte por Intervenção de Agente do Estado,Morte por intervenção de agente do Estado,Engenho da rainha,Engenho da Rainha
63261171-2019,2019,Morte por Intervenção de Agente do Estado,Morte por intervenção de agente do Estado,Engenho da rainha,Engenho da Rainha
73329171-2019,2019,Homicídio Provocado por Projétil de Arma de Fogo,Homicídio doloso,Engenho de dentro,Engenho de Dentro
75269221-2019,2019,Morte por Intervenção de Agente do Estado,Morte por intervenção de agente do Estado,Praca seca,Praça Seca
79256151-2019,2019,Morte por Intervenção de Agente do Estado,Morte por intervenção de agente do Estado,Parada de lucas,Parada de Lucas
02189791-2019,2019,Morte por Intervenção de Agente do Estado,Morte por intervenção de agente do Estado,Penha,Penha
07246771-2019,2019,Homicídio Provocado por Projétil de Arma de Fogo,Homicídio doloso,Ramos,Ramos
20709501-2019,2019,Morte por Intervenção de Agente do Estado,Morte por intervenção de agente do Estado,Bangu,Bangu
26988921-2019,2019,Homicídio (outros),Homicídio doloso,Tanque,Tanque
64997841-2019,2019,Homicídio Provocado por Projétil de Arma de Fogo,Homicídio doloso,Vargem grande,Vargem Grande
91963461-2019,2019,Homicídio Provocado por Projétil de Arma de Fogo,Homicídio doloso,Mare,Maré
96541711-2019,2019,Morte por Intervenção de Agente do Estado,Morte por intervenção de agente do Estado,Arvore seca - complexo do lins,Lins de Vasconcelos
98951441-2019,2019,Morte por Intervenção de Agente do Estado,Morte por intervenção de agente do Estado,Penha,Penha
24378601-2019,2019,Homicídio (outros),Homicídio doloso,Madureira,Madureira
26171621-2019,2019,Homicídio Provocado por Projétil de Arma de Fogo,Homicídio doloso,Realengo,Realengo
37880111-2019,2019,Homicídio Provocado por Projétil de Arma de Fogo,Homicídio doloso,Estacio,Estácio
37880111-2019,2019,Homicídio Provocado por Projétil de Arma de Fogo,Homicídio doloso,Estacio,Estácio
42706881-2019,2019,Morte por Intervenção de Agente do Estado,Morte por intervenção de agente do Estado,Honorio gurgel,Honório Gurgel
48995781-2019,2019,Homicídio (outros),Homicídio doloso,Praca da bandeira,Praça da Bandeira
51106891-2019,2019,Homicídio Provocado por Projétil de Arma de Fogo,Homicídio doloso,Gardenia azul,Gardênia Azul
30094321-2019,2019,Homicídio (outros),Homicídio doloso,Bangu,Bangu
32175481-2019,2019,Morte por Intervenção de Agente do Estado,Morte por intervenção de agente do Estado,Vila da penha,Vila da Penha
60341971-2019,2019,Homicídio Provocado por Projétil de Arma de Fogo,Homicídio doloso,Bangu,Bangu
60341971-2019,2019,Homicídio Provocado por Projétil de Arma de Fogo,Homicídio doloso,Bangu,Bangu
85095251-2019,2019,Homicídio Provocado por Projétil de Arma de Fogo,Homicídio doloso,Madureira,Madureira
93252281-2019,2019,Morte por Intervenção de Agente do Estado,Morte por intervenção de agente do Estado,Cavalcanti,Cavalcanti
14334521-2019,2019,Homicídio Provocado por Projétil de Arma de Fogo,Homicídio doloso,Pilares,Pilares
17775311-2019,2019,Homicídio Provocado por Projétil de Arma de Fogo,Homicídio doloso,Pavuna,Pavuna
17955991-2019,2019,Homicídio Provocado por Projétil de Arma de Fogo,Homicídio doloso,Santa tereza,Santa Teresa
28049481-2019,2019,Homicídio Provocado por Projétil de Arma de Fogo,Homicídio doloso,Marechal hermes,Marechal Hermes
73012161-2019,2019,Morte por Intervenção de Agente do Estado,Morte por intervenção de agente do Estado,Deodoro,Deodoro
41932711-2019,2019,Homicídio (outros),Homicídio doloso,Penha circular,Penha Circular
82823861-2019,2019,Lesão Corporal Seguida de Morte (outros),Lesão corporal seguida de morte,Mariopolis,Anchieta
41119082-2019,2019,Homicídio (outros),Homicídio doloso,Tijuca,Tijuca
29018271-2019,2019,Roubo Seguido de Morte (outros),Latrocínio (Roubo seguido de morte),Paciencia,Paciência
74182011-2019,2019,Morte por Intervenção de Agente do Estado,Morte por intervenção de agente do Estado,Vicente de carvalho,Vicente de Carvalho
78661001-2019,2019,Homicídio Provocado por Projétil de Arma de Fogo,Homicídio doloso,Cidade de deus,Cidade de Deus
13019121-2019,2019,Homicídio Provocado por Projétil de Arma de Fogo,Homicídio doloso,Caju,Caju
67924151-2019,2019,Homicídio Provocado por Projétil de Arma de Fogo,Homicídio doloso,Guaratiba,Guaratiba
72280601-2019,2019,Homicídio (outros),Homicídio doloso,Tijuca,Tijuca
11096751-2019,2019,Roubo Seguido de Morte (outros),Latrocínio (Roubo seguido de morte),Oswaldo cruz,Oswaldo Cruz
13980031-2019,2019,Homicídio Provocado por Projétil de Arma de Fogo,Homicídio doloso,Piedade,Piedade
47180531-2019,2019,Homicídio Provocado por Projétil de Arma de Fogo,Homicídio doloso,Pavuna,Pavuna
56716931-2019,2019,Homicídio (outros),Homicídio doloso,Guadalupe,Guadalupe
67341891-2019,2019,Homicídio Provocado por Projétil de Arma de Fogo,Homicídio doloso,Bangu,Bangu
51076951-2019,2019,Homicídio Provocado por Projétil de Arma de Fogo,Homicídio doloso,Magalhaes bastos,Magalhães Bastos
71282171-2019,2019,Homicídio Provocado por Projétil de Arma de Fogo,Homicídio doloso,Penha circular,Penha Circular
84538041-2019,2019,Homicídio (outros),Homicídio doloso,Tubiacanga,Galeão
38715571-2019,2019,Homicídio (outros),Homicídio doloso,Realengo,Realengo
50539171-2019,2019,Morte por Intervenção de Agente do Estado,Morte por intervenção de agente do Estado,Padre miguel,Padre Miguel
57065121-2019,2019,Morte por Intervenção de Agente do Estado,Morte por intervenção de agente do Estado,Bangu,Bangu
63603301-2019,2019,Homicídio (outros),Homicídio doloso,Ricardo de alburquerque,Ricardo de Albuquerque
78788381-2019,2019,Homicídio Provocado por Projétil de Arma de Fogo,Homicídio doloso,Cavalcante,Cavalcanti
92202231-2019,2019,Morte por Intervenção de Agente do Estado,Morte por intervenção de agente do Estado,Tijuca,Tijuca
07151351-2019,2019,Homicídio (outros),Homicídio doloso,Botafogo,Botafogo
40589401-2019,2019,Morte por Intervenção de Agente do Estado,Morte por intervenção de agente do Estado,Vila isabel,Vila Isabel
58992761-2019,2019,Morte por Intervenção de Agente do Estado,Morte por intervenção de agente do Estado,Anchieta,Anchieta
58992761-2019,2019,Morte por Intervenção de Agente do Estado,Morte por intervenção de agente do Estado,Anchieta,Anchieta
58992761-2019,2019,Morte por Intervenção de Agente do Estado,Morte por intervenção de agente do Estado,Anchieta,Anchieta
59355991-2019,2019,Homicídio (outros),Homicídio doloso,Jardim guanabara,Jardim Guanabara
65537111-2019,2019,Morte por Intervenção de Agente do Estado,Morte por intervenção de agente do Estado,Bras de pina,Brás de Pina
67006551-2019,2019,Morte por Intervenção de Agente do Estado,Morte por intervenção de agente do Estado,Comunidade do sao joao,Engenho Novo
78623711-2019,2019,Morte por Intervenção de Agente do Estado,Morte por intervenção de agente do Estado,Cidade de deus,Cidade de Deus
89885071-2019,2019,Homicídio Provocado por Projétil de Arma de Fogo,Homicídio doloso,Taquara,Taquara
05997361-2019,2019,Homicídio Provocado por Projétil de Arma de Fogo,Homicídio doloso,Sao cristovao.,São Cristóvão
13132311-2019,2019,Homicídio (outros),Homicídio doloso,Madureira,Madureira
21060651-2019,2019,Homicídio (outros),Homicídio doloso,Ramos,Ramos
35837791-2019,2019,Homicídio Provocado por Projétil de Arma de Fogo,Homicídio doloso,Guadalupe,Guadalupe
54718041-2019,2019,Morte por Intervenção de Agente do Estado,Morte por intervenção de agente do Estado,Sao cristovao,São Cristóvão
66579011-2019,2019,Homicídio (outros),Homicídio doloso,Santa cruz,Santa Cruz
11037501-2019,2019,Morte por Intervenção de Agente do Estado,Morte por intervenção de agente do Estado,Vila cruzeiro,Penha
16394141-2019,2019,Homicídio (outros),Homicídio doloso,Jardim america,Jardim América
62362251-2019,2019,Morte por Intervenção de Agente do Estado,Morte por intervenção de agente do Estado,Vila militar,Vila Militar
10886871-2019,2019,Morte por Intervenção de Agente do Estado,Morte por intervenção de agente do Estado,Ramos,Ramos
41903531-2019,2019,Homicídio Provocado por Queimaduras,Homicídio doloso,Penha,Penha
79650741-2019,2019,Morte por Intervenção de Agente do Estado,Morte por intervenção de agente do Estado,Campo grande,Campo Grande
81433321-2019,2019,Homicídio Provocado por Projétil de Arma de Fogo,Homicídio doloso,Mare,Maré
03573681-2019,2019,Homicídio (outros),Homicídio doloso,Guaratiba,Guaratiba
80316891-2019,2019,Homicídio (outros),Homicídio doloso,Magalhaes bastos,Magalhães Bastos
86893361-2019,2019,Morte por Intervenção de Agente do Estado,Morte por intervenção de agente do Estado,Bangu,Bangu
86893361-2019,2019,Morte por Intervenção de Agente do Estado,Morte por intervenção de agente do Estado,Bangu,Bangu
89394281-2019,2019,Homicídio Provocado por Projétil de Arma de Fogo,Homicídio doloso,Realengo,Realengo
01207401-2019,2019,Homicídio Provocado por Projétil de Arma de Fogo,Homicídio doloso,Mariopolis,Anchieta
14512271-2019,2019,Homicídio Provocado por Projétil de Arma de Fogo,Homicídio doloso,Manguinhos,Manguinhos
18375951-2019,2019,Homicídio Provocado por Projétil de Arma de Fogo,Homicídio doloso,Iraja,Irajá
21536631-2019,2019,Morte por Intervenção de Agente do Estado,Morte por intervenção de agente do Estado,Santa teresa,Santa Teresa
40943261-2019,2019,Morte por Intervenção de Agente do Estado,Morte por intervenção de agente do Estado,Acari,Acari
40943261-2019,2019,Morte por Intervenção de Agente do Estado,Morte por intervenção de agente do Estado,Acari,Acari
46820621-2019,2019,Homicídio Provocado por Projétil de Arma de Fogo,Homicídio doloso,Honorio gurgel,Honório Gurgel
50713101-2019,2019,Morte por Intervenção de Agente do Estado,Morte por intervenção de agente do Estado,Realengo,Realengo
90573921-2019,2019,Roubo Seguido de Morte Provocado por Projétil de Arma de Fogo,Latrocínio (Roubo seguido de morte),Itanhanga,Itanhangá
00346671-2019,2019,Homicídio Provocado por Projétil de Arma de Fogo,Homicídio doloso,Bangu,Bangu
56712322-2019,2019,Homicídio Provocado por Projétil de Arma de Fogo,Homicídio doloso,Benfica,Benfica
70730571-2019,2019,Homicídio Provocado por Emprego de Arma Branca,Homicídio doloso,Engenho novo,Engenho Novo
77174751-2019,2019,Morte por Intervenção de Agente do Estado,Morte por intervenção de agente do Estado,Freguesia(ilha),Freguesia (Ilha do Governador)
40854091-2019,2019,Morte por Intervenção de Agente do Estado,Morte por intervenção de agente do Estado,Madureira,Madureira
56384552-2019,2019,Homicídio Provocado por Projétil de Arma de Fogo,Homicídio doloso,Galeao (ilha do governador),Galeão
65925241-2019,2019,Homicídio Provocado por Projétil de Arma de Fogo,Homicídio doloso,Bangu,Bangu
94602261-2019,2019,Morte por Intervenção de Agente do Estado,Morte por intervenção de agente do Estado,Parada de lucas,Parada de Lucas
64147181-2019,2019,Morte por Intervenção de Agente do Estado,Morte por intervenção de agente do Estado,Bangu,Bangu
07138391-2019,2019,Morte por Intervenção de Agente do Estado,Morte por intervenção de agente do Estado,Cordovil,Cordovil
09061861-2019,2019,Morte por Intervenção de Agente do Estado,Morte por intervenção de agente do Estado,Centro,Centro
09061861-2019,2019,Morte por Intervenção de Agente do Estado,Morte por intervenção de agente do Estado,Centro,Centro
09061861-2019,2019,Morte por Intervenção de Agente do Estado,Morte por intervenção de agente do Estado,Centro,Centro
17333151-2019,2019,Homicídio Provocado por Projétil de Arma de Fogo,Homicídio doloso,Guadalupe,Guadalupe
33562061-2019,2019,Homicídio Provocado por Projétil de Arma de Fogo,Homicídio doloso,Iraja,Irajá
20960361-2019,2019,Homicídio (outros),Homicídio doloso,Jardim guanabara,Jardim Guanabara
20960361-2019,2019,Homicídio (outros),Homicídio doloso,Jardim guanabara,Jardim Guanabara
27008821-2019,2019,Roubo Seguido de Morte Provocado por Projétil de Arma de Fogo,Latrocínio (Roubo seguido de morte),Pavuna,Pavuna
43357871-2019,2019,Morte por Intervenção de Agente do Estado,Morte por intervenção de agente do Estado,Realengo,Realengo
43357871-2019,2019,Morte por Intervenção de Agente do Estado,Morte por intervenção de agente do Estado,Realengo,Realengo
49250761-2019,2019,Morte por Intervenção de Agente do Estado,Morte por intervenção de agente do Estado,Bangu,Bangu
49250761-2019,2019,Morte por Intervenção de Agente do Estado,Morte por intervenção de agente do Estado,Bangu,Bangu
66475601-2019,2019,Homicídio Provocado por Projétil de Arma de Fogo,Homicídio doloso,Recreio dos bandeirantes,Recreio dos Bandeirantes
89660391-2019,2019,Homicídio Provocado por Projétil de Arma de Fogo,Homicídio doloso,Penha,Penha
28315301-2019,2019,Homicídio (outros),Homicídio doloso,Penha,Penha
28315301-2019,2019,Homicídio (outros),Homicídio doloso,Penha,Penha
28315301-2019,2019,Homicídio (outros),Homicídio doloso,Penha,Penha
28315301-2019,2019,Homicídio (outros),Homicídio doloso,Penha,Penha
30128881-2019,2019,Morte por Intervenção de Agente do Estado,Morte por intervenção de agente do Estado,Barros filho,Barros Filho
43964211-2019,2019,Homicídio (outros),Homicídio doloso,Praca seca,Praça Seca
13890401-2019,2019,Morte por Intervenção de Agente do Estado,Morte por intervenção de agente do Estado,Bonsucesso,Bonsucesso
19097561-2019,2019,Morte por Intervenção de Agente do Estado,Morte por intervenção de agente do Estado,Vaz lobo,Vaz Lobo
40867241-2019,2019,Homicídio Provocado por Projétil de Arma de Fogo,Homicídio doloso,Bonsucesso,Bonsucesso
60400131-2019,2019,Morte por Intervenção de Agente do Estado,Morte por intervenção de agente do Estado,Penha,Penha
60400131-2019,2019,Morte por Intervenção de Agente do Estado,Morte por intervenção de agente do Estado,Penha,Penha
69135661-2019,2019,Homicídio Provocado por Projétil de Arma de Fogo,Homicídio doloso,Vargem pequena,Vargem Pequena
87042301-2019,2019,Morte por Intervenção de Agente do Estado,Morte por intervenção de agente do Estado,Cidade de deus,Cidade de Deus
50366921-2019,2019,Homicídio (outros),Homicídio doloso,Parada de lucas,Parada de Lucas
55355101-2019,2019,Homicídio Provocado por Projétil de Arma de Fogo,Homicídio doloso,Campo grande,Campo Grande
57897771-2019,2019,Morte por Intervenção de Agente do Estado,Morte por intervenção de agente do Estado,Bonsucesso,Bonsucesso
61421681-2019,2019,Homicídio Provocado por Projétil de Arma de Fogo,Homicídio doloso,Ricardo de albuquerque,Ricardo de Albuquerque
74647361-2019,2019,Homicídio Provocado por Projétil de Arma de Fogo,Homicídio doloso,Bangu,Bangu
75187241-2019,2019,Homicídio Provocado por Projétil de Arma de Fogo,Homicídio doloso,Pavuna,Pavuna
84033712-2019,2019,Homicídio Provocado por Projétil de Arma de Fogo,Homicídio doloso,Senador camara,Senador Camará
88771551-2019,2019,Homicídio Provocado por Projétil de Arma de Fogo,Homicídio doloso,Sao cristovao,São Cristóvão
87253431-2019,2019,Morte por Intervenção de Agente do Estado,Morte por intervenção de agente do Estado,Realengo,Realengo
16863901-2019,2019,Homicídio Provocado por Projétil de Arma de Fogo,Homicídio doloso,Centro,Centro
29821211-2019,2019,Morte por Intervenção de Agente do Estado,Morte por intervenção de agente do Estado,Bangu,Bangu
48574791-2019,2019,Roubo Seguido de Morte (outros),Latrocínio (Roubo seguido de morte),Guaratiba,Guaratiba
60754961-2019,2019,Roubo Seguido de Morte (outros),Latrocínio (Roubo seguido de morte),Maracana,Maracanã
93086561-2019,2019,Morte por Intervenção de Agente do Estado,Morte por intervenção de agente do Estado,Vidigal,Vidigal
99995021-2019,2019,Homicídio Provocado por Projétil de Arma de Fogo,Homicídio doloso,Santa teresa,Santa Teresa
01635991-2019,2019,Homicídio Provocado por Projétil de Arma de Fogo,Homicídio doloso,Penha,Penha
09805671-2019,2019,Homicídio Provocado por Projétil de Arma de Fogo,Homicídio doloso,Pavuna,Pavuna
46212221-2019,2019,Morte por Intervenção de Agente do Estado,Morte por intervenção de agente do Estado,Santa teresa,Santa Teresa
61213921-2019,2019,Morte por Intervenção de Agente do Estado,Morte por intervenção de agente do Estado,Penha circular,Penha Circular
01581501-2019,2019,Homicídio Provocado por Projétil de Arma de Fogo,Homicídio doloso,Penha,Penha
28756901-2019,2019,Homicídio Provocado por Projétil de Arma de Fogo,Homicídio doloso,Santa cruz,Santa Cruz
62995201-2019,2019,Homicídio Provocado por Projétil de Arma de Fogo,Homicídio doloso,Engenho da rainha,Engenho da Rainha
87791301-2019,2019,Homicídio Provocado por Paulada,Homicídio doloso,Guaratiba,Guaratiba
89739902-2019,2019,Homicídio Provocado por Projétil de Arma de Fogo,Homicídio doloso,Quintino bocaiuva,Quintino Bocaiúva
93567381-2019,2019,Homicídio Provocado por Emprego de Arma Branca,Homicídio doloso,Centro,Centro
09715791-2019,2019,Morte por Intervenção de Agente do Estado,Morte por intervenção de agente do Estado,Mariopolis,Anchieta
34813271-2019,2019,Morte por Intervenção de Agente do Estado,Morte por intervenção de agente do Estado,Bangu,Bangu
34813271-2019,2019,Morte por Intervenção de Agente do Estado,Morte por intervenção de agente do Estado,Bangu,Bangu
88813021-2019,2019,Morte por Intervenção de Agente do Estado,Morte por intervenção de agente do Estado,Lins de vasconcelos,Lins de Vasconcelos
00319031-2019,2019,Homicídio Provocado por Projétil de Arma de Fogo,Homicídio doloso,Penha circular,Penha Circular
19524891-2019,2019,Morte por Intervenção de Agente do Estado,Morte por intervenção de agente do Estado,Del castilho,Del Castilho
46097121-2019,2019,Homicídio Provocado por Projétil de Arma de Fogo,Homicídio doloso,Quintino bocaiuva,Quintino Bocaiúva
91068641-2019,2019,Homicídio Provocado por Projétil de Arma de Fogo,Homicídio doloso,Bangu,Bangu
56158441-2019,2019,Homicídio Provocado por Projétil de Arma de Fogo,Homicídio doloso,Iraja,Irajá
70953891-2019,2019,Homicídio Provocado por Projétil de Arma de Fogo,Homicídio doloso,Padre miguel,Padre Miguel
78629831-2019,2019,Morte por Intervenção de Agente do Estado,Morte por intervenção de agente do Estado,Anchieta,Anchieta
78629831-2019,2019,Morte por Intervenção de Agente do Estado,Morte por intervenção de agente do Estado,Anchieta,Anchieta
80030691-2019,2019,Homicídio Provocado por Projétil de Arma de Fogo,Homicídio doloso,Marechal hermes,Marechal Hermes
23279551-2019,2019,Morte por Intervenção de Agente do Estado,Morte por intervenção de agente do Estado,Bangu,Bangu
23279551-2019,2019,Morte por Intervenção de Agente do Estado,Morte por intervenção de agente do Estado,Bangu,Bangu
25922251-2019,2019,Morte por Intervenção de Agente do Estado,Morte por intervenção de agente do Estado,Costa barros,Costa Barros
44495611-2019,2019,Morte por Intervenção de Agente do Estado,Morte por intervenção de agente do Estado,Coelho neto,Coelho Neto
55546041-2019,2019,Homicídio Provocado por Projétil de Arma de Fogo,Homicídio doloso,Bangu,Bangu
83048431-2019,2019,Homicídio Provocado por Projétil de Arma de Fogo,Homicídio doloso,Realengo,Realengo
08145861-2019,2019,Morte por Intervenção de Agente do Estado,Morte por intervenção de agente do Estado,Marechal hermes,Marechal Hermes
08145861-2019,2019,Morte por Intervenção de Agente do Estado,Morte por intervenção de agente do Estado,Marechal hermes,Marechal Hermes
13374331-2019,2019,Morte por Intervenção de Agente do Estado,Morte por intervenção de agente do Estado,Complexo do alemao,Complexo do Alemão
22057881-2019,2019,Morte por Intervenção de Agente do Estado,Morte por intervenção de agente do Estado,Bangu,Bangu
41526491-2019,2019,Homicídio Provocado por Projétil de Arma de Fogo,Homicídio doloso,Rio comprido,Rio Comprido
16142301-2019,2019,Homicídio Provocado por Projétil de Arma de Fogo,Homicídio doloso,Bonsucesso,Bonsucesso
25336001-2019,2019,Morte por Intervenção de Agente do Estado,Morte por intervenção de agente do Estado,Deodoro,Deodoro
34674191-2019,2019,Homicídio (outros),Homicídio doloso,Costa barros,Costa Barros
36874152-2019,2019,Homicídio Provocado por Projétil de Arma de Fogo,Homicídio doloso,-jacare,Jacaré
97362051-2019,2019,Morte por Intervenção de Agente do Estado,Morte por intervenção de agente do Estado,Mal hermes,Marechal Hermes
67986591-2019,2019,Homicídio (outros),Homicídio doloso,Iraja,Irajá
37991721-2019,2019,Homicídio (outros),Homicídio doloso,"Sao conrado, comunidade da roc",São Conrado
52913331-2019,2019,Homicídio Provocado por Projétil de Arma de Fogo,Homicídio doloso,Deodoro,Deodoro
55688411-2019,2019,Homicídio (outros),Homicídio doloso,Engenho da rainha,Engenho da Rainha
95740051-2019,2019,Morte por Intervenção de Agente do Estado,Morte por intervenção de agente do Estado,Vigario geral,Vigário Geral
07320231-2019,2019,Homicídio Provocado por Projétil de Arma de Fogo,Homicídio doloso,Penha,Penha
17115501-2019,2019,Homicídio Provocado por Projétil de Arma de Fogo,Homicídio doloso,Pavuna,Pavuna
32155031-2019,2019,Homicídio Provocado por Projétil de Arma de Fogo,Homicídio doloso,Penha circular,Penha Circular
45729611-2019,2019,Morte por Intervenção de Agente do Estado,Morte por intervenção de agente do Estado,Madureira,Madureira
52329381-2019,2019,Morte por Intervenção de Agente do Estado,Morte por intervenção de agente do Estado,Taua,Tauá
90880402-2019,2019,Morte por Intervenção de Agente do Estado,Morte por intervenção de agente do Estado,Jardim carioca,Jardim Carioca
90880402-2019,2019,Morte por Intervenção de Agente do Estado,Morte por intervenção de agente do Estado,Jardim carioca,Jardim Carioca
90880402-2019,2019,Morte por Intervenção de Agente do Estado,Morte por intervenção de agente do Estado,Jardim carioca,Jardim Carioca
90880402-2019,2019,Morte por Intervenção de Agente do Estado,Morte por intervenção de agente do Estado,Jardim carioca,Jardim Carioca
90880402-2019,2019,Morte por Intervenção de Agente do Estado,Morte por intervenção de agente do Estado,Jardim carioca,Jardim Carioca
91809381-2019,2019,Homicídio Provocado por Projétil de Arma de Fogo,Homicídio doloso,Agua santa,Água Santa
06088771-2019,2019,Homicídio Provocado por Projétil de Arma de Fogo,Homicídio doloso,Cordovil,Cordovil
29648431-2019,2019,Homicídio Provocado por Projétil de Arma de Fogo,Homicídio doloso,Curicica,Curicica
48344812-2019,2019,Morte por Intervenção de Agente do Estado,Morte por intervenção de agente do Estado,Pavuna,Pavuna
55877141-2019,2019,Morte por Intervenção de Agente do Estado,Morte por intervenção de agente do Estado,Del castilho,Del Castilho
93248301-2019,2019,Homicídio Provocado por Projétil de Arma de Fogo,Homicídio doloso,Magalhaes bastos,Magalhães Bastos
18986831-2019,2019,Homicídio (outros),Homicídio doloso,Praca seca,Praça Seca
61502941-2019,2019,Morte por Intervenção de Agente do Estado,Morte por intervenção de agente do Estado,Realengo,Realengo
61502941-2019,2019,Morte por Intervenção de Agente do Estado,Morte por intervenção de agente do Estado,Realengo,Realengo
56066321-2019,2019,Homicídio Provocado por Projétil de Arma de Fogo,Homicídio doloso,Manguinhos,Manguinhos
56441891-2019,2019,Homicídio Provocado por Projétil de Arma de Fogo,Homicídio doloso,Taquara,Taquara
67773561-2019,2019,Homicídio (outros),Homicídio doloso,Bangu,Bangu
92761501-2019,2019,Roubo Seguido de Morte Provocado por Arma Branca,Latrocínio (Roubo seguido de morte),Jacarepagua,Jacarepaguá
06636281-2019,2019,Homicídio Provocado por Projétil de Arma de Fogo,Homicídio doloso,Bonsucesso,Bonsucesso
47856471-2019,2019,Homicídio Provocado por Projétil de Arma de Fogo,Homicídio doloso,Vargem pequena,Vargem Pequena
94273641-2019,2019,Homicídio Provocado por Projétil de Arma de Fogo,Homicídio doloso,Mare,Maré
95222231-2019,2019,Morte por Intervenção de Agente do Estado,Morte por intervenção de agente do Estado,Manguinhos,Manguinhos
34864101-2019,2019,Morte por Intervenção de Agente do Estado,Morte por intervenção de agente do Estado,Senador camara,Senador Camará
40047611-2019,2019,Morte por Intervenção de Agente do Estado,Morte por intervenção de agente do Estado,Bonsucesso,Bonsucesso
50132301-2019,2019,Morte por Intervenção de Agente do Estado,Morte por intervenção de agente do Estado,Vidigal,Vidigal
53508881-2019,2019,Homicídio Provocado por Projétil de Arma de Fogo,Homicídio doloso,Marechal hermes.,Marechal Hermes
65646401-2019,2019,Homicídio Provocado por Projétil de Arma de Fogo,Homicídio doloso,Catumbi,Catumbi
73251891-2019,2019,Homicídio Provocado por Projétil de Arma de Fogo,Homicídio doloso,Anchieta,Anchieta
96281971-2019,2019,Homicídio Provocado por Projétil de Arma de Fogo,Homicídio doloso,Centro,Centro
44002181-2019,2019,Homicídio Provocado por Projétil de Arma de Fogo,Homicídio doloso,Santa cruz,Santa Cruz
50112041-2019,2019,Morte por Intervenção de Agente do Estado,Morte por intervenção de agente do Estado,Lins de vasconcelos,Lins de Vasconcelos
51554201-2019,2019,Morte por Intervenção de Agente do Estado,Morte por intervenção de agente do Estado,Madureira,Madureira
51554201-2019,2019,Morte por Intervenção de Agente do Estado,Morte por intervenção de agente do Estado,Madureira,Madureira
51554201-2019,2019,Morte por Intervenção de Agente do Estado,Morte por intervenção de agente do Estado,Madureira,Madureira
53095361-2019,2019,Homicídio Provocado por Projétil de Arma de Fogo,Homicídio doloso,Centro,Centro
08366731-2019,2019,Homicídio (outros),Homicídio doloso,Realengo,Realengo
34388741-2019,2019,Homicídio Provocado por Projétil de Arma de Fogo,Homicídio doloso,Costa barros,Costa Barros
59057991-2019,2019,Homicídio Provocado por Projétil de Arma de Fogo,Homicídio doloso,Guadalupe,Guadalupe
78550911-2019,2019,Morte por Intervenção de Agente do Estado,Morte por intervenção de agente do Estado,Cascadura,Cascadura
83021751-2019,2019,Homicídio (outros),Homicídio doloso,Tijuca,Tijuca
19480171-2019,2019,Homicídio Provocado por Projétil de Arma de Fogo,Homicídio doloso,Senador camara,Senador Camará
59814291-2019,2019,Homicídio Provocado por Projétil de Arma de Fogo,Homicídio doloso,Realengo,Realengo
84981272-2019,2019,Homicídio Provocado por Projétil de Arma de Fogo,Homicídio doloso,Iraja,Irajá
38578451-2019,2019,Homicídio (outros),Homicídio doloso,Santa cruz,Santa Cruz
43194911-2019,2019,Homicídio Provocado por Projétil de Arma de Fogo,Homicídio doloso,Curicica,Curicica
49970331-2019,2019,Homicídio Provocado por Projétil de Arma de Fogo,Homicídio doloso,Santa teresa,Santa Teresa
51843051-2019,2019,Morte por Intervenção de Agente do Estado,Morte por intervenção de agente do Estado,Ricardo de albuquerque,Ricardo de Albuquerque
70215942-2019,2019,Homicídio (outros),Homicídio doloso,Inhauma,Inhaúma
70690751-2019,2019,Homicídio Provocado por Projétil de Arma de Fogo,Homicídio doloso,Bangu,Bangu
70847101-2019,2019,Homicídio Provocado por Projétil de Arma de Fogo,Homicídio doloso,Santissimo,Santíssimo
01752001-2019,2019,Morte por Intervenção de Agente do Estado,Morte por intervenção de agente do Estado,Pavuna,Pavuna
04330341-2019,2019,Homicídio Provocado por Projétil de Arma de Fogo,Homicídio doloso,Cidade universitaria,Cidade Universitária
39688921-2019,2019,Homicídio (outros),Homicídio doloso,Parque uniao - mare,Maré
55952201-2019,2019,Homicídio Provocado por Projétil de Arma de Fogo,Homicídio doloso,Ricardo de albuquerque,Ricardo de Albuquerque
57599911-2019,2019,Morte por Intervenção de Agente do Estado,Morte por intervenção de agente do Estado,Cidade universitaria,Cidade Universitária
95531181-2019,2019,Homicídio Provocado por Projétil de Arma de Fogo,Homicídio doloso,Rio comprido,Rio Comprido
50791951-2019,2019,Morte por Intervenção de Agente do Estado,Morte por intervenção de agente do Estado,Senador camara,Senador Camará
67531231-2019,2019,Morte por Intervenção de Agente do Estado,Morte por intervenção de agente do Estado,Cidade de deus,Cidade de Deus
20068901-2019,2019,Homicídio Provocado por Projétil de Arma de Fogo,Homicídio doloso,Tijuca,Tijuca
67503671-2019,2019,Lesão Corporal Seguida de Morte - Violência Doméstica e Familiar (outros),Lesão corporal seguida de morte,Rocha miranda,Rocha Miranda
10361501-2019,2019,Morte por Intervenção de Agente do Estado,Morte por intervenção de agente do Estado,Inhauma,Inhaúma
37672391-2019,2019,Morte por Intervenção de Agente do Estado,Morte por intervenção de agente do Estado,Bonsucesso,Bonsucesso
45903181-2019,2019,Morte por Intervenção de Agente do Estado,Morte por intervenção de agente do Estado,Bangu,Bangu
61265941-2019,2019,Homicídio (outros),Homicídio doloso,Senador camara,Senador Camará
01340431-2019,2019,Morte por Intervenção de Agente do Estado,Morte por intervenção de agente do Estado,Cordovil,Cordovil
16443861-2019,2019,Morte por Intervenção de Agente do Estado,Morte por intervenção de agente do Estado,Cidade de deus,Cidade de Deus
42106941-2019,2019,Morte por Intervenção de Agente do Estado,Morte por intervenção de agente do Estado,Marechal hermes,Marechal Hermes
63577652-2019,2019,Morte por Intervenção de Agente do Estado,Morte por intervenção de agente do Estado,Sao corrado,São Conrado
72008871-2019,2019,Homicídio Provocado por Projétil de Arma de Fogo,Homicídio doloso,Paciencia,Paciência
27021401-2019,2019,Homicídio Provocado por Projétil de Arma de Fogo,Homicídio doloso,Padre miguel,Padre Miguel
38724002-2019,2019,Homicídio (outros),Homicídio doloso,Maracana,Maracanã
50885221-2019,2019,Morte por Intervenção de Agente do Estado,Morte por intervenção de agente do Estado,Guadalupe,Guadalupe
66556951-2019,2019,Homicídio (outros),Homicídio doloso,Penha circular,Penha Circular
48304381-2019,2019,Homicídio Provocado por Projétil de Arma de Fogo,Homicídio doloso,Magalhaes bastos,Magalhães Bastos
52867111-2019,2019,Morte por Intervenção de Agente do Estado,Morte por intervenção de agente do Estado,Engenho novo,Engenho Novo
58069351-2019,2019,Morte por Intervenção de Agente do Estado,Morte por intervenção de agente do Estado,Tijuca,Tijuca
71424881-2019,2019,Morte por Intervenção de Agente do Estado,Morte por intervenção de agente do Estado,Colegio,Colégio
71424881-2019,2019,Morte por Intervenção de Agente do Estado,Morte por intervenção de agente do Estado,Colegio,Colégio
83776781-2019,2019,Homicídio Provocado por Projétil de Arma de Fogo,Homicídio doloso,Costa barros,Costa Barros
12315001-2019,2019,Morte por Intervenção de Agente do Estado,Morte por intervenção de agente do Estado,Penha,Penha
13324271-2019,2019,Morte por Intervenção de Agente do Estado,Morte por intervenção de agente do Estado,Catumbi,Catumbi
13324271-2019,2019,Morte por Intervenção de Agente do Estado,Morte por intervenção de agente do Estado,Catumbi,Catumbi
13324271-2019,2019,Morte por Intervenção de Agente do Estado,Morte por intervenção de agente do Estado,Catumbi,Catumbi
18688231-2019,2019,Morte por Intervenção de Agente do Estado,Morte por intervenção de agente do Estado,Jacare,Jacaré
63295691-2019,2019,Homicídio (outros),Homicídio doloso,Costa barros,Costa Barros
86661201-2019,2019,Morte por Intervenção de Agente do Estado,Morte por intervenção de agente do Estado,Catumbi,Catumbi
95837581-2019,2019,Homicídio Provocado por Projétil de Arma de Fogo,Homicídio doloso,Vigario geral,Vigário Geral
96357921-2019,2019,Homicídio Provocado por Projétil de Arma de Fogo,Homicídio doloso,Bangu,Bangu
11952321-2019,2019,Homicídio (outros),Homicídio doloso,Santa cruz,Santa Cruz
19518211-2019,2019,Morte por Intervenção de Agente do Estado,Morte por intervenção de agente do Estado,Engenheiro leal,Engenheiro Leal
21144421-2019,2019,Morte por Intervenção de Agente do Estado,Morte por intervenção de agente do Estado,Senador camara,Senador Camará
29712231-2019,2019,Homicídio Provocado por Projétil de Arma de Fogo,Homicídio doloso,Copacabana,Copacabana
51639741-2019,2019,Homicídio Provocado por Projétil de Arma de Fogo,Homicídio doloso,Bangu,Bangu
57213481-2019,2019,Morte por Intervenção de Agente do Estado,Morte por intervenção de agente do Estado,Freguesia,Freguesia (Jacarepaguá)
68848641-2019,2019,Morte por Intervenção de Agente do Estado,Morte por intervenção de agente do Estado,Jacarepagua,Jacarepaguá
68848641-2019,2019,Morte por Intervenção de Agente do Estado,Morte por intervenção de agente do Estado,Jacarepagua,Jacarepaguá
69413941-2019,2019,Morte por Intervenção de Agente do Estado,Morte por intervenção de agente do Estado,Santissimo,Santíssimo
71890811-2019,2019,Homicídio Provocado por Projétil de Arma de Fogo,Homicídio doloso,Bangu,Bangu
75574231-2019,2019,Morte por Intervenção de Agente do Estado,Morte por intervenção de agente do Estado,Estacio,Estácio
79293271-2019,2019,Homicídio (outros),Homicídio doloso,Copacabana,Copacabana
83627001-2019,2019,Morte por Intervenção de Agente do Estado,Morte por intervenção de agente do Estado,Madureira,Madureira
90527681-2019,2019,Morte por Intervenção de Agente do Estado,Morte por intervenção de agente do Estado,Santa teresa,Santa Teresa
90527681-2019,2019,Morte por Intervenção de Agente do Estado,Morte por intervenção de agente do Estado,Santa teresa,Santa Teresa
91870451-2019,2019,Homicídio (outros),Homicídio doloso,Bonsucesso,Bonsucesso
02214271-2019,2019,Homicídio (outros),Homicídio doloso,Jacarepagua,Jacarepaguá
17872031-2019,2019,Morte por Intervenção de Agente do Estado,Morte por intervenção de agente do Estado,Santa teresa,Santa Teresa
68895451-2019,2019,Morte por Intervenção de Agente do Estado,Morte por intervenção de agente do Estado,Mangueira,Mangueira
73884691-2019,2019,Morte por Intervenção de Agente do Estado,Morte por intervenção de agente do Estado,Bonsucesso,Bonsucesso
99143991-2019,2019,Homicídio Provocado por Projétil de Arma de Fogo,Homicídio doloso,Mangueira,Mangueira
12993841-2019,2019,Morte por Intervenção de Agente do Estado,Morte por intervenção de agente do Estado,Penha,Penha
12993841-2019,2019,Morte por Intervenção de Agente do Estado,Morte por intervenção de agente do Estado,Penha,Penha
14839611-2019,2019,Homicídio Provocado por Projétil de Arma de Fogo,Homicídio doloso,Turiacu,Turiaçú
31384521-2019,2019,Homicídio Provocado por Projétil de Arma de Fogo,Homicídio doloso,Penha,Penha
32773791-2019,2019,Morte por Intervenção de Agente do Estado,Morte por intervenção de agente do Estado,Olaria,Olaria
70079961-2019,2019,Homicídio Provocado por Projétil de Arma de Fogo,Homicídio doloso,Penha,Penha
01562661-2019,2019,Homicídio Provocado por Projétil de Arma de Fogo,Homicídio doloso,Bangu,Bangu
12384211-2019,2019,Homicídio Provocado por Projétil de Arma de Fogo,Homicídio doloso,Santissimo,Santíssimo
34725411-2019,2019,Homicídio (outros),Homicídio doloso,Vargem grande,Vargem Grande
43028891-2019,2019,Morte por Intervenção de Agente do Estado,Morte por intervenção de agente do Estado,Realengo,Realengo
43028891-2019,2019,Morte por Intervenção de Agente do Estado,Morte por intervenção de agente do Estado,Realengo,Realengo
71680921-2019,2019,Homicídio Provocado por Projétil de Arma de Fogo,Homicídio doloso,Agua santa,Água Santa
71680921-2019,2019,Homicídio Provocado por Projétil de Arma de Fogo,Homicídio doloso,Agua santa,Água Santa
81021251-2019,2019,Homicídio Provocado por Projétil de Arma de Fogo,Homicídio doloso,Meier,Méier
90213421-2019,2019,Homicídio Provocado por Projétil de Arma de Fogo,Homicídio doloso,Penha,Penha
90213421-2019,2019,Homicídio Provocado por Projétil de Arma de Fogo,Homicídio doloso,Penha,Penha
92622842-2019,2019,Homicídio Provocado por Projétil de Arma de Fogo,Homicídio doloso,Agua santa,Água Santa
92622842-2019,2019,Homicídio Provocado por Projétil de Arma de Fogo,Homicídio doloso,Agua santa,Água Santa
93445841-2019,2019,Homicídio Provocado por Emprego de Arma Branca,Homicídio doloso,Pavuna,Pavuna
15024601-2019,2019,Morte por Intervenção de Agente do Estado,Morte por intervenção de agente do Estado,Honorio gurgel,Honório Gurgel
53236681-2019,2019,Homicídio Provocado por Projétil de Arma de Fogo,Homicídio doloso,Campo grande,Campo Grande
85249241-2019,2019,Morte por Intervenção de Agente do Estado,Morte por intervenção de agente do Estado,Cidade de deus,Cidade de Deus
89451801-2019,2019,Morte por Intervenção de Agente do Estado,Morte por intervenção de agente do Estado,Acari,Acari
08168161-2019,2019,Morte por Intervenção de Agente do Estado,Morte por intervenção de agente do Estado,Guadalupe,Guadalupe
17458841-2019,2019,Morte por Intervenção de Agente do Estado,Morte por intervenção de agente do Estado,Bangu,Bangu
17458841-2019,2019,Morte por Intervenção de Agente do Estado,Morte por intervenção de agente do Estado,Bangu,Bangu
19710211-2019,2019,Homicídio (outros),Homicídio doloso,Bangu,Bangu
29648621-2019,2019,Homicídio (outros),Homicídio doloso,Campo grande,Campo Grande
42449361-2019,2019,Morte por Intervenção de Agente do Estado,Morte por intervenção de agente do Estado,Santo cristo,Santo Cristo
51019831-2019,2019,Morte por Intervenção de Agente do Estado,Morte por intervenção de agente do Estado,Mare,Maré
51019831-2019,2019,Morte por Intervenção de Agente do Estado,Morte por intervenção de agente do Estado,Mare,Maré
20809021-2019,2019,Morte por Intervenção de Agente do Estado,Morte por intervenção de agente do Estado,Santa cruz,Santa Cruz
24075981-2019,2019,Morte por Intervenção de Agente do Estado,Morte por intervenção de agente do Estado,Barros filho,Barros Filho
39371761-2019,2019,Homicídio Provocado por Projétil de Arma de Fogo,Homicídio doloso,Maria da graca,Maria da Graça
56770511-2019,2019,Homicídio Provocado por Projétil de Arma de Fogo,Homicídio doloso,Mal. hermes,Marechal Hermes
56770511-2019,2019,Homicídio Provocado por Projétil de Arma de Fogo,Homicídio doloso,Mal. hermes,Marechal Hermes
56770511-2019,2019,Homicídio Provocado por Projétil de Arma de Fogo,Homicídio doloso,Mal. hermes,Marechal Hermes
67371551-2019,2019,Homicídio Provocado por Projétil de Arma de Fogo,Homicídio doloso,Tijuca,Tijuca
69250101-2019,2019,Homicídio (outros),Homicídio doloso,Cordovil,Cordovil
74399671-2019,2019,Morte por Intervenção de Agente do Estado,Morte por intervenção de agente do Estado,Santa teresa,Santa Teresa
23456191-2019,2019,Morte por Intervenção de Agente do Estado,Morte por intervenção de agente do Estado,Vicente de carvalho,Vicente de Carvalho
23456191-2019,2019,Morte por Intervenção de Agente do Estado,Morte por intervenção de agente do Estado,Vicente de carvalho,Vicente de Carvalho
23591171-2019,2019,Morte por Intervenção de Agente do Estado,Morte por intervenção de agente do Estado,Vaz lobo,Vaz Lobo
23591171-2019,2019,Morte por Intervenção de Agente do Estado,Morte por intervenção de agente do Estado,Vaz lobo,Vaz Lobo
23591171-2019,2019,Morte por Intervenção de Agente do Estado,Morte por intervenção de agente do Estado,Vaz lobo,Vaz Lobo
23591171-2019,2019,Morte por Intervenção de Agente do Estado,Morte por intervenção de agente do Estado,Vaz lobo,Vaz Lobo
34267181-2019,2019,Morte por Intervenção de Agente do Estado,Morte por intervenção de agente do Estado,Engenho novo,Engenho Novo
05488411-2019,2019,Morte por Intervenção de Agente do Estado,Morte por intervenção de agente do Estado,Padre miguel,Padre Miguel
05488411-2019,2019,Morte por Intervenção de Agente do Estado,Morte por intervenção de agente do Estado,Padre miguel,Padre Miguel
11955481-2019,2019,Roubo Seguido de Morte Provocado por Projétil de Arma de Fogo,Latrocínio (Roubo seguido de morte),Barra da tijuca,Barra da Tijuca
15423691-2019,2019,Homicídio Provocado por Projétil de Arma de Fogo,Homicídio doloso,Senador camara,Senador Camará
24028981-2019,2019,Homicídio Provocado por Projétil de Arma de Fogo,Homicídio doloso,Catete,Catete
27878471-2019,2019,Homicídio Provocado por Projétil de Arma de Fogo,Homicídio doloso,Penha circular,Penha Circular
01318291-2019,2019,Morte por Intervenção de Agente do Estado,Morte por intervenção de agente do Estado,Anchieta,Anchieta
35764191-2019,2019,Homicídio Provocado por Emprego de Arma Branca,Homicídio doloso,Lagoa,Lagoa
35764191-2019,2019,Homicídio Provocado por Emprego de Arma Branca,Homicídio doloso,Lagoa,Lagoa
63319571-2019,2019,Homicídio Provocado por Projétil de Arma de Fogo,Homicídio doloso,Piedade,Piedade
58515361-2019,2019,Morte por Intervenção de Agente do Estado,Morte por intervenção de agente do Estado,Tijuca,Tijuca
83341971-2019,2019,Homicídio Provocado por Projétil de Arma de Fogo,Homicídio doloso,Del castilho,Del Castilho
83528541-2019,2019,Morte por Intervenção de Agente do Estado,Morte por intervenção de agente do Estado,Pavuna,Pavuna
06777411-2019,2019,Morte por Intervenção de Agente do Estado,Morte por intervenção de agente do Estado,Mare,Maré
06777411-2019,2019,Morte por Intervenção de Agente do Estado,Morte por intervenção de agente do Estado,Mare,Maré
41092991-2019,2019,Homicídio Provocado por Projétil de Arma de Fogo,Homicídio doloso,Madureira,Madureira
56031891-2019,2019,Morte por Intervenção de Agente do Estado,Morte por intervenção de agente do Estado,Triagem,Benfica
56031891-2019,2019,Morte por Intervenção de Agente do Estado,Morte por intervenção de agente do Estado,Triagem,Benfica
59176781-2019,2019,Homicídio Provocado por Emprego de Arma Branca,Homicídio doloso,Jacarepagua,Jacarepaguá
72523971-2019,2019,Homicídio (outros),Homicídio doloso,Paciencia,Paciência
89542782-2019,2019,Morte por Intervenção de Agente do Estado,Morte por intervenção de agente do Estado,Pavuna,Pavuna
00899341-2019,2019,Morte por Intervenção de Agente do Estado,Morte por intervenção de agente do Estado,Piedade,Piedade
34764091-2019,2019,Morte por Intervenção de Agente do Estado,Morte por intervenção de agente do Estado,Magalhaes bastos,Magalhães Bastos
43651621-2019,2019,Homicídio Provocado por Projétil de Arma de Fogo,Homicídio doloso,Santa cruz,Santa Cruz
96652571-2019,2019,Homicídio Provocado por Asfixia,Homicídio doloso,Sao cristovao,São Cristóvão
13866661-2019,2019,Homicídio Provocado por Emprego de Arma Branca,Homicídio doloso,Rio das pedras,Itanhangá
46544801-2019,2019,Morte por Intervenção de Agente do Estado,Morte por intervenção de agente do Estado,Deodoro,Deodoro
46544801-2019,2019,Morte por Intervenção de Agente do Estado,Morte por intervenção de agente do Estado,Deodoro,Deodoro
50743961-2019,2019,Homicídio Provocado por Projétil de Arma de Fogo,Homicídio doloso,Campo grande,Campo Grande
61566291-2019,2019,Morte por Intervenção de Agente do Estado,Morte por intervenção de agente do Estado,Bonsucesso,Bonsucesso
11203542-2019,2019,Homicídio Provocado por Projétil de Arma de Fogo,Homicídio doloso,Mariopolis,Anchieta
19055241-2019,2019,Morte por Intervenção de Agente do Estado,Morte por intervenção de agente do Estado,Santissimo,Santíssimo
19055241-2019,2019,Morte por Intervenção de Agente do Estado,Morte por intervenção de agente do Estado,Santissimo,Santíssimo
78618511-2019,2019,Morte por Intervenção de Agente do Estado,Morte por intervenção de agente do Estado,Manguinhos,Manguinhos
15489291-2019,2019,Morte por Intervenção de Agente do Estado,Morte por intervenção de agente do Estado,Piedade,Piedade
15489291-2019,2019,Morte por Intervenção de Agente do Estado,Morte por intervenção de agente do Estado,Piedade,Piedade
15489291-2019,2019,Morte por Intervenção de Agente do Estado,Morte por intervenção de agente do Estado,Piedade,Piedade
26203511-2019,2019,Morte por Intervenção de Agente do Estado,Morte por intervenção de agente do Estado,Manguinhos,Manguinhos
40278961-2019,2019,Homicídio (outros),Homicídio doloso,Rocha miranda,Rocha Miranda
76685691-2019,2019,Morte por Intervenção de Agente do Estado,Morte por intervenção de agente do Estado,Anchieta,Anchieta
93971461-2019,2019,Homicídio (outros),Homicídio doloso,Freguesia,Freguesia (Jacarepaguá)
08029161-2019,2019,Homicídio Provocado por Projétil de Arma de Fogo,Homicídio doloso,Complexo do alemao,Complexo do Alemão
35675131-2019,2019,Homicídio Provocado por Projétil de Arma de Fogo,Homicídio doloso,Flamengo,Flamengo
37260141-2019,2019,Morte por Intervenção de Agente do Estado,Morte por intervenção de agente do Estado,Barros filho,Barros Filho
39774181-2019,2019,Morte por Intervenção de Agente do Estado,Morte por intervenção de agente do Estado,Bangu,Bangu
39774181-2019,2019,Morte por Intervenção de Agente do Estado,Morte por intervenção de agente do Estado,Bangu,Bangu
65048951-2019,2019,Morte por Intervenção de Agente do Estado,Morte por intervenção de agente do Estado,Bangu,Bangu
73057341-2019,2019,Homicídio Provocado por Projétil de Arma de Fogo,Homicídio doloso,Vila do joao,Maré
89049381-2019,2019,Homicídio (outros),Homicídio doloso,Inhauma,Inhaúma
92562501-2019,2019,Roubo Seguido de Morte Provocado por Projétil de Arma de Fogo,Latrocínio (Roubo seguido de morte),Olaria,Olaria
16000261-2019,2019,Homicídio (outros),Homicídio doloso,Guadalupe,Guadalupe
20776821-2019,2019,Morte por Intervenção de Agente do Estado,Morte por intervenção de agente do Estado,Cidade de deus,Cidade de Deus
20776821-2019,2019,Morte por Intervenção de Agente do Estado,Morte por intervenção de agente do Estado,Cidade de deus,Cidade de Deus
20776821-2019,2019,Morte por Intervenção de Agente do Estado,Morte por intervenção de agente do Estado,Cidade de deus,Cidade de Deus
20776821-2019,2019,Morte por Intervenção de Agente do Estado,Morte por intervenção de agente do Estado,Cidade de deus,Cidade de Deus
25593431-2019,2019,Homicídio Provocado por Projétil de Arma de Fogo,Homicídio doloso,Augusto vasconcellos,Senador Vasconcelos
87193612-2019,2019,Morte por Intervenção de Agente do Estado,Morte por intervenção de agente do Estado,Tijuca,Tijuca
87193612-2019,2019,Morte por Intervenção de Agente do Estado,Morte por intervenção de agente do Estado,Tijuca,Tijuca
09866761-2019,2019,Homicídio Provocado por Projétil de Arma de Fogo,Homicídio doloso,Madureira,Madureira
23825871-2019,2019,Homicídio Provocado por Projétil de Arma de Fogo,Homicídio doloso,Guaratiba,Guaratiba
41935081-2019,2019,Homicídio Provocado por Projétil de Arma de Fogo,Homicídio doloso,Jardim guanabara,Jardim Guanabara
59238701-2019,2019,Homicídio Provocado por Projétil de Arma de Fogo,Homicídio doloso,Tijuca,Tijuca
79060851-2019,2019,Morte por Intervenção de Agente do Estado,Morte por intervenção de agente do Estado,Bangu,Bangu
81736661-2019,2019,Morte por Intervenção de Agente do Estado,Morte por intervenção de agente do Estado,Madureira,Madureira
05617911-2019,2019,Homicídio Provocado por Projétil de Arma de Fogo,Homicídio doloso,Bangu,Bangu
26804841-2019,2019,Homicídio Provocado por Asfixia,Homicídio doloso,Cidade de deus,Cidade de Deus
49205891-2019,2019,Homicídio Provocado por Projétil de Arma de Fogo,Homicídio doloso,Encantado,Encantado
49205891-2019,2019,Homicídio Provocado por Projétil de Arma de Fogo,Homicídio doloso,Encantado,Encantado
50587521-2019,2019,Homicídio Provocado por Projétil de Arma de Fogo,Homicídio doloso,Parada de lucas,Parada de Lucas
87780881-2019,2019,Homicídio Provocado por Projétil de Arma de Fogo,Homicídio doloso,Jacare,Jacaré
15507021-2019,2019,Homicídio (outros),Homicídio doloso,Padre miguel,Padre Miguel
26611262-2019,2019,Homicídio Provocado por Queimaduras,Homicídio doloso,Rocinha,Rocinha
57812921-2019,2019,Homicídio (outros),Homicídio doloso,Vicente de carvalho,Vicente de Carvalho
71210411-2019,2019,Morte por Intervenção de Agente do Estado,Morte por intervenção de agente do Estado,Piedade,Piedade
72332641-2019,2019,Morte por Intervenção de Agente do Estado,Morte por intervenção de agente do Estado,Bangu,Bangu
10655221-2019,2019,Homicídio (outros),Homicídio doloso,Jacare,Jacaré
10655221-2019,2019,Homicídio (outros),Homicídio doloso,Jacare,Jacaré
24934401-2019,2019,Homicídio Provocado por Projétil de Arma de Fogo,Homicídio doloso,Bangu,Bangu
29310101-2019,2019,Morte por Intervenção de Agente do Estado,Morte por intervenção de agente do Estado,Jacare,Jacaré
38838451-2019,2019,Homicídio Provocado por Asfixia,Homicídio doloso,Pavuna,Pavuna
15307291-2019,2019,Morte por Intervenção de Agente do Estado,Morte por intervenção de agente do Estado,Complexo do alemao,Complexo do Alemão
20469531-2019,2019,Morte por Intervenção de Agente do Estado,Morte por intervenção de agente do Estado,Sao cristovao,São Cristóvão
23508541-2019,2019,Homicídio Provocado por Projétil de Arma de Fogo,Homicídio doloso,Costa barros,Costa Barros
31777001-2019,2019,Homicídio Provocado por Projétil de Arma de Fogo,Homicídio doloso,Penha,Penha
78598001-2019,2019,Homicídio Provocado por Projétil de Arma de Fogo,Homicídio doloso,Tanque,Tanque
89847841-2019,2019,Homicídio Provocado por Projétil de Arma de Fogo,Homicídio doloso,Madureira,Madureira
90551681-2019,2019,Homicídio (outros),Homicídio doloso,Cavalcanti,Cavalcanti
92628271-2019,2019,Homicídio Provocado por Projétil de Arma de Fogo,Homicídio doloso,Complexo da penha,Penha
99149241-2019,2019,Homicídio Provocado por Projétil de Arma de Fogo,Homicídio doloso,Complexo do alemao,Complexo do Alemão
11760071-2019,2019,Homicídio (outros),Homicídio doloso,Piedade,Piedade
56605341-2019,2019,Homicídio Provocado por Projétil de Arma de Fogo,Homicídio doloso,Rocha miranda,Rocha Miranda
61382591-2019,2019,Morte por Intervenção de Agente do Estado,Morte por intervenção de agente do Estado,Padre miguel,Padre Miguel
62647701-2019,2019,Homicídio Provocado por Projétil de Arma de Fogo,Homicídio doloso,Vaz lobo,Vaz Lobo
65957351-2019,2019,Homicídio (outros),Homicídio doloso,Cavalcanti,Cavalcanti
86633281-2019,2019,Morte por Intervenção de Agente do Estado,Morte por intervenção de agente do Estado,Benfica,Benfica
86633281-2019,2019,Morte por Intervenção de Agente do Estado,Morte por intervenção de agente do Estado,Benfica,Benfica
14539041-2019,2019,Morte por Intervenção de Agente do Estado,Morte por intervenção de agente do Estado,Complexo do alemao,Complexo do Alemão
80296881-2019,2019,Homicídio Provocado por Emprego de Arma Branca,Homicídio doloso,Bangu,Bangu
25470891-2019,2019,Homicídio Provocado por Projétil de Arma de Fogo,Homicídio doloso,Engenho novo,Engenho Novo
89974811-2019,2019,Homicídio Provocado por Projétil de Arma de Fogo,Homicídio doloso,Oswaldo cruz,Oswaldo Cruz
45090341-2019,2019,Homicídio (outros),Homicídio doloso,Ramos,Ramos
95180971-2019,2019,Homicídio (outros),Homicídio doloso,Jardim guanabara (ilha do gove,Jardim Guanabara
99014561-2019,2019,Morte por Intervenção de Agente do Estado,Morte por intervenção de agente do Estado,Pavuna,Pavuna
25315361-2019,2019,Morte por Intervenção de Agente do Estado,Morte por intervenção de agente do Estado,Maracana,Maracanã
46281601-2019,2019,Homicídio (outros),Homicídio doloso,Santa cruz,Santa Cruz
61253631-2019,2019,Homicídio Provocado por Projétil de Arma de Fogo,Homicídio doloso,Madureira,Madureira
66749451-2019,2019,Homicídio (outros),Homicídio doloso,Pedra de guaratiba,Pedra de Guaratiba
97401861-2019,2019,Homicídio (outros),Homicídio doloso,Iraja,Irajá
13926411-2019,2019,Homicídio Provocado por Projétil de Arma de Fogo,Homicídio doloso,Maracana,Maracanã
41558081-2019,2019,Homicídio Provocado por Projétil de Arma de Fogo,Homicídio doloso,Vicente de carvalho,Vicente de Carvalho
46579111-2019,2019,Homicídio Provocado por Projétil de Arma de Fogo,Homicídio doloso,Ricardo de albuquerque,Ricardo de Albuquerque
06410342-2019,2019,Homicídio Provocado por Emprego de Arma Branca,Homicídio doloso,Bangu,Bangu
34681261-2019,2019,Homicídio Provocado por Projétil de Arma de Fogo,Homicídio doloso,Rio das pedras,Itanhangá
35666771-2019,2019,Homicídio Provocado por Projétil de Arma de Fogo,Homicídio doloso,Bangu,Bangu
46085491-2019,2019,Morte por Intervenção de Agente do Estado,Morte por intervenção de agente do Estado,Santo cristo,Santo Cristo
46085491-2019,2019,Morte por Intervenção de Agente do Estado,Morte por intervenção de agente do Estado,Santo cristo,Santo Cristo
55975521-2019,2019,Homicídio Provocado por Projétil de Arma de Fogo,Homicídio doloso,Barros filho,Barros Filho
57316461-2019,2019,Homicídio Provocado por Projétil de Arma de Fogo,Homicídio doloso,Cidade universitaria,Cidade Universitária
02907651-2019,2019,Homicídio Provocado por Projétil de Arma de Fogo,Homicídio doloso,Praca seca,Praça Seca
02907651-2019,2019,Homicídio Provocado por Projétil de Arma de Fogo,Homicídio doloso,Praca seca,Praça Seca
25860581-2019,2019,Morte por Intervenção de Agente do Estado,Morte por intervenção de agente do Estado,Cordovil,Cordovil
50714691-2019,2019,Homicídio Provocado por Projétil de Arma de Fogo,Homicídio doloso,Gardenia azul,Gardênia Azul
39648731-2019,2019,Homicídio Provocado por Projétil de Arma de Fogo,Homicídio doloso,Curicica,Curicica
53316921-2019,2019,Morte por Intervenção de Agente do Estado,Morte por intervenção de agente do Estado,Vila isabel,Vila Isabel
58214921-2019,2019,Homicídio Provocado por Projétil de Arma de Fogo,Homicídio doloso,Campo grande,Campo Grande
84368991-2019,2019,Homicídio (outros),Homicídio doloso,Alto da boa vista,Alto da Boa Vista
02125291-2019,2019,Homicídio (outros),Homicídio doloso,Bangu,Bangu
97653401-2019,2019,Homicídio Provocado por Projétil de Arma de Fogo,Homicídio doloso,Bangu,Bangu
28145771-2019,2019,Homicídio Provocado por Projétil de Arma de Fogo,Homicídio doloso,Bangu,Bangu
81366231-2019,2019,Homicídio Provocado por Projétil de Arma de Fogo,Homicídio doloso,Marechal hermes,Marechal Hermes
19862821-2019,2019,Morte por Intervenção de Agente do Estado,Morte por intervenção de agente do Estado,Olaria,Olaria
53353781-2019,2019,Morte por Intervenção de Agente do Estado,Morte por intervenção de agente do Estado,Realengo,Realengo
58872791-2019,2019,Homicídio (outros),Homicídio doloso,Vicente de carvalho,Vicente de Carvalho
98938821-2019,2019,Homicídio (outros),Homicídio doloso,Engenho novo,Engenho Novo
41185911-2019,2019,Homicídio Provocado por Projétil de Arma de Fogo,Homicídio doloso,Costa barros,Costa Barros
71588691-2019,2019,Homicídio Provocado por Projétil de Arma de Fogo,Homicídio doloso,Pavuna,Pavuna
83298961-2019,2019,Roubo Seguido de Morte Provocado por Arma Branca,Latrocínio (Roubo seguido de morte),Ipanema,Ipanema
01404451-2019,2019,Morte por Intervenção de Agente do Estado,Morte por intervenção de agente do Estado,Galeao,Galeão
52435571-2019,2019,Homicídio Provocado por Projétil de Arma de Fogo,Homicídio doloso,Ricardo de albuquerque,Ricardo de Albuquerque
66195611-2019,2019,Homicídio (outros),Homicídio doloso,Bangu,Bangu
92017371-2019,2019,Homicídio (outros),Homicídio doloso,Realengo,Realengo
01604771-2019,2019,Morte por Intervenção de Agente do Estado,Morte por intervenção de agente do Estado,Campo grande,Campo Grande
12308681-2019,2019,Homicídio Provocado por Projétil de Arma de Fogo,Homicídio doloso,Recreio dos bandeirantes,Recreio dos Bandeirantes
58129071-2019,2019,Homicídio Provocado por Projétil de Arma de Fogo,Homicídio doloso,Jacarepagua,Jacarepaguá
01730961-2019,2019,Homicídio (outros),Homicídio doloso,Taquara,Taquara
34204711-2019,2019,Homicídio (outros),Homicídio doloso,Colegio,Colégio
06652931-2019,2019,Morte por Intervenção de Agente do Estado,Morte por intervenção de agente do Estado,Rocha miranda,Rocha Miranda
41008671-2019,2019,Homicídio Provocado por Projétil de Arma de Fogo,Homicídio doloso,Guadalupe,Guadalupe
45092391-2019,2019,Homicídio Provocado por Projétil de Arma de Fogo,Homicídio doloso,Padre miguel,Padre Miguel
58620681-2019,2019,Morte por Intervenção de Agente do Estado,Morte por intervenção de agente do Estado,Pavuna,Pavuna
74665751-2019,2019,Homicídio Provocado por Pedrada,Homicídio doloso,Coelho neto,Coelho Neto
02084981-2019,2019,Homicídio Provocado por Projétil de Arma de Fogo,Homicídio doloso,Complexo do alemao,Complexo do Alemão
06125901-2019,2019,Morte por Intervenção de Agente do Estado,Morte por intervenção de agente do Estado,Vaz lobo,Vaz Lobo
42741691-2019,2019,Homicídio Provocado por Emprego de Arma Branca,Homicídio doloso,Jacarezinho,Jacarezinho
43562471-2019,2019,Homicídio Provocado por Projétil de Arma de Fogo,Homicídio doloso,Piedade,Piedade
47396671-2019,2019,Homicídio (outros),Homicídio doloso,Ilha do fundao,Cidade Universitária
50798321-2019,2019,Homicídio (outros),Homicídio doloso,Copacabana,Copacabana
52225851-2019,2019,Homicídio Provocado por Projétil de Arma de Fogo,Homicídio doloso,Bangu,Bangu
70787031-2019,2019,Homicídio Provocado por Projétil de Arma de Fogo,Homicídio doloso,Bangu,Bangu
34841541-2019,2019,Roubo Seguido de Morte Provocado por Projétil de Arma de Fogo,Latrocínio (Roubo seguido de morte),Rio comprido,Rio Comprido
15048131-2019,2019,Morte por Intervenção de Agente do Estado,Morte por intervenção de agente do Estado,Campo grande,Campo Grande
61390061-2019,2019,Homicídio (outros),Homicídio doloso,Bangu,Bangu
05242841-2019,2019,Homicídio Provocado por Projétil de Arma de Fogo,Homicídio doloso,Mare,Maré
14340481-2019,2019,Morte por Intervenção de Agente do Estado,Morte por intervenção de agente do Estado,Bras de pina,Brás de Pina
21640191-2019,2019,Morte por Intervenção de Agente do Estado,Morte por intervenção de agente do Estado,Bangu,Bangu
44439641-2019,2019,Homicídio (outros),Homicídio doloso,Rio comprido,Rio Comprido
44439641-2019,2019,Homicídio (outros),Homicídio doloso,Rio comprido,Rio Comprido
51465341-2019,2019,Morte por Intervenção de Agente do Estado,Morte por intervenção de agente do Estado,Costa barros,Costa Barros
73595541-2019,2019,Homicídio Provocado por Projétil de Arma de Fogo,Homicídio doloso,Comunidade da mare,Maré
96250471-2019,2019,Morte por Intervenção de Agente do Estado,Morte por intervenção de agente do Estado,Comunidade furquim mendes,Vigário Geral
98020691-2019,2019,Morte por Intervenção de Agente do Estado,Morte por intervenção de agente do Estado,Coelho neto,Coelho Neto
55413471-2019,2019,Homicídio Provocado por Projétil de Arma de Fogo,Homicídio doloso,Mare,Maré
24562961-2019,2019,Homicídio Provocado por Projétil de Arma de Fogo,Homicídio doloso,Bangu,Bangu
41573491-2019,2019,Morte por Intervenção de Agente do Estado,Morte por intervenção de agente do Estado,Bangu,Bangu
52412051-2019,2019,Homicídio Provocado por Emprego de Arma Branca,Homicídio doloso,Campo grande,Campo Grande
67955291-2019,2019,Homicídio Provocado por Projétil de Arma de Fogo,Homicídio doloso,Inhauma,Inhaúma
85856621-2019,2019,Morte por Intervenção de Agente do Estado,Morte por intervenção de agente do Estado,Guadalupe,Guadalupe
02842711-2019,2019,Homicídio Provocado por Paulada,Homicídio doloso,Marechal hermes,Marechal Hermes
52675022-2019,2019,Morte por Intervenção de Agente do Estado,Morte por intervenção de agente do Estado,Cordovil,Cordovil
75574911-2019,2019,Morte por Intervenção de Agente do Estado,Morte por intervenção de agente do Estado,Barra da tijuca,Barra da Tijuca
37463911-2019,2019,Morte por Intervenção de Agente do Estado,Morte por intervenção de agente do Estado,Penha,Penha
42259171-2019,2019,Morte por Intervenção de Agente do Estado,Morte por intervenção de agente do Estado,Jacare,Jacaré
68477151-2019,2019,Morte por Intervenção de Agente do Estado,Morte por intervenção de agente do Estado,Barros filho,Barros Filho
81430251-2019,2019,Homicídio Provocado por Projétil de Arma de Fogo,Homicídio doloso,Recreio dos bandeirantes,Recreio dos Bandeirantes
81430251-2019,2019,Homicídio Provocado por Projétil de Arma de Fogo,Homicídio doloso,Recreio dos bandeirantes,Recreio dos Bandeirantes
02137001-2019,2019,Morte por Intervenção de Agente do Estado,Morte por intervenção de agente do Estado,Cordovil,Cordovil
02137001-2019,2019,Morte por Intervenção de Agente do Estado,Morte por intervenção de agente do Estado,Cordovil,Cordovil
17118291-2019,2019,Homicídio (outros),Homicídio doloso,Realengo,Realengo
50379551-2019,2019,Morte por Intervenção de Agente do Estado,Morte por intervenção de agente do Estado,Engenho da rainha,Engenho da Rainha
54210761-2019,2019,Morte por Intervenção de Agente do Estado,Morte por intervenção de agente do Estado,Parada de lucas,Parada de Lucas
55163881-2019,2019,Morte por Intervenção de Agente do Estado,Morte por intervenção de agente do Estado,Pilares,Pilares
55762601-2019,2019,Morte por Intervenção de Agente do Estado,Morte por intervenção de agente do Estado,Anil,Anil
58342381-2019,2019,Morte por Intervenção de Agente do Estado,Morte por intervenção de agente do Estado,Engenho novo,Engenho Novo
04041141-2019,2019,Morte por Intervenção de Agente do Estado,Morte por intervenção de agente do Estado,Lins de vasconcelos,Lins de Vasconcelos
23732961-2019,2019,Roubo Seguido de Morte Provocado por Projétil de Arma de Fogo,Latrocínio (Roubo seguido de morte),Oswaldo cruz,Oswaldo Cruz
13924541-2019,2019,Morte por Intervenção de Agente do Estado,Morte por intervenção de agente do Estado,Ricardo de albuquerque,Ricardo de Albuquerque
49761351-2019,2019,Morte por Intervenção de Agente do Estado,Morte por intervenção de agente do Estado,Cidade de deus,Cidade de Deus
75184601-2019,2019,Homicídio Provocado por Projétil de Arma de Fogo,Homicídio doloso,Jacarepagua,Jacarepaguá
36430981-2019,2019,Homicídio Provocado por Projétil de Arma de Fogo,Homicídio doloso,- catumbi,Catumbi
45563181-2019,2019,Homicídio Provocado por Projétil de Arma de Fogo,Homicídio doloso,Quintino bocaiuva,Quintino Bocaiúva
45563181-2019,2019,Homicídio Provocado por Projétil de Arma de Fogo,Homicídio doloso,Quintino bocaiuva,Quintino Bocaiúva
19175101-2019,2019,Lesão Corporal Seguida de Morte (outros),Lesão corporal seguida de morte,Realengo,Realengo
34705091-2019,2019,Homicídio Provocado por Projétil de Arma de Fogo,Homicídio doloso,Costa barros,Costa Barros
39732011-2019,2019,Morte por Intervenção de Agente do Estado,Morte por intervenção de agente do Estado,Pavuna,Pavuna
52846581-2019,2019,Homicídio Provocado por Projétil de Arma de Fogo,Homicídio doloso,Rocha,Rocha
96928591-2019,2019,Homicídio Provocado por Projétil de Arma de Fogo,Homicídio doloso,Recreio dos bandeirantes,Recreio dos Bandeirantes
08236831-2019,2019,Homicídio Provocado por Projétil de Arma de Fogo,Homicídio doloso,Bangu,Bangu
10053651-2019,2019,Morte por Intervenção de Agente do Estado,Morte por intervenção de agente do Estado,Senador camara,Senador Camará
10053651-2019,2019,Morte por Intervenção de Agente do Estado,Morte por intervenção de agente do Estado,Senador camara,Senador Camará
11737972-2019,2019,Morte por Intervenção de Agente do Estado,Morte por intervenção de agente do Estado,Agua santa,Água Santa
11737972-2019,2019,Morte por Intervenção de Agente do Estado,Morte por intervenção de agente do Estado,Agua santa,Água Santa
17075631-2019,2019,Morte por Intervenção de Agente do Estado,Morte por intervenção de agente do Estado,Jacare,Jacaré
29013211-2019,2019,Homicídio Provocado por Projétil de Arma de Fogo,Homicídio doloso,Jacare,Jacaré
52373141-2019,2019,Morte por Intervenção de Agente do Estado,Morte por intervenção de agente do Estado,Jacare,Jacaré
55839201-2019,2019,Homicídio Provocado por Projétil de Arma de Fogo,Homicídio doloso,Jacare,Jacaré
57430881-2019,2019,Homicídio Provocado por Projétil de Arma de Fogo,Homicídio doloso,Piedade,Piedade
75227391-2019,2019,Morte por Intervenção de Agente do Estado,Morte por intervenção de agente do Estado,Jacare,Jacaré
76144361-2019,2019,Homicídio Provocado por Projétil de Arma de Fogo,Homicídio doloso,Jacare,Jacaré
00015641-2019,2019,Homicídio Provocado por Emprego de Arma Branca,Homicídio doloso,Mangueira,Mangueira
36598351-2019,2019,Homicídio Provocado por Projétil de Arma de Fogo,Homicídio doloso,Recreio dos bandeirantes,Recreio dos Bandeirantes
39208201-2019,2019,Homicídio Provocado por Projétil de Arma de Fogo,Homicídio doloso,Barra de guaratiba,Barra de Guaratiba
65916021-2019,2019,Morte por Intervenção de Agente do Estado,Morte por intervenção de agente do Estado,Paciencia,Paciência
02971131-2019,2019,Homicídio Provocado por Projétil de Arma de Fogo,Homicídio doloso,Complexo do alemao,Complexo do Alemão
12667981-2019,2019,Morte por Intervenção de Agente do Estado,Morte por intervenção de agente do Estado,Complexo do alemao,Complexo do Alemão
18827851-2019,2019,Morte por Intervenção de Agente do Estado,Morte por intervenção de agente do Estado,-engenho da rainha,Engenho da Rainha
37492872-2019,2019,Homicídio Provocado por Emprego de Arma Branca,Homicídio doloso,Guaratiba,Guaratiba
40766941-2019,2019,Morte por Intervenção de Agente do Estado,Morte por intervenção de agente do Estado,Realengo,Realengo
76747291-2019,2019,Homicídio Provocado por Projétil de Arma de Fogo,Homicídio doloso,Vicente de carvalho,Vicente de Carvalho
00759031-2019,2019,Homicídio (outros),Homicídio doloso,Campo grande,Campo Grande
08272551-2019,2019,Morte por Intervenção de Agente do Estado,Morte por intervenção de agente do Estado,Senador camara,Senador Camará
75206341-2019,2019,Homicídio Provocado por Projétil de Arma de Fogo,Homicídio doloso,Magalhaes bastos,Magalhães Bastos
79256901-2019,2019,Morte por Intervenção de Agente do Estado,Morte por intervenção de agente do Estado,Santa teresa,Santa Teresa
79256901-2019,2019,Morte por Intervenção de Agente do Estado,Morte por intervenção de agente do Estado,Santa teresa,Santa Teresa
08129951-2019,2019,Morte por Intervenção de Agente do Estado,Morte por intervenção de agente do Estado,Acari,Acari
40820771-2019,2019,Morte por Intervenção de Agente do Estado,Morte por intervenção de agente do Estado,Taquara,Taquara
46425361-2019,2019,Homicídio Provocado por Projétil de Arma de Fogo,Homicídio doloso,Fazendinha/inhauma,Inhaúma
21553581-2019,2019,Homicídio Provocado por Projétil de Arma de Fogo,Homicídio doloso,Recreio dos bandeirantes,Recreio dos Bandeirantes
32126621-2019,2019,Morte por Intervenção de Agente do Estado,Morte por intervenção de agente do Estado,Relengo,Realengo
32126621-2019,2019,Morte por Intervenção de Agente do Estado,Morte por intervenção de agente do Estado,Relengo,Realengo
38447691-2019,2019,Homicídio Provocado por Projétil de Arma de Fogo,Homicídio doloso,Rocha,Rocha
42789581-2019,2019,Homicídio Provocado por Projétil de Arma de Fogo,Homicídio doloso,Bangu,Bangu
93602291-2019,2019,Lesão Corporal Seguida de Morte (outros),Lesão corporal seguida de morte,Bangu,Bangu
99962691-2019,2019,Morte por Intervenção de Agente do Estado,Morte por intervenção de agente do Estado,Cidade de deus,Cidade de Deus
28282331-2019,2019,Homicídio Provocado por Projétil de Arma de Fogo,Homicídio doloso,Realengo,Realengo
78995341-2019,2019,Morte por Intervenção de Agente do Estado,Morte por intervenção de agente do Estado,Cidade de deus,Cidade de Deus
84987861-2019,2019,Homicídio Provocado por Projétil de Arma de Fogo,Homicídio doloso,Jardim carioca,Jardim Carioca
84987861-2019,2019,Homicídio Provocado por Projétil de Arma de Fogo,Homicídio doloso,Jardim carioca,Jardim Carioca
84987861-2019,2019,Homicídio Provocado por Projétil de Arma de Fogo,Homicídio doloso,Jardim carioca,Jardim Carioca
20487431-2019,2019,Homicídio (outros),Homicídio doloso,Bonsucesso,Bonsucesso
77152061-2019,2019,Homicídio Provocado por Projétil de Arma de Fogo,Homicídio doloso,Guadalupe,Guadalupe
98317931-2019,2019,Homicídio Provocado por Projétil de Arma de Fogo,Homicídio doloso,Pavuna,Pavuna
80698901-2019,2019,Roubo Seguido de Morte Provocado por Projétil de Arma de Fogo,Latrocínio (Roubo seguido de morte),Centro,Centro
99927221-2019,2019,Homicídio (outros),Homicídio doloso,Bonsucesso,Bonsucesso
03752951-2019,2019,Homicídio Provocado por Emprego de Arma Branca,Homicídio doloso,Taua,Tauá
77827541-2019,2019,Homicídio (outros),Homicídio doloso,Santa cruz,Santa Cruz
83386271-2019,2019,Homicídio Provocado por Projétil de Arma de Fogo,Homicídio doloso,Penha,Penha
91253561-2019,2019,Homicídio (outros),Homicídio doloso,Padre miguel,Padre Miguel
09641612-2019,2019,Homicídio Provocado por Projétil de Arma de Fogo,Homicídio doloso,Realengo,Realengo
20497521-2019,2019,Homicídio (outros),Homicídio doloso,Centro,Centro
22286091-2019,2019,Homicídio (outros),Homicídio doloso,Centro,Centro
45981261-2019,2019,Homicídio Provocado por Emprego de Arma Branca,Homicídio doloso,Cascadura,Cascadura
74153011-2019,2019,Lesão Corporal Seguida de Morte (outros),Lesão corporal seguida de morte,Engenho da rainha,Engenho da Rainha
75612421-2019,2019,Homicídio Provocado por Emprego de Arma Branca,Homicídio doloso,Botafogo,Botafogo
75612421-2019,2019,Homicídio Provocado por Emprego de Arma Branca,Homicídio doloso,Botafogo,Botafogo
01242641-2019,2019,Homicídio Provocado por Emprego de Arma Branca,Homicídio doloso,Centro,Centro
13109731-2019,2019,Homicídio Provocado por Projétil de Arma de Fogo,Homicídio doloso,Santissimo,Santíssimo
85245881-2019,2019,Morte por Intervenção de Agente do Estado,Morte por intervenção de agente do Estado,Agua santa,Água Santa
85245881-2019,2019,Morte por Intervenção de Agente do Estado,Morte por intervenção de agente do Estado,Agua santa,Água Santa
96179401-2019,2019,Morte por Intervenção de Agente do Estado,Morte por intervenção de agente do Estado,Costa barros,Costa Barros
01254061-2019,2019,Homicídio Provocado por Projétil de Arma de Fogo,Homicídio doloso,Campo grande,Campo Grande
90380281-2019,2019,Homicídio Provocado por Projétil de Arma de Fogo,Homicídio doloso,Campo grande,Campo Grande
98895231-2019,2019,Homicídio Provocado por Projétil de Arma de Fogo,Homicídio doloso,Cordovil,Cordovil
99996741-2019,2019,Homicídio Provocado por Projétil de Arma de Fogo,Homicídio doloso,Taquara,Taquara
19305031-2019,2019,Homicídio Provocado por Projétil de Arma de Fogo,Homicídio doloso,Costa barros,Costa Barros
47317631-2019,2019,Morte por Intervenção de Agente do Estado,Morte por intervenção de agente do Estado,Comunidade da coroa,Santa Teresa
21777321-2019,2019,Morte por Intervenção de Agente do Estado,Morte por intervenção de agente do Estado,Madureira,Madureira
21777321-2019,2019,Morte por Intervenção de Agente do Estado,Morte por intervenção de agente do Estado,Madureira,Madureira
88010031-2019,2019,Morte por Intervenção de Agente do Estado,Morte por intervenção de agente do Estado,Pavuna,Pavuna
88010031-2019,2019,Morte por Intervenção de Agente do Estado,Morte por intervenção de agente do Estado,Pavuna,Pavuna
28756661-2019,2019,Morte por Intervenção de Agente do Estado,Morte por intervenção de agente do Estado,Pavuna,Pavuna
29111931-2019,2019,Homicídio Provocado por Projétil de Arma de Fogo,Homicídio doloso,Copacabana,Copacabana
67736291-2019,2019,Homicídio Provocado por Projétil de Arma de Fogo,Homicídio doloso,Taquara,Taquara
78572911-2019,2019,Homicídio (outros),Homicídio doloso,Ramos,Ramos
63546061-2019,2019,Morte por Intervenção de Agente do Estado,Morte por intervenção de agente do Estado,Ipanema,Ipanema
71031691-2019,2019,Morte por Intervenção de Agente do Estado,Morte por intervenção de agente do Estado,Pilares,Pilares
10654411-2019,2019,Morte por Intervenção de Agente do Estado,Morte por intervenção de agente do Estado,Cidade de deus,Cidade de Deus
12647921-2019,2019,Homicídio Provocado por Projétil de Arma de Fogo,Homicídio doloso,Jacarepagua,Jacarepaguá
17364941-2019,2019,Homicídio Provocado por Projétil de Arma de Fogo,Homicídio doloso,Acari,Acari
35211231-2019,2019,Homicídio Provocado por Projétil de Arma de Fogo,Homicídio doloso,Guadalupe,Guadalupe
57221501-2019,2019,Homicídio Provocado por Projétil de Arma de Fogo,Homicídio doloso,Santissimo,Santíssimo
70990001-2019,2019,Homicídio Provocado por Projétil de Arma de Fogo,Homicídio doloso,Guadalupe,Guadalupe
78881321-2019,2019,Homicídio Provocado por Projétil de Arma de Fogo,Homicídio doloso,Praca seca,Praça Seca
99234641-2019,2019,Homicídio Provocado por Projétil de Arma de Fogo,Homicídio doloso,Iraja,Irajá
08216601-2019,2019,Morte por Intervenção de Agente do Estado,Morte por intervenção de agente do Estado,Ricardo de albuquerque,Ricardo de Albuquerque
29175961-2019,2019,Homicídio Provocado por Projétil de Arma de Fogo,Homicídio doloso,Anchieta,Anchieta
37849301-2019,2019,Homicídio Provocado por Projétil de Arma de Fogo,Homicídio doloso,Manguinhos,Manguinhos
42499451-2019,2019,Morte por Intervenção de Agente do Estado,Morte por intervenção de agente do Estado,Barros filho,Barros Filho
43810521-2019,2019,Lesão Corporal Seguida de Morte (outros),Lesão corporal seguida de morte,Penha,Penha
67155401-2019,2019,Homicídio Provocado por Projétil de Arma de Fogo,Homicídio doloso,Campo grande,Campo Grande
52643711-2019,2019,Morte por Intervenção de Agente do Estado,Morte por intervenção de agente do Estado,Lins de vasconcelos,Lins de Vasconcelos
75644351-2019,2019,Morte por Intervenção de Agente do Estado,Morte por intervenção de agente do Estado,Deodoro,Deodoro
07504041-2019,2019,Morte por Intervenção de Agente do Estado,Morte por intervenção de agente do Estado,Padre miguel,Padre Miguel
25316711-2019,2019,Morte por Intervenção de Agente do Estado,Morte por intervenção de agente do Estado,Benfica,Benfica
58082131-2019,2019,Homicídio Provocado por Projétil de Arma de Fogo,Homicídio doloso,Inhauma,Inhaúma
58082131-2019,2019,Homicídio Provocado por Projétil de Arma de Fogo,Homicídio doloso,Inhauma,Inhaúma
49807721-2019,2019,Homicídio Provocado por Projétil de Arma de Fogo,Homicídio doloso,Pavuna,Pavuna
53120791-2019,2019,Homicídio Provocado por Projétil de Arma de Fogo,Homicídio doloso,Manguinhos,Manguinhos
68702631-2019,2019,Morte por Intervenção de Agente do Estado,Morte por intervenção de agente do Estado,Pavuna,Pavuna
24454981-2019,2019,Morte por Intervenção de Agente do Estado,Morte por intervenção de agente do Estado,Bangu,Bangu
44132451-2019,2019,Morte por Intervenção de Agente do Estado,Morte por intervenção de agente do Estado,Manguinhos,Manguinhos
48452791-2019,2019,Morte por Intervenção de Agente do Estado,Morte por intervenção de agente do Estado,Manguinhos,Manguinhos
21506522-2019,2019,Homicídio Provocado por Asfixia,Homicídio doloso,Humaita,Humaitá
42573741-2019,2019,Homicídio Provocado por Projétil de Arma de Fogo,Homicídio doloso,Iraja,Irajá
56929061-2019,2019,Homicídio Provocado por Projétil de Arma de Fogo,Homicídio doloso,Olaria,Olaria
80654871-2019,2019,Homicídio Provocado por Emprego de Arma Branca,Homicídio doloso,Caju,Caju
14392131-2019,2019,Homicídio Provocado por Projétil de Arma de Fogo,Homicídio doloso,Padre miguel,Padre Miguel
57282301-2019,2019,Homicídio (outros),Homicídio doloso,Pavuna,Pavuna
57282301-2019,2019,Homicídio (outros),Homicídio doloso,Pavuna,Pavuna
85277141-2019,2019,Homicídio (outros),Homicídio doloso,Agua santa,Água Santa
90997451-2019,2019,Morte por Intervenção de Agente do Estado,Morte por intervenção de agente do Estado,Campo grande,Campo Grande
98911611-2019,2019,Morte por Intervenção de Agente do Estado,Morte por intervenção de agente do Estado,Jacarepagua,Jacarepaguá
36185921-2019,2019,Homicídio Provocado por Projétil de Arma de Fogo,Homicídio doloso,Jacarepagua,Jacarepaguá
53765861-2019,2019,Homicídio (outros),Homicídio doloso,Praca da bandeira,Praça da Bandeira
54313071-2019,2019,Homicídio Provocado por Projétil de Arma de Fogo,Homicídio doloso,Cacuia,Cacuia
80620971-2019,2019,Morte por Intervenção de Agente do Estado,Morte por intervenção de agente do Estado,Realengo,Realengo
13502291-2019,2019,Homicídio Provocado por Projétil de Arma de Fogo,Homicídio doloso,Cascadura,Cascadura
15019051-2019,2019,Homicídio Provocado por Projétil de Arma de Fogo,Homicídio doloso,Honorio gurgel,Honório Gurgel
38832191-2019,2019,Homicídio Provocado por Projétil de Arma de Fogo,Homicídio doloso,Tomas coelho,Tomás Coelho
41525731-2019,2019,Homicídio (outros),Homicídio doloso,Santa cruz,Santa Cruz
51011651-2019,2019,Homicídio Provocado por Emprego de Arma Branca,Homicídio doloso,Cidade nova,Cidade Nova
53339491-2019,2019,Homicídio Provocado por Projétil de Arma de Fogo,Homicídio doloso,Realengo,Realengo
54736911-2019,2019,Homicídio Provocado por Projétil de Arma de Fogo,Homicídio doloso,Jacare,Jacaré
00807151-2019,2019,Homicídio Provocado por Projétil de Arma de Fogo,Homicídio doloso,Jacarepagua,Jacarepaguá
00807151-2019,2019,Homicídio Provocado por Projétil de Arma de Fogo,Homicídio doloso,Jacarepagua,Jacarepaguá
39050781-2019,2019,Morte por Intervenção de Agente do Estado,Morte por intervenção de agente do Estado,Caju,Caju
66755631-2019,2019,Homicídio Provocado por Projétil de Arma de Fogo,Homicídio doloso,Manguinhos,Manguinhos
06520351-2019,2019,Morte por Intervenção de Agente do Estado,Morte por intervenção de agente do Estado,Jacare,Jacaré
27177931-2019,2019,Homicídio Provocado por Projétil de Arma de Fogo,Homicídio doloso,Realengo,Realengo
75760331-2019,2019,Homicídio Provocado por Projétil de Arma de Fogo,Homicídio doloso,Leblon,Leblon
94451751-2019,2019,Homicídio (outros),Homicídio doloso,Costa barros,Costa Barros
43344411-2019,2019,Homicídio Provocado por Projétil de Arma de Fogo,Homicídio doloso,Rio das pedras,Itanhangá
79563461-2019,2019,Morte por Intervenção de Agente do Estado,Morte por intervenção de agente do Estado,Santa teresa,Santa Teresa
86446291-2019,2019,Homicídio Provocado por Projétil de Arma de Fogo,Homicídio doloso,Piedade,Piedade
88769311-2019,2019,Homicídio Provocado por Projétil de Arma de Fogo,Homicídio doloso,Barros filho,Barros Filho
89837021-2019,2019,Homicídio Provocado por Projétil de Arma de Fogo,Homicídio doloso,Campo grande,Campo Grande
01611201-2019,2019,Morte por Intervenção de Agente do Estado,Morte por intervenção de agente do Estado,Ramos,Ramos
03030381-2019,2019,Homicídio (outros),Homicídio doloso,Bangu,Bangu
03030381-2019,2019,Homicídio (outros),Homicídio doloso,Bangu,Bangu
32810171-2019,2019,Morte por Intervenção de Agente do Estado,Morte por intervenção de agente do Estado,Alto da boa vista,Alto da Boa Vista
22867931-2019,2019,Homicídio Provocado por Paulada,Homicídio doloso,Paciencia,Paciência
47278591-2019,2019,Homicídio Provocado por Projétil de Arma de Fogo,Homicídio doloso,Coelho neto,Coelho Neto
73767441-2019,2019,Homicídio Provocado por Projétil de Arma de Fogo,Homicídio doloso,Deodoro,Deodoro
74599261-2019,2019,Homicídio Provocado por Projétil de Arma de Fogo,Homicídio doloso,Mare,Maré
50776981-2019,2019,Homicídio Provocado por Projétil de Arma de Fogo,Homicídio doloso,Vargem grande,Vargem Grande
06065242-2019,2019,Homicídio Provocado por Projétil de Arma de Fogo,Homicídio doloso,Cidade de deus,Cidade de Deus
17575631-2019,2019,Homicídio (outros),Homicídio doloso,Costa barros,Costa Barros
29664501-2019,2019,Morte por Intervenção de Agente do Estado,Morte por intervenção de agente do Estado,Bras de pina,Brás de Pina
30393461-2019,2019,Homicídio Provocado por Projétil de Arma de Fogo,Homicídio doloso,Guadalupe,Guadalupe
68993171-2019,2019,Homicídio (outros),Homicídio doloso,Mare,Maré
80234721-2019,2019,Homicídio Provocado por Projétil de Arma de Fogo,Homicídio doloso,Penha circular,Penha Circular
23778301-2019,2019,Morte por Intervenção de Agente do Estado,Morte por intervenção de agente do Estado,Cidade de deus,Cidade de Deus
37620091-2019,2019,Homicídio Provocado por Emprego de Arma Branca,Homicídio doloso,Ramos,Ramos
49119871-2019,2019,Morte por Intervenção de Agente do Estado,Morte por intervenção de agente do Estado,Jacarepagua,Jacarepaguá
49119871-2019,2019,Morte por Intervenção de Agente do Estado,Morte por intervenção de agente do Estado,Jacarepagua,Jacarepaguá
01096031-2019,2019,Homicídio Provocado por Projétil de Arma de Fogo,Homicídio doloso,Senador camara,Senador Camará
09300571-2019,2019,Homicídio (outros),Homicídio doloso,Jardim sulacap,Jardim Sulacap
83826801-2019,2019,Homicídio Provocado por Projétil de Arma de Fogo,Homicídio doloso,Bras de pina,Brás de Pina
83826801-2019,2019,Homicídio Provocado por Projétil de Arma de Fogo,Homicídio doloso,Bras de pina,Brás de Pina
49863611-2019,2019,Homicídio Provocado por Queimaduras,Homicídio doloso,Rio das pedras,Itanhangá
75236101-2019,2019,Homicídio Provocado por Projétil de Arma de Fogo,Homicídio doloso,Costa barros,Costa Barros
75776581-2019,2019,Homicídio Provocado por Projétil de Arma de Fogo,Homicídio doloso,Madureira,Madureira
98450841-2019,2019,Morte por Intervenção de Agente do Estado,Morte por intervenção de agente do Estado,Coelho neto,Coelho Neto
00701331-2019,2019,Homicídio Provocado por Projétil de Arma de Fogo,Homicídio doloso,Rocha miranda,Rocha Miranda
07343321-2019,2019,Homicídio (outros),Homicídio doloso,Santa cruz,Santa Cruz
08450811-2019,2019,Morte por Intervenção de Agente do Estado,Morte por intervenção de agente do Estado,Madureira,Madureira
08450811-2019,2019,Morte por Intervenção de Agente do Estado,Morte por intervenção de agente do Estado,Madureira,Madureira
16417751-2019,2019,Homicídio (outros),Homicídio doloso,Curicica,Curicica
33317661-2019,2019,Homicídio Provocado por Projétil de Arma de Fogo,Homicídio doloso,Bento ribeiro,Bento Ribeiro
47271931-2019,2019,Homicídio (outros),Homicídio doloso,Guaratiba,Guaratiba
60147561-2019,2019,Homicídio Provocado por Projétil de Arma de Fogo,Homicídio doloso,Santa cruz,Santa Cruz
81641131-2019,2019,Homicídio Provocado por Projétil de Arma de Fogo,Homicídio doloso,Vila isabel,Vila Isabel
54168741-2019,2019,Lesão Corporal Seguida de Morte (outros),Lesão corporal seguida de morte,Bangu,Bangu
18399351-2019,2019,Homicídio Provocado por Projétil de Arma de Fogo,Homicídio doloso,Bangu,Bangu
43508701-2019,2019,Morte por Intervenção de Agente do Estado,Morte por intervenção de agente do Estado,Tijuca,Tijuca
64086401-2019,2019,Morte por Intervenção de Agente do Estado,Morte por intervenção de agente do Estado,Cidade de deus,Cidade de Deus
64086401-2019,2019,Morte por Intervenção de Agente do Estado,Morte por intervenção de agente do Estado,Cidade de deus,Cidade de Deus
64086401-2019,2019,Morte por Intervenção de Agente do Estado,Morte por intervenção de agente do Estado,Cidade de deus,Cidade de Deus
66491311-2019,2019,Homicídio Provocado por Projétil de Arma de Fogo,Homicídio doloso,Sampaio,Sampaio
74114941-2019,2019,Homicídio (outros),Homicídio doloso,Pavuna,Pavuna
79875791-2019,2019,Homicídio Provocado por Projétil de Arma de Fogo,Homicídio doloso,Coelho neto,Coelho Neto
08471591-2019,2019,Homicídio Provocado por Projétil de Arma de Fogo,Homicídio doloso,Marechal hermes,Marechal Hermes
65197711-2019,2019,Morte por Intervenção de Agente do Estado,Morte por intervenção de agente do Estado,Bangu,Bangu
71270371-2019,2019,Morte por Intervenção de Agente do Estado,Morte por intervenção de agente do Estado,Mare,Maré
89765281-2019,2019,Homicídio Provocado por Projétil de Arma de Fogo,Homicídio doloso,Recreio,Recreio dos Bandeirantes
70515611-2019,2019,Homicídio Provocado por Projétil de Arma de Fogo,Homicídio doloso,Anchieta,Anchieta
82903511-2019,2019,Homicídio Provocado por Paulada,Homicídio doloso,Bangu,Bangu
90433081-2019,2019,Homicídio Provocado por Projétil de Arma de Fogo,Homicídio doloso,Agua santa,Água Santa
90433081-2019,2019,Homicídio Provocado por Projétil de Arma de Fogo,Homicídio doloso,Agua santa,Água Santa
28197591-2019,2019,Homicídio (outros),Homicídio doloso,Bangu,Bangu
28197591-2019,2019,Homicídio (outros),Homicídio doloso,Bangu,Bangu
28197591-2019,2019,Homicídio (outros),Homicídio doloso,Bangu,Bangu
63116021-2019,2019,Morte por Intervenção de Agente do Estado,Morte por intervenção de agente do Estado,Piedade,Piedade
21758801-2019,2019,Homicídio Provocado por Projétil de Arma de Fogo,Homicídio doloso,Bangu,Bangu
39435562-2019,2019,Morte por Intervenção de Agente do Estado,Morte por intervenção de agente do Estado,Barra da tijuca,Barra da Tijuca
39538661-2019,2019,Homicídio Provocado por Projétil de Arma de Fogo,Homicídio doloso,Bras de pina,Brás de Pina
72706612-2019,2019,Homicídio Provocado por Projétil de Arma de Fogo,Homicídio doloso,Campo grande,Campo Grande
73914311-2019,2019,Morte por Intervenção de Agente do Estado,Morte por intervenção de agente do Estado,Engenho novo,Engenho Novo
73914311-2019,2019,Morte por Intervenção de Agente do Estado,Morte por intervenção de agente do Estado,Engenho novo,Engenho Novo
86455161-2019,2019,Morte por Intervenção de Agente do Estado,Morte por intervenção de agente do Estado,Senador camara,Senador Camará
26032871-2019,2019,Homicídio (outros),Homicídio doloso,Inhoaiba,Inhoaíba
59023961-2019,2019,Homicídio Provocado por Emprego de Arma Branca,Homicídio doloso,Sepetiba,Sepetiba
80851251-2019,2019,Homicídio (outros),Homicídio doloso,Santa cruz,Santa Cruz
41267811-2019,2019,Morte por Intervenção de Agente do Estado,Morte por intervenção de agente do Estado,Vila kenedy,Bangu
53187892-2019,2019,Homicídio Provocado por Projétil de Arma de Fogo,Homicídio doloso,Bangu,Bangu
86461961-2019,2019,Homicídio (outros),Homicídio doloso,Bangu,Bangu
91666871-2019,2019,Homicídio Provocado por Projétil de Arma de Fogo,Homicídio doloso,Penha,Penha
11178741-2019,2019,Homicídio Provocado por Emprego de Arma Branca,Homicídio doloso,Cidade nova,Cidade Nova
24960062-2019,2019,Homicídio Provocado por Projétil de Arma de Fogo,Homicídio doloso,Vargem pequena,Vargem Pequena
36857241-2019,2019,Lesão Corporal Seguida de Morte (outros),Lesão corporal seguida de morte,Penha,Penha
54793131-2019,2019,Morte por Intervenção de Agente do Estado,Morte por intervenção de agente do Estado,Costa barros,Costa Barros
55116911-2019,2019,Morte por Intervenção de Agente do Estado,Morte por intervenção de agente do Estado,Costa barros,Costa Barros
55116911-2019,2019,Morte por Intervenção de Agente do Estado,Morte por intervenção de agente do Estado,Costa barros,Costa Barros
57261791-2019,2019,Homicídio Provocado por Emprego de Arma Branca,Homicídio doloso,Senador camara,Senador Camará
06831321-2019,2019,Homicídio Provocado por Projétil de Arma de Fogo,Homicídio doloso,Gardenia azul,Gardênia Azul
36033862-2019,2019,Morte por Intervenção de Agente do Estado,Morte por intervenção de agente do Estado,Vila kennedy - bangu,Bangu
52140091-2019,2019,Morte por Intervenção de Agente do Estado,Morte por intervenção de agente do Estado,Padre miguel,Padre Miguel
82866391-2019,2019,Morte por Intervenção de Agente do Estado,Morte por intervenção de agente do Estado,Costa barros,Costa Barros
82866391-2019,2019,Morte por Intervenção de Agente do Estado,Morte por intervenção de agente do Estado,Costa barros,Costa Barros
90835661-2019,2019,Homicídio (outros),Homicídio doloso,Galeao,Galeão
50580151-2019,2019,Morte por Intervenção de Agente do Estado,Morte por intervenção de agente do Estado,Tijuca,Tijuca
50580151-2019,2019,Morte por Intervenção de Agente do Estado,Morte por intervenção de agente do Estado,Tijuca,Tijuca
64908591-2019,2019,Morte por Intervenção de Agente do Estado,Morte por intervenção de agente do Estado,Mariopolis,Anchieta
67340081-2019,2019,Homicídio Provocado por Projétil de Arma de Fogo,Homicídio doloso,Vicente de carvalho,Vicente de Carvalho
94615071-2019,2019,Morte por Intervenção de Agente do Estado,Morte por intervenção de agente do Estado,Tijuca,Tijuca
96020421-2019,2019,Homicídio Provocado por Emprego de Arma Branca,Homicídio doloso,Santo cristo,Santo Cristo
00538171-2019,2019,Homicídio Provocado por Projétil de Arma de Fogo,Homicídio doloso,Pilares,Pilares
02315931-2019,2019,Homicídio Provocado por Projétil de Arma de Fogo,Homicídio doloso,Bonsucesso,Bonsucesso
37198431-2019,2019,Homicídio (outros),Homicídio doloso,Guadalupe,Guadalupe
66132171-2019,2019,Homicídio (outros),Homicídio doloso,Sta cruz.,Santa Cruz
66207041-2019,2019,Homicídio (outros),Homicídio doloso,Pavuna,Pavuna
66207041-2019,2019,Homicídio (outros),Homicídio doloso,Pavuna,Pavuna
83504611-2019,2019,Homicídio Provocado por Projétil de Arma de Fogo,Homicídio doloso,Relanego,Realengo
92367961-2019,2019,Homicídio Provocado por Projétil de Arma de Fogo,Homicídio doloso,Realengo,Realengo
08341201-2019,2019,Homicídio Provocado por Projétil de Arma de Fogo,Homicídio doloso,Sao cristovao,São Cristóvão
44915491-2019,2019,Homicídio Provocado por Projétil de Arma de Fogo,Homicídio doloso,Pavuna,Pavuna
49362212-2019,2019,Homicídio Provocado por Projétil de Arma de Fogo,Homicídio doloso,Recreio,Recreio dos Bandeirantes
54211141-2019,2019,Homicídio Provocado por Paulada,Homicídio doloso,Campo grande,Campo Grande
36040011-2019,2019,Homicídio Provocado por Projétil de Arma de Fogo,Homicídio doloso,Vista alegre,Vista Alegre
46588771-2019,2019,Homicídio (outros),Homicídio doloso,Senador camara,Senador Camará
63882401-2019,2019,Homicídio Provocado por Projétil de Arma de Fogo,Homicídio doloso,Gardenia azul,Gardênia Azul
72715461-2019,2019,Homicídio Provocado por Projétil de Arma de Fogo,Homicídio doloso,Pavuna,Pavuna
33899781-2019,2019,Homicídio Provocado por Projétil de Arma de Fogo,Homicídio doloso,Guadalupe,Guadalupe
34826011-2019,2019,Homicídio Provocado por Projétil de Arma de Fogo,Homicídio doloso,Guadaluoe,Guadalupe
49392801-2019,2019,Morte por Intervenção de Agente do Estado,Morte por intervenção de agente do Estado,Costa barros,Costa Barros
99210271-2019,2019,Homicídio Provocado por Projétil de Arma de Fogo,Homicídio doloso,Ramos,Ramos
05361941-2019,2019,Homicídio Provocado por Emprego de Arma Branca,Homicídio doloso,Copacabana,Copacabana
24106731-2019,2019,Homicídio Provocado por Projétil de Arma de Fogo,Homicídio doloso,Piedade,Piedade
26053151-2019,2019,Homicídio Provocado por Projétil de Arma de Fogo,Homicídio doloso,Ramos,Ramos
35594971-2019,2019,Morte por Intervenção de Agente do Estado,Morte por intervenção de agente do Estado,Freguesia (ilha do governador),Freguesia (Ilha do Governador)
85624561-2019,2019,Homicídio (outros),Homicídio doloso,Bangu,Bangu
96470431-2019,2019,Homicídio Provocado por Projétil de Arma de Fogo,Homicídio doloso,Realengo,Realengo
96470431-2019,2019,Homicídio Provocado por Projétil de Arma de Fogo,Homicídio doloso,Realengo,Realengo
15447621-2019,2019,Homicídio Provocado por Projétil de Arma de Fogo,Homicídio doloso,Vicente de carvalho,Vicente de Carvalho
35709541-2019,2019,Morte por Intervenção de Agente do Estado,Morte por intervenção de agente do Estado,Realengo,Realengo
41252721-2019,2019,Homicídio Provocado por Projétil de Arma de Fogo,Homicídio doloso,Bonsucesso,Bonsucesso
62234791-2019,2019,Homicídio Provocado por Projétil de Arma de Fogo,Homicídio doloso,Bonsucesso,Bonsucesso
73242401-2019,2019,Morte por Intervenção de Agente do Estado,Morte por intervenção de agente do Estado,Nova holanda - mare,Maré
87352281-2019,2019,Morte por Intervenção de Agente do Estado,Morte por intervenção de agente do Estado,Bonsucesso,Bonsucesso
87352281-2019,2019,Morte por Intervenção de Agente do Estado,Morte por intervenção de agente do Estado,Bonsucesso,Bonsucesso
92907021-2019,2019,Homicídio Provocado por Projétil de Arma de Fogo,Homicídio doloso,Anchieta,Anchieta
92907021-2019,2019,Homicídio Provocado por Projétil de Arma de Fogo,Homicídio doloso,Anchieta,Anchieta
35000751-2019,2019,Homicídio Provocado por Projétil de Arma de Fogo,Homicídio doloso,Bangu,Bangu
39575151-2019,2019,Homicídio Provocado por Projétil de Arma de Fogo,Homicídio doloso,Taquara,Taquara
49020551-2019,2019,Homicídio Provocado por Projétil de Arma de Fogo,Homicídio doloso,Realengo,Realengo
71227651-2019,2019,Morte por Intervenção de Agente do Estado,Morte por intervenção de agente do Estado,Marechal hermes,Marechal Hermes
71227651-2019,2019,Morte por Intervenção de Agente do Estado,Morte por intervenção de agente do Estado,Marechal hermes,Marechal Hermes
80970051-2019,2019,Homicídio Provocado por Projétil de Arma de Fogo,Homicídio doloso,Realengo,Realengo
29273141-2019,2019,Homicídio (outros),Homicídio doloso,Realengo,Realengo
29273141-2019,2019,Homicídio (outros),Homicídio doloso,Realengo,Realengo
77295241-2019,2019,Homicídio Provocado por Projétil de Arma de Fogo,Homicídio doloso,Costa barros,Costa Barros
82586041-2019,2019,Homicídio Provocado por Projétil de Arma de Fogo,Homicídio doloso,Coelho neto,Coelho Neto
96816381-2019,2019,Roubo Seguido de Morte Provocado por Projétil de Arma de Fogo,Latrocínio (Roubo seguido de morte),Bangu,Bangu
52256801-2019,2019,Homicídio Provocado por Emprego de Arma Branca,Homicídio doloso,Gloria,Glória
73769381-2019,2019,Morte por Intervenção de Agente do Estado,Morte por intervenção de agente do Estado,Costa barros,Costa Barros
81682431-2019,2019,Homicídio Provocado por Projétil de Arma de Fogo,Homicídio doloso,Pavuna,Pavuna
84601392-2019,2019,Homicídio Provocado por Projétil de Arma de Fogo,Homicídio doloso,Vila do joao,Maré
24854181-2019,2019,Homicídio (outros),Homicídio doloso,Ramos,Ramos
42903421-2019,2019,Homicídio (outros),Homicídio doloso,Jardim america,Jardim América
53976151-2019,2019,Morte por Intervenção de Agente do Estado,Morte por intervenção de agente do Estado,Campo grande,Campo Grande
73611641-2019,2019,Morte por Intervenção de Agente do Estado,Morte por intervenção de agente do Estado,Olaria,Olaria
79533441-2019,2019,Homicídio Provocado por Projétil de Arma de Fogo,Homicídio doloso,Senador camara,Senador Camará
86493251-2019,2019,Morte por Intervenção de Agente do Estado,Morte por intervenção de agente do Estado,Campo grande,Campo Grande
86493251-2019,2019,Morte por Intervenção de Agente do Estado,Morte por intervenção de agente do Estado,Campo grande,Campo Grande
00121741-2019,2019,Homicídio (outros),Homicídio doloso,Rocha miranda,Rocha Miranda
15168981-2019,2019,Homicídio Provocado por Projétil de Arma de Fogo,Homicídio doloso,Gamboa,Gamboa
38416681-2019,2019,Morte por Intervenção de Agente do Estado,Morte por intervenção de agente do Estado,Complexo do sao carlos,Estácio
38416681-2019,2019,Morte por Intervenção de Agente do Estado,Morte por intervenção de agente do Estado,Complexo do sao carlos,Estácio
40501091-2019,2019,Morte por Intervenção de Agente do Estado,Morte por intervenção de agente do Estado,Barra da tijuca,Barra da Tijuca
43269891-2019,2019,Morte por Intervenção de Agente do Estado,Morte por intervenção de agente do Estado,Realengo,Realengo
43269891-2019,2019,Morte por Intervenção de Agente do Estado,Morte por intervenção de agente do Estado,Realengo,Realengo
58736561-2019,2019,Morte por Intervenção de Agente do Estado,Morte por intervenção de agente do Estado,Cachambi,Cachambi
66173551-2019,2019,Morte por Intervenção de Agente do Estado,Morte por intervenção de agente do Estado,Barra da tijuca,Barra da Tijuca
10251441-2019,2019,Homicídio Provocado por Projétil de Arma de Fogo,Homicídio doloso,Inhoaiba,Inhoaíba
22993921-2019,2019,Homicídio Provocado por Projétil de Arma de Fogo,Homicídio doloso,Bento ribeiro,Bento Ribeiro
32390991-2019,2019,Roubo Seguido de Morte Provocado por Projétil de Arma de Fogo,Latrocínio (Roubo seguido de morte),Tijuca,Tijuca
51261981-2019,2019,Homicídio (outros),Homicídio doloso,Jd guanabara,Jardim Guanabara
66356931-2019,2019,Morte por Intervenção de Agente do Estado,Morte por intervenção de agente do Estado,Padre miguel,Padre Miguel
23526851-2019,2019,Morte por Intervenção de Agente do Estado,Morte por intervenção de agente do Estado,Manguinhos,Manguinhos
24134301-2019,2019,Morte por Intervenção de Agente do Estado,Morte por intervenção de agente do Estado,Bonsucesso,Bonsucesso
63217861-2019,2019,Homicídio Provocado por Projétil de Arma de Fogo,Homicídio doloso,Cascadura,Cascadura
69795571-2019,2019,Morte por Intervenção de Agente do Estado,Morte por intervenção de agente do Estado,Senador camara,Senador Camará
75180001-2019,2019,Homicídio (outros),Homicídio doloso,Campo grande,Campo Grande
97188452-2019,2019,Morte por Intervenção de Agente do Estado,Morte por intervenção de agente do Estado,Iraja,Irajá
06207272-2019,2019,Homicídio (outros),Homicídio doloso,Bangu,Bangu
06207272-2019,2019,Homicídio (outros),Homicídio doloso,Bangu,Bangu
06227581-2019,2019,Morte por Intervenção de Agente do Estado,Morte por intervenção de agente do Estado,Tomas coelho,Tomás Coelho
22219001-2019,2019,Homicídio Provocado por Projétil de Arma de Fogo,Homicídio doloso,Portuguesa,Portuguesa
55853441-2019,2019,Homicídio Provocado por Projétil de Arma de Fogo,Homicídio doloso,Realengo,Realengo
94657031-2019,2019,Homicídio Provocado por Projétil de Arma de Fogo,Homicídio doloso,Iraja,Irajá
02753071-2019,2019,Morte por Intervenção de Agente do Estado,Morte por intervenção de agente do Estado,Penha,Penha
07772241-2019,2019,Morte por Intervenção de Agente do Estado,Morte por intervenção de agente do Estado,Tijuca,Tijuca
69904301-2019,2019,Morte por Intervenção de Agente do Estado,Morte por intervenção de agente do Estado,Vicente de carvalho,Vicente de Carvalho
00973181-2019,2019,Roubo Seguido de Morte (outros),Latrocínio (Roubo seguido de morte),Centro,Centro
48129221-2019,2019,Homicídio (outros),Homicídio doloso,Complexo do alemao,Complexo do Alemão
83612801-2019,2019,Homicídio Provocado por Emprego de Arma Branca,Homicídio doloso,Manguinhos,Manguinhos
00675741-2019,2019,Morte por Intervenção de Agente do Estado,Morte por intervenção de agente do Estado,Cordovil,Cordovil
08313051-2019,2019,Homicídio (outros),Homicídio doloso,Coelho neto,Coelho Neto
37476221-2019,2019,Morte por Intervenção de Agente do Estado,Morte por intervenção de agente do Estado,Anchieta,Anchieta
46543361-2019,2019,Homicídio Provocado por Emprego de Arma Branca,Homicídio doloso,Praca seca,Praça Seca
95063451-2019,2019,Homicídio Provocado por Projétil de Arma de Fogo,Homicídio doloso,Pavuna,Pavuna
17963061-2019,2019,Homicídio Provocado por Projétil de Arma de Fogo,Homicídio doloso,Bangu,Bangu
23259571-2019,2019,Homicídio Provocado por Projétil de Arma de Fogo,Homicídio doloso,Campo grande,Campo Grande
24184031-2019,2019,Homicídio Provocado por Projétil de Arma de Fogo,Homicídio doloso,Jacarepagua,Jacarepaguá
24184031-2019,2019,Homicídio Provocado por Projétil de Arma de Fogo,Homicídio doloso,Jacarepagua,Jacarepaguá
63540061-2019,2019,Homicídio Provocado por Projétil de Arma de Fogo,Homicídio doloso,Bangu,Bangu
63540061-2019,2019,Homicídio Provocado por Projétil de Arma de Fogo,Homicídio doloso,Bangu,Bangu
63540061-2019,2019,Morte por Intervenção de Agente do Estado,Morte por intervenção de agente do Estado,Bangu,Bangu
86914871-2019,2019,Homicídio (outros),Homicídio doloso,Vigario geral,Vigário Geral
87137811-2019,2019,Homicídio Provocado por Projétil de Arma de Fogo,Homicídio doloso,Rio comprido,Rio Comprido
05367731-2019,2019,Morte por Intervenção de Agente do Estado,Morte por intervenção de agente do Estado,Jacarepagua,Jacarepaguá
14710511-2019,2019,Homicídio Provocado por Projétil de Arma de Fogo,Homicídio doloso,Campo grande,Campo Grande
21889811-2019,2019,Morte por Intervenção de Agente do Estado,Morte por intervenção de agente do Estado,Mare,Maré
45370191-2019,2019,Homicídio Provocado por Projétil de Arma de Fogo,Homicídio doloso,Recreio,Recreio dos Bandeirantes
39833811-2019,2019,Homicídio Provocado por Projétil de Arma de Fogo,Homicídio doloso,Vicente de carvalho,Vicente de Carvalho
33087701-2019,2019,Homicídio Provocado por Projétil de Arma de Fogo,Homicídio doloso,Penha,Penha
51440211-2019,2019,Morte por Intervenção de Agente do Estado,Morte por intervenção de agente do Estado,Higienopolis,Higienópolis
52584751-2019,2019,Morte por Intervenção de Agente do Estado,Morte por intervenção de agente do Estado,Bangu,Bangu
72515791-2019,2019,Homicídio Provocado por Projétil de Arma de Fogo,Homicídio doloso,Cidade nova,Cidade Nova
89616591-2019,2019,Morte por Intervenção de Agente do Estado,Morte por intervenção de agente do Estado,Agua santa,Água Santa
89616591-2019,2019,Morte por Intervenção de Agente do Estado,Morte por intervenção de agente do Estado,Agua santa,Água Santa
24578191-2019,2019,Morte por Intervenção de Agente do Estado,Morte por intervenção de agente do Estado,Andarai,Andaraí
31416311-2019,2019,Homicídio Provocado por Projétil de Arma de Fogo,Homicídio doloso,Taua,Tauá
31416311-2019,2019,Homicídio Provocado por Projétil de Arma de Fogo,Homicídio doloso,Taua,Tauá
31416311-2019,2019,Homicídio Provocado por Projétil de Arma de Fogo,Homicídio doloso,Taua,Tauá
31416311-2019,2019,Homicídio Provocado por Projétil de Arma de Fogo,Homicídio doloso,Taua,Tauá
49668901-2019,2019,Morte por Intervenção de Agente do Estado,Morte por intervenção de agente do Estado,Marechal hermes,Marechal Hermes
71516471-2019,2019,Morte por Intervenção de Agente do Estado,Morte por intervenção de agente do Estado,Penha circular,Penha Circular
71516471-2019,2019,Morte por Intervenção de Agente do Estado,Morte por intervenção de agente do Estado,Penha circular,Penha Circular
72720791-2019,2019,Homicídio Provocado por Projétil de Arma de Fogo,Homicídio doloso,Mare,Maré
10066071-2019,2019,Lesão Corporal Seguida de Morte Provocada por Emprego de Arma Branca,Lesão corporal seguida de morte,Recreio dos bandeirantes,Recreio dos Bandeirantes
25441631-2019,2019,Homicídio Provocado por Projétil de Arma de Fogo,Homicídio doloso,Pavuna,Pavuna
32521691-2019,2019,Morte por Intervenção de Agente do Estado,Morte por intervenção de agente do Estado,Leblon,Leblon
28551341-2019,2019,Homicídio Provocado por Projétil de Arma de Fogo,Homicídio doloso,Campo grande,Campo Grande
42896651-2019,2019,Morte por Intervenção de Agente do Estado,Morte por intervenção de agente do Estado,Inhauma,Inhaúma
64160531-2019,2019,Homicídio Provocado por Projétil de Arma de Fogo,Homicídio doloso,Rocha miranda,Rocha Miranda
95945231-2019,2019,Homicídio Provocado por Projétil de Arma de Fogo,Homicídio doloso,Engenho novo,Engenho Novo
03016791-2019,2019,Homicídio Provocado por Projétil de Arma de Fogo,Homicídio doloso,Benfica,Benfica
11672121-2019,2019,Homicídio Provocado por Emprego de Arma Branca,Homicídio doloso,Centro,Centro
24580091-2019,2019,Morte por Intervenção de Agente do Estado,Morte por intervenção de agente do Estado,Senador camara,Senador Camará
85772201-2019,2019,Morte por Intervenção de Agente do Estado,Morte por intervenção de agente do Estado,Senador camara,Senador Camará
98410111-2019,2019,Homicídio (outros),Homicídio doloso,Gavea/leblon,Gávea
98410111-2019,2019,Lesão Corporal Seguida de Morte (outros),Lesão corporal seguida de morte,Leblon,Leblon
34554951-2019,2019,Morte por Intervenção de Agente do Estado,Morte por intervenção de agente do Estado,Rio comprido,Rio Comprido
50268021-2019,2019,Morte por Intervenção de Agente do Estado,Morte por intervenção de agente do Estado,Senador camara,Senador Camará
78803751-2019,2019,Morte por Intervenção de Agente do Estado,Morte por intervenção de agente do Estado,Rio comprido,Rio Comprido
78803751-2019,2019,Morte por Intervenção de Agente do Estado,Morte por intervenção de agente do Estado,Rio comprido,Rio Comprido
28320651-2019,2019,Morte por Intervenção de Agente do Estado,Morte por intervenção de agente do Estado,Colegio,Colégio
35412871-2019,2019,Morte por Intervenção de Agente do Estado,Morte por intervenção de agente do Estado,Anchieta,Anchieta
05457811-2019,2019,Homicídio Provocado por Emprego de Arma Branca,Homicídio doloso,Taquara,Taquara
34459821-2019,2019,Homicídio Provocado por Projétil de Arma de Fogo,Homicídio doloso,Realengo,Realengo
69817841-2019,2019,Morte por Intervenção de Agente do Estado,Morte por intervenção de agente do Estado,Bangu,Bangu
02234501-2019,2019,Morte por Intervenção de Agente do Estado,Morte por intervenção de agente do Estado,Complexo do alemao,Complexo do Alemão
02234501-2019,2019,Morte por Intervenção de Agente do Estado,Morte por intervenção de agente do Estado,Complexo do alemao,Complexo do Alemão
09160051-2019,2019,Lesão Corporal Seguida de Morte (outros),Lesão corporal seguida de morte,Bangu,Bangu
13560571-2019,2019,Morte por Intervenção de Agente do Estado,Morte por intervenção de agente do Estado,Santa teresa,Santa Teresa
14751481-2019,2019,Homicídio Provocado por Projétil de Arma de Fogo,Homicídio doloso,Costa barros,Costa Barros
15361131-2019,2019,Homicídio Provocado por Projétil de Arma de Fogo,Homicídio doloso,Vaz lobo,Vaz Lobo
52691841-2019,2019,Homicídio Provocado por Projétil de Arma de Fogo,Homicídio doloso,Bento ribeiro,Bento Ribeiro
74123161-2019,2019,Morte por Intervenção de Agente do Estado,Morte por intervenção de agente do Estado,Complexo do alemao,Complexo do Alemão
74123161-2019,2019,Morte por Intervenção de Agente do Estado,Morte por intervenção de agente do Estado,Complexo do alemao,Complexo do Alemão
93479931-2019,2019,Morte por Intervenção de Agente do Estado,Morte por intervenção de agente do Estado,Santa teresa,Santa Teresa
43770571-2019,2019,Homicídio Provocado por Projétil de Arma de Fogo,Homicídio doloso,Bangu,Bangu
73209681-2019,2019,Homicídio Provocado por Projétil de Arma de Fogo,Homicídio doloso,Santissimo,Santíssimo
73927111-2019,2019,Homicídio (outros),Homicídio doloso,Barros filho,Barros Filho
05565841-2019,2019,Homicídio Provocado por Projétil de Arma de Fogo,Homicídio doloso,Estacio,Estácio
27578301-2019,2019,Homicídio Provocado por Projétil de Arma de Fogo,Homicídio doloso,Bangu,Bangu
88799261-2019,2019,Homicídio Provocado por Emprego de Arma Branca,Homicídio doloso,Cosmos,Cosmos
00941401-2019,2019,Homicídio Provocado por Projétil de Arma de Fogo,Homicídio doloso,Bangu,Bangu
50155621-2019,2019,Homicídio Provocado por Projétil de Arma de Fogo,Homicídio doloso,Realengo,Realengo
76764041-2019,2019,Homicídio Provocado por Projétil de Arma de Fogo,Homicídio doloso,Higienopolis,Higienópolis
98892911-2019,2019,Homicídio (outros),Homicídio doloso,Cachambi,Cachambi
01381771-2019,2019,Homicídio Provocado por Paulada,Homicídio doloso,Piedade,Piedade
03038301-2019,2019,Homicídio Provocado por Emprego de Arma Branca,Homicídio doloso,Guaratiba,Guaratiba
16456381-2019,2019,Morte por Intervenção de Agente do Estado,Morte por intervenção de agente do Estado,Deodoro,Deodoro
31929931-2019,2019,Homicídio Provocado por Projétil de Arma de Fogo,Homicídio doloso,Costa barro,Costa Barros
66405441-2019,2019,Homicídio Provocado por Projétil de Arma de Fogo,Homicídio doloso,Anchieta,Anchieta
82299021-2019,2019,Homicídio (outros),Homicídio doloso,Barra de guaratiba,Barra de Guaratiba
96463871-2019,2019,Homicídio (outros),Homicídio doloso,Padre miguel,Padre Miguel
86819101-2019,2019,Homicídio Provocado por Projétil de Arma de Fogo,Homicídio doloso,Barros filho,Barros Filho
86819101-2019,2019,Homicídio Provocado por Projétil de Arma de Fogo,Homicídio doloso,Barros filho,Barros Filho
92083251-2019,2019,Morte por Intervenção de Agente do Estado,Morte por intervenção de agente do Estado,Senador camara,Senador Camará
12393841-2019,2019,Homicídio Provocado por Projétil de Arma de Fogo,Homicídio doloso,Marechal hermes,Marechal Hermes
19708491-2019,2019,Morte por Intervenção de Agente do Estado,Morte por intervenção de agente do Estado,Ramos,Ramos
29030111-2019,2019,Morte por Intervenção de Agente do Estado,Morte por intervenção de agente do Estado,Bangu,Bangu
29478621-2019,2019,Homicídio Provocado por Projétil de Arma de Fogo,Homicídio doloso,Santissimo,Santíssimo
10336971-2019,2019,Roubo Seguido de Morte Provocado por Projétil de Arma de Fogo,Latrocínio (Roubo seguido de morte),Bangu,Bangu
25482561-2019,2019,Morte por Intervenção de Agente do Estado,Morte por intervenção de agente do Estado,Pilares,Pilares
25482561-2019,2019,Morte por Intervenção de Agente do Estado,Morte por intervenção de agente do Estado,Pilares,Pilares
25482561-2019,2019,Morte por Intervenção de Agente do Estado,Morte por intervenção de agente do Estado,Pilares,Pilares
25482561-2019,2019,Morte por Intervenção de Agente do Estado,Morte por intervenção de agente do Estado,Pilares,Pilares
32450721-2019,2019,Homicídio (outros),Homicídio doloso,Rio comprido,Rio Comprido
38830391-2019,2019,Homicídio Provocado por Projétil de Arma de Fogo,Homicídio doloso,Cidade de deus,Cidade de Deus
38830391-2019,2019,Homicídio Provocado por Projétil de Arma de Fogo,Homicídio doloso,Cidade de deus,Cidade de Deus
45442791-2019,2019,Morte por Intervenção de Agente do Estado,Morte por intervenção de agente do Estado,Jacarepagua,Jacarepaguá
45442791-2019,2019,Morte por Intervenção de Agente do Estado,Morte por intervenção de agente do Estado,Jacarepagua,Jacarepaguá
49036441-2019,2019,Homicídio Provocado por Projétil de Arma de Fogo,Homicídio doloso,Benfica,Benfica
49214481-2019,2019,Homicídio Provocado por Projétil de Arma de Fogo,Homicídio doloso,Vigario geral,Vigário Geral
00613901-2019,2019,Homicídio Provocado por Projétil de Arma de Fogo,Homicídio doloso,Cosmos,Cosmos
02474531-2019,2019,Homicídio (outros),Homicídio doloso,Inhoaiba,Inhoaíba
23199091-2019,2019,Homicídio (outros),Homicídio doloso,Catumbi,Catumbi
42896771-2019,2019,Homicídio Provocado por Projétil de Arma de Fogo,Homicídio doloso,Senador camara,Senador Camará
81409851-2019,2019,Homicídio Provocado por Projétil de Arma de Fogo,Homicídio doloso,Caju,Caju
93310391-2019,2019,Morte por Intervenção de Agente do Estado,Morte por intervenção de agente do Estado,Caju,Caju
94067541-2019,2019,Homicídio Provocado por Emprego de Arma Branca,Homicídio doloso,Centro,Centro
96163991-2019,2019,Homicídio Provocado por Projétil de Arma de Fogo,Homicídio doloso,Madureira,Madureira
79535551-2019,2019,Morte por Intervenção de Agente do Estado,Morte por intervenção de agente do Estado,Coelho neto,Coelho Neto
37073131-2019,2019,Homicídio Provocado por Projétil de Arma de Fogo,Homicídio doloso,Ramos,Ramos
38972501-2019,2019,Homicídio (outros),Homicídio doloso,Inhauma,Inhaúma
66510651-2019,2019,Homicídio Provocado por Projétil de Arma de Fogo,Homicídio doloso,Cidade universitaria,Cidade Universitária
83873831-2019,2019,Homicídio (outros),Homicídio doloso,Inhauma,Inhaúma
89289001-2019,2019,Homicídio Provocado por Projétil de Arma de Fogo,Homicídio doloso,Campo grande,Campo Grande
11821591-2019,2019,Homicídio Provocado por Projétil de Arma de Fogo,Homicídio doloso,Costa barros,Costa Barros
32784041-2019,2019,Morte por Intervenção de Agente do Estado,Morte por intervenção de agente do Estado,Bangu,Bangu
40671721-2019,2019,Homicídio Provocado por Emprego de Arma Branca,Homicídio doloso,Vila isabel,Vila Isabel
17345531-2019,2019,Morte por Intervenção de Agente do Estado,Morte por intervenção de agente do Estado,Rio comprido,Rio Comprido
31096641-2019,2019,Homicídio (outros),Homicídio doloso,Jacarepagua,Jacarepaguá
79170331-2019,2019,Homicídio Provocado por Projétil de Arma de Fogo,Homicídio doloso,Marechal hermes,Marechal Hermes
93296801-2019,2019,Homicídio Provocado por Projétil de Arma de Fogo,Homicídio doloso,Senador camara,Senador Camará
13247281-2019,2019,Homicídio (outros),Homicídio doloso,Leblon,Leblon
34020401-2019,2019,Morte por Intervenção de Agente do Estado,Morte por intervenção de agente do Estado,Costa barros,Costa Barros
97678091-2019,2019,Homicídio Provocado por Projétil de Arma de Fogo,Homicídio doloso,Bangu,Bangu
44800061-2020,2020,Homicídio (outros),Homicídio doloso,Madureira,Madureira
52271051-2020,2020,Homicídio Provocado por Projétil de Arma de Fogo,Homicídio doloso,Coelho neto,Coelho Neto
52271051-2020,2020,Homicídio Provocado por Projétil de Arma de Fogo,Homicídio doloso,Coelho neto,Coelho Neto
17382771-2020,2020,Homicídio Provocado por Projétil de Arma de Fogo,Homicídio doloso,Complexo da mare,Maré
39807121-2020,2020,Homicídio Provocado por Projétil de Arma de Fogo,Homicídio doloso,Cordovil,Cordovil
59021941-2020,2020,Homicídio (outros),Homicídio doloso,Lins de vasconcelos,Lins de Vasconcelos
75407251-2020,2020,Homicídio Provocado por Projétil de Arma de Fogo,Homicídio doloso,Complexo da mare,Maré
06112771-2020,2020,Morte por Intervenção de Agente do Estado,Morte por intervenção de agente do Estado,Bangu,Bangu
98715211-2020,2020,Homicídio Provocado por Projétil de Arma de Fogo,Homicídio doloso,Del castilo,Del Castilho
04196361-2020,2020,Homicídio (outros),Homicídio doloso,Gloria,Glória
32724281-2020,2020,Morte por Intervenção de Agente do Estado,Morte por intervenção de agente do Estado,Colegio,Colégio
39247921-2020,2020,Roubo Seguido de Morte Provocado por Projétil de Arma de Fogo,Latrocínio (Roubo seguido de morte),Pavuna,Pavuna
13283391-2020,2020,Homicídio Provocado por Projétil de Arma de Fogo,Homicídio doloso,Senador camara,Senador Camará
13283391-2020,2020,Homicídio Provocado por Projétil de Arma de Fogo,Homicídio doloso,Senador camara,Senador Camará
25103731-2020,2020,Morte por Intervenção de Agente do Estado,Morte por intervenção de agente do Estado,Catumbi,Catumbi
32986761-2020,2020,Homicídio (outros),Homicídio doloso,Cordovil,Cordovil
75018951-2020,2020,Morte por Intervenção de Agente do Estado,Morte por intervenção de agente do Estado,Marechal hermes,Marechal Hermes
05372601-2020,2020,Morte por Intervenção de Agente do Estado,Morte por intervenção de agente do Estado,Bangu,Bangu
05372601-2020,2020,Morte por Intervenção de Agente do Estado,Morte por intervenção de agente do Estado,Bangu,Bangu
10929461-2020,2020,Morte por Intervenção de Agente do Estado,Morte por intervenção de agente do Estado,Santa teresa,Santa Teresa
10929461-2020,2020,Morte por Intervenção de Agente do Estado,Morte por intervenção de agente do Estado,Santa teresa,Santa Teresa
31649201-2020,2020,Homicídio Provocado por Projétil de Arma de Fogo,Homicídio doloso,Barros filho,Barros Filho
78826681-2020,2020,Homicídio (outros),Homicídio doloso,Rio comprido,Rio Comprido
36222121-2020,2020,Roubo Seguido de Morte Provocado por Projétil de Arma de Fogo,Latrocínio (Roubo seguido de morte),Senador camara,Senador Camará
49144881-2020,2020,Morte por Intervenção de Agente do Estado,Morte por intervenção de agente do Estado,Vila isabel,Vila Isabel
80453311-2020,2020,Roubo Seguido de Morte (outros),Latrocínio (Roubo seguido de morte),Taua - ilha do governador,Tauá
22868091-2020,2020,Homicídio Provocado por Projétil de Arma de Fogo,Homicídio doloso,Ramos,Ramos
48427681-2020,2020,Homicídio (outros),Homicídio doloso,Manguinhos,Manguinhos
48427681-2020,2020,Homicídio (outros),Homicídio doloso,Manguinhos,Manguinhos
55735701-2020,2020,Morte por Intervenção de Agente do Estado,Morte por intervenção de agente do Estado,Coelho neto,Coelho Neto
60227721-2020,2020,Morte por Intervenção de Agente do Estado,Morte por intervenção de agente do Estado,Caju,Caju
66465441-2020,2020,Homicídio Provocado por Paulada,Homicídio doloso,Santa cruz,Santa Cruz
06962162-2020,2020,Morte por Intervenção de Agente do Estado,Morte por intervenção de agente do Estado,Bangu,Bangu
22258111-2020,2020,Morte por Intervenção de Agente do Estado,Morte por intervenção de agente do Estado,Engenho da rainha,Engenho da Rainha
40106271-2020,2020,Morte por Intervenção de Agente do Estado,Morte por intervenção de agente do Estado,Rocha,Rocha
47010211-2020,2020,Homicídio Provocado por Projétil de Arma de Fogo,Homicídio doloso,Centro,Centro
53930451-2020,2020,Homicídio Provocado por Projétil de Arma de Fogo,Homicídio doloso,Centro,Centro
58578721-2020,2020,Morte por Intervenção de Agente do Estado,Morte por intervenção de agente do Estado,Guadalupe,Guadalupe
58578721-2020,2020,Morte por Intervenção de Agente do Estado,Morte por intervenção de agente do Estado,Guadalupe,Guadalupe
58578721-2020,2020,Morte por Intervenção de Agente do Estado,Morte por intervenção de agente do Estado,Guadalupe,Guadalupe
58578721-2020,2020,Morte por Intervenção de Agente do Estado,Morte por intervenção de agente do Estado,Guadalupe,Guadalupe
68057401-2020,2020,Homicídio Provocado por Projétil de Arma de Fogo,Homicídio doloso,Recreio dos bandeirantes,Recreio dos Bandeirantes
74422741-2020,2020,Homicídio Provocado por Projétil de Arma de Fogo,Homicídio doloso,Anchieta,Anchieta
74422741-2020,2020,Homicídio Provocado por Projétil de Arma de Fogo,Homicídio doloso,Anchieta,Anchieta
81670421-2020,2020,Homicídio (outros),Homicídio doloso,Cordovil,Cordovil
03543201-2020,2020,Homicídio Provocado por Projétil de Arma de Fogo,Homicídio doloso,Barra da tijuca,Barra da Tijuca
98843491-2020,2020,Homicídio Provocado por Projétil de Arma de Fogo,Homicídio doloso,Costa barros,Costa Barros
10142051-2020,2020,Morte por Intervenção de Agente do Estado,Morte por intervenção de agente do Estado,Bangu,Bangu
10142051-2020,2020,Morte por Intervenção de Agente do Estado,Morte por intervenção de agente do Estado,Bangu,Bangu
10142051-2020,2020,Morte por Intervenção de Agente do Estado,Morte por intervenção de agente do Estado,Bangu,Bangu
31620471-2020,2020,Morte por Intervenção de Agente do Estado,Morte por intervenção de agente do Estado,Ricardo de albuquerque,Ricardo de Albuquerque
61412471-2020,2020,Morte por Intervenção de Agente do Estado,Morte por intervenção de agente do Estado,Jardim america,Jardim América
85495071-2020,2020,Homicídio Provocado por Queimaduras,Homicídio doloso,Cocota,Cocotá
98039861-2020,2020,Roubo Seguido de Morte Provocado por Projétil de Arma de Fogo,Latrocínio (Roubo seguido de morte),Meier,Méier
05508481-2020,2020,Morte por Intervenção de Agente do Estado,Morte por intervenção de agente do Estado,Manguinhos,Manguinhos
99031671-2020,2020,Morte por Intervenção de Agente do Estado,Morte por intervenção de agente do Estado,Realengo,Realengo
99031671-2020,2020,Morte por Intervenção de Agente do Estado,Morte por intervenção de agente do Estado,Realengo,Realengo
08323901-2020,2020,Homicídio (outros),Homicídio doloso,Penha,Penha
14799331-2020,2020,Homicídio Provocado por Projétil de Arma de Fogo,Homicídio doloso,Vigario geral,Vigário Geral
33669121-2020,2020,Homicídio (outros),Homicídio doloso,Piedade,Piedade
86791951-2020,2020,Morte por Intervenção de Agente do Estado,Morte por intervenção de agente do Estado,Engenho novo,Engenho Novo
86791951-2020,2020,Morte por Intervenção de Agente do Estado,Morte por intervenção de agente do Estado,Engenho novo,Engenho Novo
86791951-2020,2020,Morte por Intervenção de Agente do Estado,Morte por intervenção de agente do Estado,Engenho novo,Engenho Novo
35107051-2020,2020,Homicídio (outros),Homicídio doloso,Bonsucesso,Bonsucesso
46490741-2020,2020,Roubo Seguido de Morte (outros),Latrocínio (Roubo seguido de morte),Tomas coelho,Tomás Coelho
92385041-2020,2020,Morte por Intervenção de Agente do Estado,Morte por intervenção de agente do Estado,Bangu,Bangu
00893721-2020,2020,Homicídio Provocado por Projétil de Arma de Fogo,Homicídio doloso,Vicente de carvalho,Vicente de Carvalho
12354811-2020,2020,Homicídio Provocado por Projétil de Arma de Fogo,Homicídio doloso,Acari,Acari
02066791-2020,2020,Morte por Intervenção de Agente do Estado,Morte por intervenção de agente do Estado,Inhauma,Inhaúma
04957691-2020,2020,Morte por Intervenção de Agente do Estado,Morte por intervenção de agente do Estado,Pavuna,Pavuna
27271461-2020,2020,Morte por Intervenção de Agente do Estado,Morte por intervenção de agente do Estado,Ramos,Ramos
32136451-2020,2020,Morte por Intervenção de Agente do Estado,Morte por intervenção de agente do Estado,Sao francisco xavier,São Francisco Xavier
84656311-2020,2020,Homicídio Provocado por Projétil de Arma de Fogo,Homicídio doloso,Cidade de deus,Cidade de Deus
85965961-2020,2020,Homicídio Provocado por Projétil de Arma de Fogo,Homicídio doloso,Caju,Caju
87885771-2020,2020,Homicídio Provocado por Projétil de Arma de Fogo,Homicídio doloso,Engenho da rainha,Engenho da Rainha
87885771-2020,2020,Homicídio Provocado por Projétil de Arma de Fogo,Homicídio doloso,Engenho da rainha,Engenho da Rainha
99561881-2020,2020,Morte por Intervenção de Agente do Estado,Morte por intervenção de agente do Estado,Costa barros,Costa Barros
99561881-2020,2020,Morte por Intervenção de Agente do Estado,Morte por intervenção de agente do Estado,Costa barros,Costa Barros
56145321-2020,2020,Homicídio Provocado por Projétil de Arma de Fogo,Homicídio doloso,Praca da bandeira,Praça da Bandeira
67062921-2020,2020,Morte por Intervenção de Agente do Estado,Morte por intervenção de agente do Estado,Pilares,Pilares
17502861-2020,2020,Homicídio (outros),Homicídio doloso,Ipanema,Ipanema
19827901-2020,2020,Homicídio Provocado por Asfixia,Homicídio doloso,Bonsucesso,Bonsucesso
59574271-2020,2020,Morte por Intervenção de Agente do Estado,Morte por intervenção de agente do Estado,Rocha miranda,Rocha Miranda
59574271-2020,2020,Morte por Intervenção de Agente do Estado,Morte por intervenção de agente do Estado,Rocha miranda,Rocha Miranda
09574701-2020,2020,Morte por Intervenção de Agente do Estado,Morte por intervenção de agente do Estado,Vaz lobo,Vaz Lobo
14633211-2020,2020,Homicídio Provocado por Projétil de Arma de Fogo,Homicídio doloso,Estacio,Estácio
14649771-2020,2020,Homicídio (outros),Homicídio doloso,Acari,Acari
86728031-2020,2020,Homicídio Provocado por Projétil de Arma de Fogo,Homicídio doloso,Costa barros,Costa Barros
97952691-2020,2020,Homicídio Provocado por Projétil de Arma de Fogo,Homicídio doloso,Vicente de carvalho,Vicente de Carvalho
51980861-2020,2020,Homicídio Provocado por Emprego de Arma Branca,Homicídio doloso,Engenho de dentro,Engenho de Dentro
00988941-2020,2020,Morte por Intervenção de Agente do Estado,Morte por intervenção de agente do Estado,Tijuca,Tijuca
30850511-2020,2020,Roubo Seguido de Morte Provocado por Projétil de Arma de Fogo,Latrocínio (Roubo seguido de morte),Sao cristovao,São Cristóvão
33419171-2020,2020,Morte por Intervenção de Agente do Estado,Morte por intervenção de agente do Estado,Parada de lucas,Parada de Lucas
03103411-2020,2020,Homicídio Provocado por Paulada,Homicídio doloso,Bangu,Bangu
50312961-2020,2020,Homicídio Provocado por Projétil de Arma de Fogo,Homicídio doloso,Benfica,Benfica
18526231-2020,2020,Morte por Intervenção de Agente do Estado,Morte por intervenção de agente do Estado,Bonsucesso,Bonsucesso
18526231-2020,2020,Morte por Intervenção de Agente do Estado,Morte por intervenção de agente do Estado,Bonsucesso,Bonsucesso
24287941-2020,2020,Homicídio (outros),Homicídio doloso,Bangu,Bangu
38918151-2020,2020,Morte por Intervenção de Agente do Estado,Morte por intervenção de agente do Estado,Rio comprido,Rio Comprido
38918151-2020,2020,Morte por Intervenção de Agente do Estado,Morte por intervenção de agente do Estado,Rio comprido,Rio Comprido
65784531-2020,2020,Morte por Intervenção de Agente do Estado,Morte por intervenção de agente do Estado,Penha,Penha
76713711-2020,2020,Morte por Intervenção de Agente do Estado,Morte por intervenção de agente do Estado,Vila valqueire,Vila Valqueire
13085631-2020,2020,Morte por Intervenção de Agente do Estado,Morte por intervenção de agente do Estado,Vila cosmos,Vila Kosmos
33221821-2020,2020,Homicídio (outros),Homicídio doloso,Ricardo de albuquerque,Ricardo de Albuquerque
41856861-2020,2020,Homicídio Provocado por Projétil de Arma de Fogo,Homicídio doloso,Rocha miranda,Rocha Miranda
42023711-2020,2020,Homicídio Provocado por Projétil de Arma de Fogo,Homicídio doloso,Guadalupe,Guadalupe
74582231-2020,2020,Homicídio Provocado por Paulada,Homicídio doloso,Santa cruz,Santa Cruz
81596311-2020,2020,Homicídio Provocado por Projétil de Arma de Fogo,Homicídio doloso,Sao cristovao,São Cristóvão
81817511-2020,2020,Homicídio (outros),Homicídio doloso,Meier,Méier
97588611-2020,2020,Homicídio Provocado por Projétil de Arma de Fogo,Homicídio doloso,Bangu,Bangu
97588611-2020,2020,Homicídio Provocado por Projétil de Arma de Fogo,Homicídio doloso,Bangu,Bangu
44423581-2020,2020,Roubo Seguido de Morte (outros),Latrocínio (Roubo seguido de morte),Costa barros,Costa Barros
62302221-2020,2020,Homicídio Provocado por Projétil de Arma de Fogo,Homicídio doloso,Piedade,Piedade
04591591-2020,2020,Homicídio Provocado por Projétil de Arma de Fogo,Homicídio doloso,Oswaldo cruz,Oswaldo Cruz
17603491-2020,2020,Homicídio (outros),Homicídio doloso,Penha,Penha
28955191-2020,2020,Morte por Intervenção de Agente do Estado,Morte por intervenção de agente do Estado,Pavuna,Pavuna
32510231-2020,2020,Homicídio Provocado por Projétil de Arma de Fogo,Homicídio doloso,Guaratiba,Guaratiba
34234311-2020,2020,Homicídio Provocado por Projétil de Arma de Fogo,Homicídio doloso,Coelho neto,Coelho Neto
58304481-2020,2020,Homicídio (outros),Homicídio doloso,Pilares,Pilares
38366171-2020,2020,Morte por Intervenção de Agente do Estado,Morte por intervenção de agente do Estado,Acari,Acari
38366171-2020,2020,Morte por Intervenção de Agente do Estado,Morte por intervenção de agente do Estado,Acari,Acari
38366171-2020,2020,Morte por Intervenção de Agente do Estado,Morte por intervenção de agente do Estado,Acari,Acari
63201671-2020,2020,Homicídio (outros),Homicídio doloso,Centro,Centro
84588361-2020,2020,Homicídio Provocado por Projétil de Arma de Fogo,Homicídio doloso,Catumbi,Catumbi
02466011-2020,2020,Homicídio Provocado por Projétil de Arma de Fogo,Homicídio doloso,Caju,Caju
18622171-2020,2020,Homicídio Provocado por Projétil de Arma de Fogo,Homicídio doloso,Marechal hermes,Marechal Hermes
43977711-2020,2020,Morte por Intervenção de Agente do Estado,Morte por intervenção de agente do Estado,Andarai,Andaraí
44696931-2020,2020,Morte por Intervenção de Agente do Estado,Morte por intervenção de agente do Estado,Rocha,Rocha
00030511-2020,2020,Roubo Seguido de Morte Provocado por Projétil de Arma de Fogo,Latrocínio (Roubo seguido de morte),Vila cosmos,Vila Kosmos
00624071-2020,2020,Morte por Intervenção de Agente do Estado,Morte por intervenção de agente do Estado,Bras de pina,Brás de Pina
35040571-2020,2020,Morte por Intervenção de Agente do Estado,Morte por intervenção de agente do Estado,Engenho novo,Engenho Novo
60654081-2020,2020,Morte por Intervenção de Agente do Estado,Morte por intervenção de agente do Estado,Madureira,Madureira
07307031-2020,2020,Morte por Intervenção de Agente do Estado,Morte por intervenção de agente do Estado,Jacare,Jacaré
33716141-2020,2020,Morte por Intervenção de Agente do Estado,Morte por intervenção de agente do Estado,Bangu,Bangu
41410751-2020,2020,Homicídio Provocado por Projétil de Arma de Fogo,Homicídio doloso,Bangu,Bangu
70950091-2020,2020,Roubo Seguido de Morte Provocado por Projétil de Arma de Fogo,Latrocínio (Roubo seguido de morte),Parque anchieta,Parque Anchieta
79997581-2020,2020,Morte por Intervenção de Agente do Estado,Morte por intervenção de agente do Estado,Anchieta,Anchieta
06900281-2020,2020,Lesão Corporal Seguida de Morte (outros),Lesão corporal seguida de morte,Santissimo,Santíssimo
13343841-2020,2020,Homicídio Provocado por Emprego de Arma Branca,Homicídio doloso,Gardenia azul,Gardênia Azul
13343841-2020,2020,Homicídio Provocado por Emprego de Arma Branca,Homicídio doloso,Gardenia azul,Gardênia Azul
88665551-2020,2020,Morte por Intervenção de Agente do Estado,Morte por intervenção de agente do Estado,Jacarepagua,Jacarepaguá
77438621-2020,2020,Homicídio (outros),Homicídio doloso,Cidade nova,Cidade Nova
84747461-2020,2020,Homicídio Provocado por Projétil de Arma de Fogo,Homicídio doloso,Sao cristovao,São Cristóvão
86171391-2020,2020,Homicídio Provocado por Projétil de Arma de Fogo,Homicídio doloso,Mare,Maré
07267201-2020,2020,Homicídio Provocado por Projétil de Arma de Fogo,Homicídio doloso,Campo grande,Campo Grande
68772371-2020,2020,Homicídio Provocado por Projétil de Arma de Fogo,Homicídio doloso,Penha,Penha
68772371-2020,2020,Homicídio Provocado por Projétil de Arma de Fogo,Homicídio doloso,Penha,Penha
76202501-2020,2020,Homicídio Provocado por Emprego de Arma Branca,Homicídio doloso,Relengo,Realengo
95488431-2020,2020,Homicídio Provocado por Projétil de Arma de Fogo,Homicídio doloso,Flamengo,Flamengo
08408701-2020,2020,Homicídio Provocado por Projétil de Arma de Fogo,Homicídio doloso,Madureira,Madureira
18865001-2020,2020,Homicídio Provocado por Projétil de Arma de Fogo,Homicídio doloso,Catumbi,Catumbi
40725731-2020,2020,Homicídio (outros),Homicídio doloso,Anil,Anil
53567041-2020,2020,Morte por Intervenção de Agente do Estado,Morte por intervenção de agente do Estado,Realengo,Realengo
53567041-2020,2020,Morte por Intervenção de Agente do Estado,Morte por intervenção de agente do Estado,Realengo,Realengo
59701801-2020,2020,Morte por Intervenção de Agente do Estado,Morte por intervenção de agente do Estado,Piedade,Piedade
79082921-2020,2020,Homicídio Provocado por Projétil de Arma de Fogo,Homicídio doloso,Catumbi,Catumbi
79082921-2020,2020,Homicídio Provocado por Projétil de Arma de Fogo,Homicídio doloso,Catumbi,Catumbi
79082921-2020,2020,Homicídio Provocado por Projétil de Arma de Fogo,Homicídio doloso,Catumbi,Catumbi
80765821-2020,2020,Homicídio Provocado por Projétil de Arma de Fogo,Homicídio doloso,Engenho novo,Engenho Novo
49003191-2020,2020,Morte por Intervenção de Agente do Estado,Morte por intervenção de agente do Estado,Colegio,Colégio
64890361-2020,2020,Homicídio Provocado por Emprego de Arma Branca,Homicídio doloso,Gardenia azul,Gardênia Azul
67781781-2020,2020,Morte por Intervenção de Agente do Estado,Morte por intervenção de agente do Estado,Acari,Acari
07085131-2020,2020,Morte por Intervenção de Agente do Estado,Morte por intervenção de agente do Estado,Guadalupe,Guadalupe
07085131-2020,2020,Morte por Intervenção de Agente do Estado,Morte por intervenção de agente do Estado,Guadalupe,Guadalupe
68805811-2020,2020,Morte por Intervenção de Agente do Estado,Morte por intervenção de agente do Estado,Rio comprido,Rio Comprido
69706341-2020,2020,Morte por Intervenção de Agente do Estado,Morte por intervenção de agente do Estado,Jacare,Jacaré
79512171-2020,2020,Morte por Intervenção de Agente do Estado,Morte por intervenção de agente do Estado,Senador camara,Senador Camará
20844871-2020,2020,Morte por Intervenção de Agente do Estado,Morte por intervenção de agente do Estado,Vila isabel,Vila Isabel
69973061-2020,2020,Morte por Intervenção de Agente do Estado,Morte por intervenção de agente do Estado,Cordovil,Cordovil
80404001-2020,2020,Homicídio Provocado por Projétil de Arma de Fogo,Homicídio doloso,Jardim sulacap,Jardim Sulacap
14707421-2020,2020,Morte por Intervenção de Agente do Estado,Morte por intervenção de agente do Estado,Cordovil,Cordovil
22223291-2020,2020,Homicídio (outros),Homicídio doloso,Caju,Caju
66842761-2020,2020,Roubo Seguido de Morte Provocado por Projétil de Arma de Fogo,Latrocínio (Roubo seguido de morte),Barra da tijuca,Barra da Tijuca
95699851-2020,2020,Homicídio Provocado por Projétil de Arma de Fogo,Homicídio doloso,Acari,Acari
50231321-2020,2020,Morte por Intervenção de Agente do Estado,Morte por intervenção de agente do Estado,Cidade de deus,Cidade de Deus
17888401-2020,2020,Morte por Intervenção de Agente do Estado,Morte por intervenção de agente do Estado,Eng. novo,Engenho Novo
37711711-2020,2020,Homicídio Provocado por Paulada,Homicídio doloso,Freguesia,Freguesia (Jacarepaguá)
81921841-2020,2020,Morte por Intervenção de Agente do Estado,Morte por intervenção de agente do Estado,Bangu,Bangu
02558861-2020,2020,Homicídio Provocado por Projétil de Arma de Fogo,Homicídio doloso,Cidade nova,Cidade Nova
30673711-2020,2020,Homicídio Provocado por Projétil de Arma de Fogo,Homicídio doloso,Mare,Maré
44790891-2020,2020,Homicídio (outros),Homicídio doloso,Sao cristovao,São Cristóvão
62393571-2020,2020,Homicídio Provocado por Projétil de Arma de Fogo,Homicídio doloso,Senador camara,Senador Camará
62393571-2020,2020,Homicídio Provocado por Projétil de Arma de Fogo,Homicídio doloso,Senador camara,Senador Camará
64990001-2020,2020,Morte por Intervenção de Agente do Estado,Morte por intervenção de agente do Estado,Bonsucesso,Bonsucesso
69513361-2020,2020,Homicídio (outros),Homicídio doloso,Eng. leal,Engenheiro Leal
76168411-2020,2020,Homicídio Provocado por Projétil de Arma de Fogo,Homicídio doloso,Mare,Maré
90360671-2020,2020,Morte por Intervenção de Agente do Estado,Morte por intervenção de agente do Estado,Bras de pina,Brás de Pina
90360671-2020,2020,Morte por Intervenção de Agente do Estado,Morte por intervenção de agente do Estado,Bras de pina,Brás de Pina
90927791-2020,2020,Homicídio Provocado por Projétil de Arma de Fogo,Homicídio doloso,-engenho novo,Engenho Novo
05464231-2020,2020,Morte por Intervenção de Agente do Estado,Morte por intervenção de agente do Estado,Anchieta,Anchieta
06641061-2020,2020,Morte por Intervenção de Agente do Estado,Morte por intervenção de agente do Estado,Benfica,Benfica
07649891-2020,2020,Homicídio Provocado por Projétil de Arma de Fogo,Homicídio doloso,Rio comprido,Rio Comprido
22766751-2020,2020,Homicídio Provocado por Projétil de Arma de Fogo,Homicídio doloso,Ricardo de albuquerque,Ricardo de Albuquerque
43905031-2020,2020,Morte por Intervenção de Agente do Estado,Morte por intervenção de agente do Estado,Guadalupe,Guadalupe
54456071-2020,2020,Morte por Intervenção de Agente do Estado,Morte por intervenção de agente do Estado,Realengo,Realengo
57729071-2020,2020,Homicídio Provocado por Projétil de Arma de Fogo,Homicídio doloso,Andarai,Andaraí
52669161-2020,2020,Morte por Intervenção de Agente do Estado,Morte por intervenção de agente do Estado,Bonsucesso,Bonsucesso
66983441-2020,2020,Morte por Intervenção de Agente do Estado,Morte por intervenção de agente do Estado,Acari,Acari
72128991-2020,2020,Morte por Intervenção de Agente do Estado,Morte por intervenção de agente do Estado,Madureira,Madureira
84279871-2020,2020,Morte por Intervenção de Agente do Estado,Morte por intervenção de agente do Estado,Acari,Acari
88828131-2020,2020,Homicídio Provocado por Projétil de Arma de Fogo,Homicídio doloso,Centro,Centro
91169881-2020,2020,Homicídio (outros),Homicídio doloso,Penha,Penha
96002151-2020,2020,Homicídio Provocado por Projétil de Arma de Fogo,Homicídio doloso,Senador camara,Senador Camará
13988781-2020,2020,Homicídio (outros),Homicídio doloso,Santo cristo,Santo Cristo
46564581-2020,2020,Homicídio Provocado por Projétil de Arma de Fogo,Homicídio doloso,Vargem grande,Vargem Grande
46564581-2020,2020,Homicídio Provocado por Projétil de Arma de Fogo,Homicídio doloso,Vargem grande,Vargem Grande
58132521-2020,2020,Roubo Seguido de Morte Provocado por Projétil de Arma de Fogo,Latrocínio (Roubo seguido de morte),Guadalupe,Guadalupe
46626331-2020,2020,Homicídio Provocado por Projétil de Arma de Fogo,Homicídio doloso,Grajau,Grajaú
90703661-2020,2020,Homicídio Provocado por Projétil de Arma de Fogo,Homicídio doloso,Piedade,Piedade
90703661-2020,2020,Homicídio Provocado por Projétil de Arma de Fogo,Homicídio doloso,Piedade,Piedade
57202581-2020,2020,Morte por Intervenção de Agente do Estado,Morte por intervenção de agente do Estado,Campo grande,Campo Grande
57202581-2020,2020,Morte por Intervenção de Agente do Estado,Morte por intervenção de agente do Estado,Campo grande,Campo Grande
81490841-2020,2020,Homicídio Provocado por Projétil de Arma de Fogo,Homicídio doloso,Campo grande,Campo Grande
90417911-2020,2020,Homicídio (outros),Homicídio doloso,Sao cristovao,São Cristóvão
97538001-2020,2020,Homicídio Provocado por Projétil de Arma de Fogo,Homicídio doloso,Bangu,Bangu
30817941-2020,2020,Homicídio (outros),Homicídio doloso,Santa cruz,Santa Cruz
97089451-2020,2020,Homicídio Provocado por Projétil de Arma de Fogo,Homicídio doloso,Barros filho,Barros Filho
13958391-2020,2020,Homicídio (outros),Homicídio doloso,Inhauma,Inhaúma
33998671-2020,2020,Homicídio Provocado por Projétil de Arma de Fogo,Homicídio doloso,Barra da tijuca,Barra da Tijuca
44435091-2020,2020,Homicídio (outros),Homicídio doloso,Magalhaes bastos,Magalhães Bastos
55789861-2020,2020,Homicídio (outros),Homicídio doloso,Gardenia azul,Gardênia Azul
64004961-2020,2020,Homicídio (outros),Homicídio doloso,Caju,Caju
51095331-2020,2020,Homicídio Provocado por Projétil de Arma de Fogo,Homicídio doloso,Campo grande,Campo Grande
94245451-2020,2020,Homicídio Provocado por Projétil de Arma de Fogo,Homicídio doloso,Santa cruz,Santa Cruz
98409991-2020,2020,Roubo Seguido de Morte (outros),Latrocínio (Roubo seguido de morte),Praca da bandeira,Praça da Bandeira
51396811-2020,2020,Homicídio Provocado por Projétil de Arma de Fogo,Homicídio doloso,Turiacu,Turiaçú
69131091-2020,2020,Homicídio (outros),Homicídio doloso,Gloria,Glória
82440261-2020,2020,Morte por Intervenção de Agente do Estado,Morte por intervenção de agente do Estado,Anchieta,Anchieta
94336191-2020,2020,Morte por Intervenção de Agente do Estado,Morte por intervenção de agente do Estado,Marechal hermes,Marechal Hermes
26777371-2020,2020,Homicídio Provocado por Projétil de Arma de Fogo,Homicídio doloso,Taquara,Taquara
34931481-2020,2020,Homicídio Provocado por Projétil de Arma de Fogo,Homicídio doloso,", pavuna",Pavuna
48330531-2020,2020,Homicídio Provocado por Projétil de Arma de Fogo,Homicídio doloso,Vicente de carvalho,Vicente de Carvalho
57347161-2020,2020,Homicídio Provocado por Projétil de Arma de Fogo,Homicídio doloso,Barra da tijuca,Barra da Tijuca
72965971-2020,2020,Homicídio Provocado por Projétil de Arma de Fogo,Homicídio doloso,Realengo,Realengo
73040091-2020,2020,Morte por Intervenção de Agente do Estado,Morte por intervenção de agente do Estado,Vigario geral,Vigário Geral
78298841-2020,2020,Morte por Intervenção de Agente do Estado,Morte por intervenção de agente do Estado,Vigario geral,Vigário Geral
95315671-2020,2020,Homicídio Provocado por Projétil de Arma de Fogo,Homicídio doloso,Tanque,Tanque
55924001-2020,2020,Homicídio Provocado por Projétil de Arma de Fogo,Homicídio doloso,Anil,Anil
21695571-2020,2020,Homicídio Provocado por Projétil de Arma de Fogo,Homicídio doloso,Jardim america,Jardim América
23465401-2020,2020,Homicídio Provocado por Emprego de Arma Branca,Homicídio doloso,Leme,Leme
29808441-2020,2020,Morte por Intervenção de Agente do Estado,Morte por intervenção de agente do Estado,Costa barros,Costa Barros
46951751-2020,2020,Homicídio Provocado por Paulada,Homicídio doloso,Engenho novo,Engenho Novo
56372702-2020,2020,Homicídio Provocado por Asfixia,Homicídio doloso,Acari,Acari
75837141-2020,2020,Morte por Intervenção de Agente do Estado,Morte por intervenção de agente do Estado,Bangu,Bangu
02842061-2020,2020,Homicídio Provocado por Projétil de Arma de Fogo,Homicídio doloso,Encantado,Encantado
26651781-2020,2020,Homicídio Provocado por Projétil de Arma de Fogo,Homicídio doloso,Inhoaiba,Inhoaíba
98700391-2020,2020,Homicídio Provocado por Projétil de Arma de Fogo,Homicídio doloso,Oswaldo cruz,Oswaldo Cruz
22234441-2020,2020,Homicídio Provocado por Projétil de Arma de Fogo,Homicídio doloso,Penha circular,Penha Circular
70711191-2020,2020,Lesão Corporal Seguida de Morte (outros),Lesão corporal seguida de morte,Meier,Méier
07646081-2020,2020,Homicídio Provocado por Projétil de Arma de Fogo,Homicídio doloso,Vicente de carvalho,Vicente de Carvalho
07755201-2020,2020,Homicídio Provocado por Emprego de Arma Branca,Homicídio doloso,Campo grande,Campo Grande
10036501-2020,2020,Homicídio Provocado por Projétil de Arma de Fogo,Homicídio doloso,Ricardo de albuquerque,Ricardo de Albuquerque
13726541-2020,2020,Homicídio Provocado por Projétil de Arma de Fogo,Homicídio doloso,Curicica,Curicica
13726541-2020,2020,Homicídio Provocado por Projétil de Arma de Fogo,Homicídio doloso,Curicica,Curicica
13726541-2020,2020,Homicídio Provocado por Projétil de Arma de Fogo,Homicídio doloso,Curicica,Curicica
21759581-2020,2020,Morte por Intervenção de Agente do Estado,Morte por intervenção de agente do Estado,Costa barros,Costa Barros
30038371-2020,2020,Homicídio (outros),Homicídio doloso,Itanhanga,Itanhangá
45194621-2020,2020,Homicídio Provocado por Projétil de Arma de Fogo,Homicídio doloso,Cocota,Cocotá
45515871-2020,2020,Homicídio (outros),Homicídio doloso,Realengo,Realengo
45758041-2020,2020,Morte por Intervenção de Agente do Estado,Morte por intervenção de agente do Estado,Penha circular,Penha Circular
66251571-2020,2020,Morte por Intervenção de Agente do Estado,Morte por intervenção de agente do Estado,Pavuna,Pavuna
72887241-2020,2020,Homicídio Provocado por Projétil de Arma de Fogo,Homicídio doloso,Bangu,Bangu
81658441-2020,2020,Morte por Intervenção de Agente do Estado,Morte por intervenção de agente do Estado,Cosme velho,Cosme Velho
85365321-2020,2020,Homicídio Provocado por Projétil de Arma de Fogo,Homicídio doloso,Anchieta,Anchieta
45384501-2020,2020,Homicídio Provocado por Projétil de Arma de Fogo,Homicídio doloso,Acari,Acari
61827481-2020,2020,Roubo Seguido de Morte Provocado por Arma Branca,Latrocínio (Roubo seguido de morte),Barra da tijuca,Barra da Tijuca
70244131-2020,2020,Morte por Intervenção de Agente do Estado,Morte por intervenção de agente do Estado,Ricardo de albuquerque,Ricardo de Albuquerque
72955751-2020,2020,Morte por Intervenção de Agente do Estado,Morte por intervenção de agente do Estado,Anchieta,Anchieta
72955751-2020,2020,Morte por Intervenção de Agente do Estado,Morte por intervenção de agente do Estado,Anchieta,Anchieta
72955751-2020,2020,Morte por Intervenção de Agente do Estado,Morte por intervenção de agente do Estado,Anchieta,Anchieta
72955751-2020,2020,Morte por Intervenção de Agente do Estado,Morte por intervenção de agente do Estado,Anchieta,Anchieta
95806911-2020,2020,Homicídio Provocado por Projétil de Arma de Fogo,Homicídio doloso,Acari,Acari
12365541-2020,2020,Morte por Intervenção de Agente do Estado,Morte por intervenção de agente do Estado,Barros filho,Barros Filho
56500681-2020,2020,Homicídio Provocado por Projétil de Arma de Fogo,Homicídio doloso,Paciencia,Paciência
97394281-2020,2020,Homicídio Provocado por Projétil de Arma de Fogo,Homicídio doloso,Leblon,Leblon
98633451-2020,2020,Homicídio Provocado por Projétil de Arma de Fogo,Homicídio doloso,Realengo,Realengo
11460291-2020,2020,Morte por Intervenção de Agente do Estado,Morte por intervenção de agente do Estado,Piedade,Piedade
17165351-2020,2020,Homicídio Provocado por Projétil de Arma de Fogo,Homicídio doloso,Penha,Penha
34891191-2020,2020,Morte por Intervenção de Agente do Estado,Morte por intervenção de agente do Estado,Riachuelo,Riachuelo
69030581-2020,2020,Homicídio Provocado por Projétil de Arma de Fogo,Homicídio doloso,Ipanema,Ipanema
69030581-2020,2020,Homicídio Provocado por Projétil de Arma de Fogo,Homicídio doloso,Ipanema,Ipanema
14186491-2020,2020,Homicídio (outros),Homicídio doloso,Manguinhos,Manguinhos
71944331-2020,2020,Homicídio Provocado por Projétil de Arma de Fogo,Homicídio doloso,Penha circular,Penha Circular
73955811-2020,2020,Homicídio Provocado por Projétil de Arma de Fogo,Homicídio doloso,Engenho novo,Engenho Novo
70981651-2020,2020,Morte por Intervenção de Agente do Estado,Morte por intervenção de agente do Estado,Penha circular,Penha Circular
75578161-2020,2020,Morte por Intervenção de Agente do Estado,Morte por intervenção de agente do Estado,Ricardo de albuquerque,Ricardo de Albuquerque
75578161-2020,2020,Morte por Intervenção de Agente do Estado,Morte por intervenção de agente do Estado,Ricardo de albuquerque,Ricardo de Albuquerque
16132871-2020,2020,Homicídio Provocado por Emprego de Arma Branca,Homicídio doloso,Taquara,Taquara
54534551-2020,2020,Homicídio Provocado por Emprego de Arma Branca,Homicídio doloso,Iraja,Irajá
91595831-2020,2020,Homicídio Provocado por Projétil de Arma de Fogo,Homicídio doloso,Vaz lobo,Vaz Lobo
10223511-2020,2020,Homicídio (outros),Homicídio doloso,Bento ribeiro,Bento Ribeiro
15034001-2020,2020,Homicídio Provocado por Asfixia,Homicídio doloso,Costa barros,Costa Barros
38778581-2020,2020,Homicídio Provocado por Projétil de Arma de Fogo,Homicídio doloso,Realengo,Realengo
55480761-2020,2020,Homicídio Provocado por Projétil de Arma de Fogo,Homicídio doloso,Inhauma,Inhaúma
85188891-2020,2020,Homicídio Provocado por Projétil de Arma de Fogo,Homicídio doloso,Vicente ce carvalho,Vicente de Carvalho
44406152-2020,2020,Homicídio Provocado por Projétil de Arma de Fogo,Homicídio doloso,Gardenia,Gardênia Azul
56536461-2020,2020,Homicídio (outros),Homicídio doloso,Jardim america,Jardim América
93657251-2020,2020,Morte por Intervenção de Agente do Estado,Morte por intervenção de agente do Estado,Vicente de carvalho,Vicente de Carvalho
40425371-2020,2020,Homicídio Provocado por Pedrada,Homicídio doloso,Catumbi,Catumbi
42520621-2020,2020,Homicídio Provocado por Projétil de Arma de Fogo,Homicídio doloso,Manguinhos,Manguinhos
73663161-2020,2020,Homicídio Provocado por Projétil de Arma de Fogo,Homicídio doloso,Realengo,Realengo
14968461-2020,2020,Homicídio Provocado por Projétil de Arma de Fogo,Homicídio doloso,Santa cruz,Santa Cruz
21330511-2020,2020,Homicídio Provocado por Projétil de Arma de Fogo,Homicídio doloso,Penha,Penha
21577571-2020,2020,Homicídio (outros),Homicídio doloso,– campo grande (,Campo Grande
34849781-2020,2020,Homicídio (outros),Homicídio doloso,Realengo,Realengo
36569241-2020,2020,Homicídio Provocado por Projétil de Arma de Fogo,Homicídio doloso,Mare,Maré
66402231-2020,2020,Morte por Intervenção de Agente do Estado,Morte por intervenção de agente do Estado,Ricardo de albuquerque,Ricardo de Albuquerque
97809811-2020,2020,Homicídio Provocado por Projétil de Arma de Fogo,Homicídio doloso,Centro,Centro
93600551-2020,2020,Homicídio Provocado por Projétil de Arma de Fogo,Homicídio doloso,Madureira,Madureira
04474221-2020,2020,Morte por Intervenção de Agente do Estado,Morte por intervenção de agente do Estado,Pavuna,Pavuna
20939891-2020,2020,Homicídio Provocado por Projétil de Arma de Fogo,Homicídio doloso,Praca seca,Praça Seca
32607461-2020,2020,Homicídio (outros),Homicídio doloso,Bangu,Bangu
40532411-2020,2020,Homicídio (outros),Homicídio doloso,Deodoro,Deodoro
61981981-2020,2020,Homicídio Provocado por Projétil de Arma de Fogo,Homicídio doloso,Santo cristo,Santo Cristo
65418661-2020,2020,Morte por Intervenção de Agente do Estado,Morte por intervenção de agente do Estado,Coelho neto,Coelho Neto
73110091-2020,2020,Homicídio Provocado por Projétil de Arma de Fogo,Homicídio doloso,Bangu,Bangu
40764012-2020,2020,Roubo Seguido de Morte Provocado por Projétil de Arma de Fogo,Latrocínio (Roubo seguido de morte),Vila kennedy,Bangu
56251012-2020,2020,Homicídio (outros),Homicídio doloso,Recreio dos bandeirantes,Recreio dos Bandeirantes
65933891-2020,2020,Homicídio Provocado por Projétil de Arma de Fogo,Homicídio doloso,Barros filho,Barros Filho
75744801-2020,2020,Homicídio Provocado por Emprego de Arma Branca,Homicídio doloso,Guaratiba,Guaratiba
48105491-2020,2020,Homicídio Provocado por Projétil de Arma de Fogo,Homicídio doloso,Laranjeiras,Laranjeiras
51340351-2020,2020,Homicídio Provocado por Projétil de Arma de Fogo,Homicídio doloso,Engenho novo,Engenho Novo
57689091-2020,2020,Homicídio (outros),Homicídio doloso,Vigario geral,Vigário Geral
97470171-2020,2020,Homicídio Provocado por Projétil de Arma de Fogo,Homicídio doloso,Bangu,Bangu
33115341-2020,2020,Morte por Intervenção de Agente do Estado,Morte por intervenção de agente do Estado,Anchieta,Anchieta
88698571-2020,2020,Homicídio Provocado por Projétil de Arma de Fogo,Homicídio doloso,Rocha miranda,Rocha Miranda
13929691-2020,2020,Homicídio (outros),Homicídio doloso,Pavuna,Pavuna
13929691-2020,2020,Homicídio (outros),Homicídio doloso,Pavuna,Pavuna
29578401-2020,2020,Homicídio Provocado por Projétil de Arma de Fogo,Homicídio doloso,Campo grande,Campo Grande
80399811-2020,2020,Homicídio Provocado por Projétil de Arma de Fogo,Homicídio doloso,Sao crsitovao,São Cristóvão
93579291-2020,2020,Homicídio Provocado por Projétil de Arma de Fogo,Homicídio doloso,Padre miguel,Padre Miguel
12634431-2020,2020,Morte por Intervenção de Agente do Estado,Morte por intervenção de agente do Estado,Ramos,Ramos
22626051-2020,2020,Morte por Intervenção de Agente do Estado,Morte por intervenção de agente do Estado,Ramos,Ramos
28133011-2020,2020,Homicídio Provocado por Projétil de Arma de Fogo,Homicídio doloso,Tijuca,Tijuca
36359631-2020,2020,Homicídio Provocado por Projétil de Arma de Fogo,Homicídio doloso,"Campo grande,",Campo Grande
44775601-2020,2020,Homicídio Provocado por Projétil de Arma de Fogo,Homicídio doloso,Bangu,Bangu
55978601-2020,2020,Morte por Intervenção de Agente do Estado,Morte por intervenção de agente do Estado,Santo cristo,Santo Cristo
88460281-2020,2020,Morte por Intervenção de Agente do Estado,Morte por intervenção de agente do Estado,Anchieta,Anchieta
37692901-2020,2020,Morte por Intervenção de Agente do Estado,Morte por intervenção de agente do Estado,Penha,Penha
37692901-2020,2020,Morte por Intervenção de Agente do Estado,Morte por intervenção de agente do Estado,Penha,Penha
37692901-2020,2020,Morte por Intervenção de Agente do Estado,Morte por intervenção de agente do Estado,Penha,Penha
44806811-2020,2020,Homicídio Provocado por Projétil de Arma de Fogo,Homicídio doloso,Benfica,Benfica
11966421-2020,2020,Morte por Intervenção de Agente do Estado,Morte por intervenção de agente do Estado,Vila isabel,Vila Isabel
13009362-2020,2020,Morte por Intervenção de Agente do Estado,Morte por intervenção de agente do Estado,Guadalupe,Guadalupe
20120171-2020,2020,Homicídio Provocado por Projétil de Arma de Fogo,Homicídio doloso,Guaratiba,Guaratiba
20120171-2020,2020,Homicídio Provocado por Projétil de Arma de Fogo,Homicídio doloso,Guaratiba,Guaratiba
60052491-2020,2020,Homicídio Provocado por Projétil de Arma de Fogo,Homicídio doloso,Vila isabel,Vila Isabel
71708501-2020,2020,Morte por Intervenção de Agente do Estado,Morte por intervenção de agente do Estado,Bangu,Bangu
26091781-2020,2020,Homicídio Provocado por Projétil de Arma de Fogo,Homicídio doloso,Realengo,Realengo
52297081-2020,2020,Homicídio (outros),Homicídio doloso,Anchieta,Anchieta
00710231-2020,2020,Morte por Intervenção de Agente do Estado,Morte por intervenção de agente do Estado,Bangu,Bangu
33348201-2020,2020,Homicídio Provocado por Projétil de Arma de Fogo,Homicídio doloso,Realengo,Realengo
36984571-2020,2020,Homicídio Provocado por Projétil de Arma de Fogo,Homicídio doloso,Rio comprido,Rio Comprido
47893711-2020,2020,Morte por Intervenção de Agente do Estado,Morte por intervenção de agente do Estado,Vicente de carvalho,Vicente de Carvalho
83709161-2020,2020,Homicídio Provocado por Emprego de Arma Branca,Homicídio doloso,Gericino,Gericinó
89169361-2020,2020,Homicídio (outros),Homicídio doloso,Bangu,Bangu
94851471-2020,2020,Homicídio Provocado por Projétil de Arma de Fogo,Homicídio doloso,Centro,Centro
99115041-2020,2020,Morte por Intervenção de Agente do Estado,Morte por intervenção de agente do Estado,Benfica,Benfica
21956191-2020,2020,Morte por Intervenção de Agente do Estado,Morte por intervenção de agente do Estado,Parada de lucas,Parada de Lucas
22030831-2020,2020,Morte por Intervenção de Agente do Estado,Morte por intervenção de agente do Estado,Pilares,Pilares
33827101-2020,2020,Morte por Intervenção de Agente do Estado,Morte por intervenção de agente do Estado,Pilares,Pilares
40894971-2020,2020,Homicídio Provocado por Projétil de Arma de Fogo,Homicídio doloso,Madureira,Madureira
52885901-2020,2020,Roubo Seguido de Morte Provocado por Projétil de Arma de Fogo,Latrocínio (Roubo seguido de morte),Pavuna,Pavuna
59838471-2020,2020,Morte por Intervenção de Agente do Estado,Morte por intervenção de agente do Estado,Realengo,Realengo
62796641-2020,2020,Morte por Intervenção de Agente do Estado,Morte por intervenção de agente do Estado,Pavuna,Pavuna
12237431-2020,2020,Morte por Intervenção de Agente do Estado,Morte por intervenção de agente do Estado,Vila isabel,Vila Isabel
94834931-2020,2020,Homicídio (outros),Homicídio doloso,Ramos,Ramos
40038521-2020,2020,Morte por Intervenção de Agente do Estado,Morte por intervenção de agente do Estado,Acari,Acari
40038521-2020,2020,Morte por Intervenção de Agente do Estado,Morte por intervenção de agente do Estado,Acari,Acari
50311061-2020,2020,Homicídio Provocado por Projétil de Arma de Fogo,Homicídio doloso,Rio comprido,Rio Comprido
50559711-2020,2020,Morte por Intervenção de Agente do Estado,Morte por intervenção de agente do Estado,Bangu,Bangu
67629081-2020,2020,Morte por Intervenção de Agente do Estado,Morte por intervenção de agente do Estado,Acari,Acari
78538561-2020,2020,Homicídio Provocado por Projétil de Arma de Fogo,Homicídio doloso,Santa teresa,Santa Teresa
16986521-2020,2020,Homicídio Provocado por Projétil de Arma de Fogo,Homicídio doloso,Barros filhos,Barros Filho
31732581-2020,2020,Morte por Intervenção de Agente do Estado,Morte por intervenção de agente do Estado,Centro,Centro
36602631-2020,2020,Homicídio (outros),Homicídio doloso,Bangu,Bangu
37830211-2020,2020,Homicídio (outros),Homicídio doloso,Olaria,Olaria
43710251-2020,2020,Homicídio Provocado por Projétil de Arma de Fogo,Homicídio doloso,Tomas coelho,Tomás Coelho
43710251-2020,2020,Homicídio Provocado por Projétil de Arma de Fogo,Homicídio doloso,Tomas coelho,Tomás Coelho
74836791-2020,2020,Homicídio Provocado por Projétil de Arma de Fogo,Homicídio doloso,Cavalcanti,Cavalcanti
46508841-2020,2020,Homicídio (outros),Homicídio doloso,Jacarepagua,Jacarepaguá
47283251-2020,2020,Homicídio (outros),Homicídio doloso,Santa teresa,Santa Teresa
23329631-2020,2020,Morte por Intervenção de Agente do Estado,Morte por intervenção de agente do Estado,Costa barros,Costa Barros
23329631-2020,2020,Morte por Intervenção de Agente do Estado,Morte por intervenção de agente do Estado,Costa barros,Costa Barros
28808851-2020,2020,Homicídio (outros),Homicídio doloso,Bras de pina,Brás de Pina
37134321-2020,2020,Homicídio Provocado por Projétil de Arma de Fogo,Homicídio doloso,Inhauma,Inhaúma
49055021-2020,2020,Homicídio (outros),Homicídio doloso,Santo cristo,Santo Cristo
74982811-2020,2020,Homicídio Provocado por Projétil de Arma de Fogo,Homicídio doloso,Galeao,Galeão
34040981-2020,2020,Homicídio Provocado por Projétil de Arma de Fogo,Homicídio doloso,Meier,Méier
80155291-2020,2020,Morte por Intervenção de Agente do Estado,Morte por intervenção de agente do Estado,Costa barros,Costa Barros
80155291-2020,2020,Morte por Intervenção de Agente do Estado,Morte por intervenção de agente do Estado,Costa barros,Costa Barros
81979801-2020,2020,Homicídio (outros),Homicídio doloso,Penha circular,Penha Circular
81979801-2020,2020,Homicídio (outros),Homicídio doloso,Penha circular,Penha Circular
89984871-2020,2020,Morte por Intervenção de Agente do Estado,Morte por intervenção de agente do Estado,Costa barros,Costa Barros
11989321-2020,2020,Morte por Intervenção de Agente do Estado,Morte por intervenção de agente do Estado,Anchieta,Anchieta
54855031-2020,2020,Homicídio Provocado por Projétil de Arma de Fogo,Homicídio doloso,Sepetiba,Sepetiba
77763871-2020,2020,Morte por Intervenção de Agente do Estado,Morte por intervenção de agente do Estado,Parque columbia,Parque Colúmbia
77763871-2020,2020,Morte por Intervenção de Agente do Estado,Morte por intervenção de agente do Estado,Parque columbia,Parque Colúmbia
04161161-2020,2020,Homicídio Provocado por Projétil de Arma de Fogo,Homicídio doloso,Praca da bandeira,Praça da Bandeira
63738851-2020,2020,Homicídio Provocado por Projétil de Arma de Fogo,Homicídio doloso,Realengo,Realengo
85356541-2020,2020,Homicídio Provocado por Projétil de Arma de Fogo,Homicídio doloso,Realengo,Realengo
64211801-2020,2020,Homicídio Provocado por Projétil de Arma de Fogo,Homicídio doloso,Braz de pina,Brás de Pina
50823521-2020,2020,Homicídio Provocado por Projétil de Arma de Fogo,Homicídio doloso,Santa cruz,Santa Cruz
97894931-2020,2020,Morte por Intervenção de Agente do Estado,Morte por intervenção de agente do Estado,Bangu,Bangu
97894931-2020,2020,Morte por Intervenção de Agente do Estado,Morte por intervenção de agente do Estado,Bangu,Bangu
97894931-2020,2020,Morte por Intervenção de Agente do Estado,Morte por intervenção de agente do Estado,Bangu,Bangu
09157972-2020,2020,Morte por Intervenção de Agente do Estado,Morte por intervenção de agente do Estado,Bangu,Bangu
22285911-2020,2020,Homicídio Provocado por Projétil de Arma de Fogo,Homicídio doloso,Osvaldo,Oswaldo Cruz
82387771-2020,2020,Morte por Intervenção de Agente do Estado,Morte por intervenção de agente do Estado,Sao cristovao,São Cristóvão
91903991-2020,2020,Homicídio Provocado por Projétil de Arma de Fogo,Homicídio doloso,Bangu,Bangu
59038461-2020,2020,Morte por Intervenção de Agente do Estado,Morte por intervenção de agente do Estado,Bangu,Bangu
59038461-2020,2020,Morte por Intervenção de Agente do Estado,Morte por intervenção de agente do Estado,Bangu,Bangu
60928221-2020,2020,Morte por Intervenção de Agente do Estado,Morte por intervenção de agente do Estado,Costa barros,Costa Barros
60928221-2020,2020,Morte por Intervenção de Agente do Estado,Morte por intervenção de agente do Estado,Costa barros,Costa Barros
08600251-2020,2020,Morte por Intervenção de Agente do Estado,Morte por intervenção de agente do Estado,Cidade de deus,Cidade de Deus
22254321-2020,2020,Homicídio Provocado por Projétil de Arma de Fogo,Homicídio doloso,Bonsucesso,Bonsucesso
22254321-2020,2020,Homicídio Provocado por Projétil de Arma de Fogo,Homicídio doloso,Bonsucesso,Bonsucesso
29766791-2020,2020,Homicídio Provocado por Projétil de Arma de Fogo,Homicídio doloso,Realengo,Realengo
27830421-2020,2020,Morte por Intervenção de Agente do Estado,Morte por intervenção de agente do Estado,Pilares,Pilares
35689151-2020,2020,Homicídio Provocado por Asfixia,Homicídio doloso,Pavuna,Pavuna
55631381-2020,2020,Homicídio (outros),Homicídio doloso,Jacarezinho,Jacarezinho
03310111-2020,2020,Morte por Intervenção de Agente do Estado,Morte por intervenção de agente do Estado,Rio comprido,Rio Comprido
03310111-2020,2020,Morte por Intervenção de Agente do Estado,Morte por intervenção de agente do Estado,Rio comprido,Rio Comprido
03310111-2020,2020,Morte por Intervenção de Agente do Estado,Morte por intervenção de agente do Estado,Rio comprido,Rio Comprido
50939461-2020,2020,Homicídio Provocado por Projétil de Arma de Fogo,Homicídio doloso,Cordovil,Cordovil
11618501-2020,2020,Homicídio Provocado por Projétil de Arma de Fogo,Homicídio doloso,Vargem grande,Vargem Grande
25037562-2020,2020,Homicídio Provocado por Projétil de Arma de Fogo,Homicídio doloso,Santa teresa,Santa Teresa
28206141-2020,2020,Homicídio Provocado por Projétil de Arma de Fogo,Homicídio doloso,Realengo,Realengo
67017041-2020,2020,Homicídio Provocado por Projétil de Arma de Fogo,Homicídio doloso,Parada de lucas,Parada de Lucas
74882151-2020,2020,Homicídio (outros),Homicídio doloso,Tomas coelho,Tomás Coelho
81497771-2020,2020,Morte por Intervenção de Agente do Estado,Morte por intervenção de agente do Estado,Acari,Acari
81497771-2020,2020,Morte por Intervenção de Agente do Estado,Morte por intervenção de agente do Estado,Acari,Acari
14906301-2020,2020,Homicídio Provocado por Paulada,Homicídio doloso,Penha circular,Penha Circular
24540261-2020,2020,Morte por Intervenção de Agente do Estado,Morte por intervenção de agente do Estado,Costa barros,Costa Barros
24540261-2020,2020,Morte por Intervenção de Agente do Estado,Morte por intervenção de agente do Estado,Costa barros,Costa Barros
25498351-2020,2020,Homicídio Provocado por Projétil de Arma de Fogo,Homicídio doloso,Tijuca,Tijuca
31461391-2020,2020,Morte por Intervenção de Agente do Estado,Morte por intervenção de agente do Estado,Pavuna,Pavuna
43295831-2020,2020,Homicídio Provocado por Projétil de Arma de Fogo,Homicídio doloso,Pitangueiras,Pitangueiras
92610712-2020,2020,Morte por Intervenção de Agente do Estado,Morte por intervenção de agente do Estado,Bangu,Bangu
98748561-2020,2020,Morte por Intervenção de Agente do Estado,Morte por intervenção de agente do Estado,Jacarepagua,Jacarepaguá
98748561-2020,2020,Morte por Intervenção de Agente do Estado,Morte por intervenção de agente do Estado,Jacarepagua,Jacarepaguá
06284371-2020,2020,Homicídio Provocado por Emprego de Arma Branca,Homicídio doloso,Pavuna,Pavuna
82420011-2020,2020,Homicídio Provocado por Projétil de Arma de Fogo,Homicídio doloso,Costa barros,Costa Barros
91903911-2020,2020,Morte por Intervenção de Agente do Estado,Morte por intervenção de agente do Estado,Tijuca,Tijuca
91903911-2020,2020,Morte por Intervenção de Agente do Estado,Morte por intervenção de agente do Estado,Tijuca,Tijuca
44361841-2020,2020,Morte por Intervenção de Agente do Estado,Morte por intervenção de agente do Estado,Bras pina,Brás de Pina
66693211-2020,2020,Morte por Intervenção de Agente do Estado,Morte por intervenção de agente do Estado,Jacare,Jacaré
66693211-2020,2020,Morte por Intervenção de Agente do Estado,Morte por intervenção de agente do Estado,Jacare,Jacaré
66693211-2020,2020,Morte por Intervenção de Agente do Estado,Morte por intervenção de agente do Estado,Jacare,Jacaré
66693211-2020,2020,Morte por Intervenção de Agente do Estado,Morte por intervenção de agente do Estado,Jacare,Jacaré
71826361-2020,2020,Homicídio Provocado por Projétil de Arma de Fogo,Homicídio doloso,Centro,Centro
83621341-2020,2020,Homicídio Provocado por Projétil de Arma de Fogo,Homicídio doloso,Madureira,Madureira
15315651-2020,2020,Homicídio (outros),Homicídio doloso,Tomas coelho,Tomás Coelho
57687021-2020,2020,Morte por Intervenção de Agente do Estado,Morte por intervenção de agente do Estado,Laranjeiras,Laranjeiras
57750582-2020,2020,Homicídio (outros),Homicídio doloso,Turiacu,Turiaçú
56953851-2020,2020,Homicídio Provocado por Projétil de Arma de Fogo,Homicídio doloso,Tanque,Tanque
78463321-2020,2020,Morte por Intervenção de Agente do Estado,Morte por intervenção de agente do Estado,Cidade de deus,Cidade de Deus
06374731-2020,2020,Morte por Intervenção de Agente do Estado,Morte por intervenção de agente do Estado,Guadalupe,Guadalupe
26325751-2020,2020,Homicídio Provocado por Projétil de Arma de Fogo,Homicídio doloso,Campo grande,Campo Grande
74707091-2020,2020,Morte por Intervenção de Agente do Estado,Morte por intervenção de agente do Estado,Santo cristo,Santo Cristo
07792561-2020,2020,Homicídio Provocado por Projétil de Arma de Fogo,Homicídio doloso,Bonsucessso,Bonsucesso
14046061-2020,2020,Homicídio (outros),Homicídio doloso,Cidade universitaria,Cidade Universitária
46409131-2020,2020,Homicídio Provocado por Emprego de Arma Branca,Homicídio doloso,Ramos,Ramos
83771771-2020,2020,Homicídio Provocado por Emprego de Arma Branca,Homicídio doloso,Curicica,Curicica
03928451-2020,2020,Morte por Intervenção de Agente do Estado,Morte por intervenção de agente do Estado,Colegio,Colégio
52543151-2020,2020,Homicídio Provocado por Emprego de Arma Branca,Homicídio doloso,Santissimo,Santíssimo
63107021-2020,2020,Morte por Intervenção de Agente do Estado,Morte por intervenção de agente do Estado,Tijuca,Tijuca
98795511-2020,2020,Morte por Intervenção de Agente do Estado,Morte por intervenção de agente do Estado,Vila kenedy,Bangu
98795511-2020,2020,Morte por Intervenção de Agente do Estado,Morte por intervenção de agente do Estado,Vila kenedy,Bangu
98795511-2020,2020,Morte por Intervenção de Agente do Estado,Morte por intervenção de agente do Estado,Vila kenedy,Bangu
98795511-2020,2020,Morte por Intervenção de Agente do Estado,Morte por intervenção de agente do Estado,Vila kenedy,Bangu
98795511-2020,2020,Morte por Intervenção de Agente do Estado,Morte por intervenção de agente do Estado,Vila kenedy,Bangu
12005641-2020,2020,Morte por Intervenção de Agente do Estado,Morte por intervenção de agente do Estado,Vicente de carvalho,Vicente de Carvalho
30641841-2020,2020,Homicídio Provocado por Projétil de Arma de Fogo,Homicídio doloso,Bras de pina,Brás de Pina
30984951-2020,2020,Homicídio (outros),Homicídio doloso,Ramos,Ramos
38248601-2020,2020,Homicídio (outros),Homicídio doloso,Bangu,Bangu
48857421-2020,2020,Morte por Intervenção de Agente do Estado,Morte por intervenção de agente do Estado,Cidade de deus,Cidade de Deus
53374901-2020,2020,Morte por Intervenção de Agente do Estado,Morte por intervenção de agente do Estado,Pavuna,Pavuna
56754751-2020,2020,Morte por Intervenção de Agente do Estado,Morte por intervenção de agente do Estado,Cordovil,Cordovil
73012071-2020,2020,Morte por Intervenção de Agente do Estado,Morte por intervenção de agente do Estado,Vicente de carvalho,Vicente de Carvalho
73012071-2020,2020,Morte por Intervenção de Agente do Estado,Morte por intervenção de agente do Estado,Vicente de carvalho,Vicente de Carvalho
75010311-2020,2020,Morte por Intervenção de Agente do Estado,Morte por intervenção de agente do Estado,Pavuna,Pavuna
70590501-2020,2020,Homicídio Provocado por Projétil de Arma de Fogo,Homicídio doloso,Tanque,Tanque
70590501-2020,2020,Homicídio Provocado por Projétil de Arma de Fogo,Homicídio doloso,Tanque,Tanque
59278161-2020,2020,Homicídio Provocado por Projétil de Arma de Fogo,Homicídio doloso,Vicente de carvalho,Vicente de Carvalho
84904371-2020,2020,Homicídio Provocado por Projétil de Arma de Fogo,Homicídio doloso,Vicente de carvalho,Vicente de Carvalho
92301191-2020,2020,Homicídio Provocado por Projétil de Arma de Fogo,Homicídio doloso,Tijuca,Tijuca
96253831-2020,2020,Homicídio Provocado por Projétil de Arma de Fogo,Homicídio doloso,Realengo,Realengo
15093331-2020,2020,Homicídio (outros),Homicídio doloso,Gericino,Gericinó
36523961-2020,2020,Homicídio Provocado por Projétil de Arma de Fogo,Homicídio doloso,Gardenia azul,Gardênia Azul
43803681-2020,2020,Homicídio (outros),Homicídio doloso,Santissimo,Santíssimo
93873731-2020,2020,Homicídio Provocado por Emprego de Arma Branca,Homicídio doloso,Iraja,Irajá
94545901-2020,2020,Homicídio Provocado por Emprego de Arma Branca,Homicídio doloso,Honorio gurgel,Honório Gurgel
08748201-2020,2020,Homicídio Provocado por Projétil de Arma de Fogo,Homicídio doloso,Rio comprido,Rio Comprido
89047501-2020,2020,Homicídio Provocado por Projétil de Arma de Fogo,Homicídio doloso,Realengo,Realengo
74807811-2020,2020,Homicídio (outros),Homicídio doloso,Bangu,Bangu
12267351-2020,2020,Morte por Intervenção de Agente do Estado,Morte por intervenção de agente do Estado,Vicente de carvalho,Vicente de Carvalho
12267351-2020,2020,Morte por Intervenção de Agente do Estado,Morte por intervenção de agente do Estado,Vicente de carvalho,Vicente de Carvalho
44818651-2020,2020,Homicídio Provocado por Projétil de Arma de Fogo,Homicídio doloso,Parque anchieta,Parque Anchieta
92583221-2020,2020,Homicídio Provocado por Projétil de Arma de Fogo,Homicídio doloso,Gamboa,Gamboa
99886341-2020,2020,Homicídio (outros),Homicídio doloso,Anchieta,Anchieta
39082171-2020,2020,Homicídio (outros),Homicídio doloso,Centro,Centro
97008081-2020,2020,Morte por Intervenção de Agente do Estado,Morte por intervenção de agente do Estado,Ricardo de albuquerque,Ricardo de Albuquerque
69772661-2020,2020,Homicídio Provocado por Projétil de Arma de Fogo,Homicídio doloso,Rio comprido,Rio Comprido
13816321-2020,2020,Morte por Intervenção de Agente do Estado,Morte por intervenção de agente do Estado,Pavuna,Pavuna
19917441-2020,2020,Homicídio (outros),Homicídio doloso,Senador camara,Senador Camará
40168542-2020,2020,Homicídio Provocado por Projétil de Arma de Fogo,Homicídio doloso,Catumbi,Catumbi
88386202-2020,2020,Morte por Intervenção de Agente do Estado,Morte por intervenção de agente do Estado,Anchieta,Anchieta
03152591-2020,2020,Morte por Intervenção de Agente do Estado,Morte por intervenção de agente do Estado,Pavuna,Pavuna
13046621-2020,2020,Homicídio Provocado por Projétil de Arma de Fogo,Homicídio doloso,Guadalupe,Guadalupe
27658191-2020,2020,Morte por Intervenção de Agente do Estado,Morte por intervenção de agente do Estado,Cidade de deus,Cidade de Deus
45589231-2020,2020,Homicídio Provocado por Projétil de Arma de Fogo,Homicídio doloso,Senador camara,Senador Camará
52579081-2020,2020,Homicídio Provocado por Projétil de Arma de Fogo,Homicídio doloso,Cascadura,Cascadura
09541491-2020,2020,Homicídio Provocado por Projétil de Arma de Fogo,Homicídio doloso,Piedade,Piedade
13063981-2020,2020,Homicídio Provocado por Asfixia,Homicídio doloso,Rocha miranda,Rocha Miranda
28723611-2020,2020,Homicídio Provocado por Projétil de Arma de Fogo,Homicídio doloso,Vicente de carvalho,Vicente de Carvalho
34245911-2020,2020,Homicídio Provocado por Projétil de Arma de Fogo,Homicídio doloso,Engenho de dentro,Engenho de Dentro
39011231-2020,2020,Morte por Intervenção de Agente do Estado,Morte por intervenção de agente do Estado,Engenho de dentro,Engenho de Dentro
67758721-2020,2020,Homicídio Provocado por Projétil de Arma de Fogo,Homicídio doloso,Bonsucesso,Bonsucesso
74270931-2020,2020,Homicídio (outros),Homicídio doloso,Madureira,Madureira
53065991-2020,2020,Morte por Intervenção de Agente do Estado,Morte por intervenção de agente do Estado,Vidigal,Vidigal
05915471-2020,2020,Morte por Intervenção de Agente do Estado,Morte por intervenção de agente do Estado,Parada de lucas,Parada de Lucas
37450571-2020,2020,Homicídio (outros),Homicídio doloso,Olaria,Olaria
46082461-2020,2020,Homicídio (outros),Homicídio doloso,Engenho da rainha,Engenho da Rainha
82764301-2020,2020,Homicídio Provocado por Emprego de Arma Branca,Homicídio doloso,Realengo,Realengo
27978251-2020,2020,Homicídio Provocado por Projétil de Arma de Fogo,Homicídio doloso,Santa cruz,Santa Cruz
65595741-2020,2020,Homicídio Provocado por Projétil de Arma de Fogo,Homicídio doloso,Costa barros,Costa Barros
78141771-2020,2020,Homicídio Provocado por Emprego de Arma Branca,Homicídio doloso,Vidigal,Vidigal
86827471-2020,2020,Morte por Intervenção de Agente do Estado,Morte por intervenção de agente do Estado,Engenho da rainha,Engenho da Rainha
86827471-2020,2020,Morte por Intervenção de Agente do Estado,Morte por intervenção de agente do Estado,Engenho da rainha,Engenho da Rainha
19189761-2020,2020,Homicídio Provocado por Projétil de Arma de Fogo,Homicídio doloso,Taquara,Taquara
31533431-2020,2020,Morte por Intervenção de Agente do Estado,Morte por intervenção de agente do Estado,Bonsucesso,Bonsucesso
52123801-2020,2020,Homicídio (outros),Homicídio doloso,Engenho novo,Engenho Novo
63739851-2020,2020,Homicídio (outros),Homicídio doloso,Penha,Penha
66620601-2020,2020,Homicídio (outros),Homicídio doloso,Sao cristovao,São Cristóvão
69828341-2020,2020,Homicídio Provocado por Projétil de Arma de Fogo,Homicídio doloso,Vigario geral,Vigário Geral
06611561-2020,2020,Morte por Intervenção de Agente do Estado,Morte por intervenção de agente do Estado,Turiacu,Turiaçú
23527321-2020,2020,Morte por Intervenção de Agente do Estado,Morte por intervenção de agente do Estado,Pilares,Pilares
06753771-2020,2020,Morte por Intervenção de Agente do Estado,Morte por intervenção de agente do Estado,Sao cristovao,São Cristóvão
20372111-2020,2020,Homicídio Provocado por Projétil de Arma de Fogo,Homicídio doloso,Ricardo de albuquerque,Ricardo de Albuquerque
33106441-2020,2020,Homicídio Provocado por Projétil de Arma de Fogo,Homicídio doloso,Laranjeiras,Laranjeiras
62230381-2020,2020,Morte por Intervenção de Agente do Estado,Morte por intervenção de agente do Estado,Penha,Penha
65777631-2020,2020,Homicídio Provocado por Projétil de Arma de Fogo,Homicídio doloso,Bonsucesso,Bonsucesso
65777631-2020,2020,Homicídio Provocado por Projétil de Arma de Fogo,Homicídio doloso,Bonsucesso,Bonsucesso
65777631-2020,2020,Homicídio Provocado por Projétil de Arma de Fogo,Homicídio doloso,Bonsucesso,Bonsucesso
65777631-2020,2020,Homicídio Provocado por Projétil de Arma de Fogo,Homicídio doloso,Bonsucesso,Bonsucesso
65777631-2020,2020,Homicídio Provocado por Projétil de Arma de Fogo,Homicídio doloso,Bonsucesso,Bonsucesso
72124471-2020,2020,Homicídio Provocado por Projétil de Arma de Fogo,Homicídio doloso,Bangu,Bangu
72124471-2020,2020,Homicídio Provocado por Projétil de Arma de Fogo,Homicídio doloso,Bangu,Bangu
72124471-2020,2020,Homicídio Provocado por Projétil de Arma de Fogo,Homicídio doloso,Bangu,Bangu
75541681-2020,2020,Morte por Intervenção de Agente do Estado,Morte por intervenção de agente do Estado,Bonsucesso,Bonsucesso
75541681-2020,2020,Morte por Intervenção de Agente do Estado,Morte por intervenção de agente do Estado,Bonsucesso,Bonsucesso
78955031-2020,2020,Homicídio Provocado por Projétil de Arma de Fogo,Homicídio doloso,Sao cristovao,São Cristóvão
81096191-2020,2020,Homicídio Provocado por Projétil de Arma de Fogo,Homicídio doloso,Bonsucesso,Bonsucesso
96564951-2020,2020,Homicídio (outros),Homicídio doloso,Ramos,Ramos
01197041-2020,2020,Homicídio Provocado por Asfixia,Homicídio doloso,Realengo,Realengo
74090671-2020,2020,Homicídio (outros),Homicídio doloso,Cascadura,Cascadura
91393251-2020,2020,Morte por Intervenção de Agente do Estado,Morte por intervenção de agente do Estado,Vicente de carvalho,Vicente de Carvalho
07878042-2020,2020,Homicídio Provocado por Projétil de Arma de Fogo,Homicídio doloso,Penha,Penha
08637331-2020,2020,Homicídio Provocado por Projétil de Arma de Fogo,Homicídio doloso,Jacarepagua,Jacarepaguá
14396311-2020,2020,Morte por Intervenção de Agente do Estado,Morte por intervenção de agente do Estado,Manguinhos,Manguinhos
24588721-2020,2020,Morte por Intervenção de Agente do Estado,Morte por intervenção de agente do Estado,Pilares,Pilares
32227791-2020,2020,Homicídio Provocado por Projétil de Arma de Fogo,Homicídio doloso,Senador camara,Senador Camará
50846191-2020,2020,Homicídio Provocado por Projétil de Arma de Fogo,Homicídio doloso,Manguinhos,Manguinhos
50846191-2020,2020,Homicídio Provocado por Projétil de Arma de Fogo,Homicídio doloso,Manguinhos,Manguinhos
56621431-2020,2020,Morte por Intervenção de Agente do Estado,Morte por intervenção de agente do Estado,Pavuna,Pavuna
56621431-2020,2020,Morte por Intervenção de Agente do Estado,Morte por intervenção de agente do Estado,Pavuna,Pavuna
30149301-2020,2020,Homicídio Provocado por Projétil de Arma de Fogo,Homicídio doloso,Bangu,Bangu
33763471-2020,2020,Morte por Intervenção de Agente do Estado,Morte por intervenção de agente do Estado,Iraja,Irajá
33763471-2020,2020,Morte por Intervenção de Agente do Estado,Morte por intervenção de agente do Estado,Iraja,Irajá
70156731-2020,2020,Morte por Intervenção de Agente do Estado,Morte por intervenção de agente do Estado,Ricardo de albuquerque,Ricardo de Albuquerque
74865991-2020,2020,Morte por Intervenção de Agente do Estado,Morte por intervenção de agente do Estado,Honorio gurgel,Honório Gurgel
26326071-2020,2020,Homicídio (outros),Homicídio doloso,Anchieta,Anchieta
77503141-2020,2020,Homicídio (outros),Homicídio doloso,Santa cruz,Santa Cruz
85238841-2020,2020,Morte por Intervenção de Agente do Estado,Morte por intervenção de agente do Estado,Anchieta,Anchieta
45530271-2020,2020,Morte por Intervenção de Agente do Estado,Morte por intervenção de agente do Estado,Vila alianca,Bangu
76920151-2020,2020,Morte por Intervenção de Agente do Estado,Morte por intervenção de agente do Estado,Gamboa,Gamboa
29583611-2020,2020,Homicídio Provocado por Projétil de Arma de Fogo,Homicídio doloso,Santissimo,Santíssimo
53496871-2020,2020,Homicídio Provocado por Projétil de Arma de Fogo,Homicídio doloso,Jacare,Jacaré
73686211-2020,2020,Homicídio (outros),Homicídio doloso,Costa barros,Costa Barros
04585811-2020,2020,Homicídio (outros),Homicídio doloso,Costa barros,Costa Barros
09010141-2020,2020,Roubo Seguido de Morte Provocado por Projétil de Arma de Fogo,Latrocínio (Roubo seguido de morte),Guaratiba,Guaratiba
80374151-2020,2020,Homicídio Provocado por Queimaduras,Homicídio doloso,Campo grande,Campo Grande
00192671-2020,2020,Morte por Intervenção de Agente do Estado,Morte por intervenção de agente do Estado,Bangu,Bangu
56211071-2020,2020,Homicídio (outros),Homicídio doloso,Jacarepagua,Jacarepaguá
00495521-2020,2020,Homicídio Provocado por Projétil de Arma de Fogo,Homicídio doloso,Campo grande,Campo Grande
80066831-2020,2020,Morte por Intervenção de Agente do Estado,Morte por intervenção de agente do Estado,Del castilho,Del Castilho
92966491-2020,2020,Homicídio Provocado por Projétil de Arma de Fogo,Homicídio doloso,Piedade,Piedade
01857461-2020,2020,Morte por Intervenção de Agente do Estado,Morte por intervenção de agente do Estado,Parada de lucas,Parada de Lucas
01857461-2020,2020,Morte por Intervenção de Agente do Estado,Morte por intervenção de agente do Estado,Parada de lucas,Parada de Lucas
33499231-2020,2020,Homicídio Provocado por Emprego de Arma Branca,Homicídio doloso,Rocha miranda,Rocha Miranda
49753021-2020,2020,Morte por Intervenção de Agente do Estado,Morte por intervenção de agente do Estado,Vila isabel,Vila Isabel
46963741-2020,2020,Homicídio Provocado por Projétil de Arma de Fogo,Homicídio doloso,Costa barros,Costa Barros
94549831-2020,2020,Homicídio Provocado por Projétil de Arma de Fogo,Homicídio doloso,Costa barros,Costa Barros
01292251-2020,2020,Homicídio Provocado por Projétil de Arma de Fogo,Homicídio doloso,Tijuca,Tijuca
18057661-2020,2020,Homicídio Provocado por Projétil de Arma de Fogo,Homicídio doloso,Cidade nova,Cidade Nova
64172441-2020,2020,Homicídio (outros),Homicídio doloso,Rocinha,Rocinha
99331051-2020,2020,Homicídio Provocado por Projétil de Arma de Fogo,Homicídio doloso,Bento ribeiro,Bento Ribeiro
33726671-2020,2020,Morte por Intervenção de Agente do Estado,Morte por intervenção de agente do Estado,Complexo do lins,Lins de Vasconcelos
98992311-2020,2020,Homicídio Provocado por Projétil de Arma de Fogo,Homicídio doloso,Higienopolis,Higienópolis
03054521-2020,2020,Homicídio Provocado por Projétil de Arma de Fogo,Homicídio doloso,Cascadura,Cascadura
03054521-2020,2020,Homicídio Provocado por Projétil de Arma de Fogo,Homicídio doloso,Cascadura,Cascadura
03054521-2020,2020,Homicídio Provocado por Projétil de Arma de Fogo,Homicídio doloso,Cascadura,Cascadura
16516891-2020,2020,Homicídio (outros),Homicídio doloso,Realengo,Realengo
69851311-2020,2020,Lesão Corporal Seguida de Morte (outros),Lesão corporal seguida de morte,Vigario geral,Vigário Geral
41952481-2020,2020,Homicídio Provocado por Emprego de Arma Branca,Homicídio doloso,Sao cristovao,São Cristóvão
62378951-2020,2020,Homicídio (outros),Homicídio doloso,Leblon,Leblon
61014921-2020,2020,Homicídio (outros),Homicídio doloso,Centro,Centro
88172061-2020,2020,Homicídio Provocado por Projétil de Arma de Fogo,Homicídio doloso,Vargem grande,Vargem Grande
88172061-2020,2020,Homicídio Provocado por Projétil de Arma de Fogo,Homicídio doloso,Vargem grande,Vargem Grande
88172061-2020,2020,Homicídio Provocado por Projétil de Arma de Fogo,Homicídio doloso,Vargem grande,Vargem Grande
88172061-2020,2020,Homicídio Provocado por Projétil de Arma de Fogo,Homicídio doloso,Vargem grande,Vargem Grande
49358441-2020,2020,Homicídio (outros),Homicídio doloso,Guaratiba,Guaratiba
49358441-2020,2020,Homicídio (outros),Homicídio doloso,Guaratiba,Guaratiba
58581591-2020,2020,Homicídio Provocado por Projétil de Arma de Fogo,Homicídio doloso,Mare,Maré
72714691-2020,2020,Homicídio Provocado por Projétil de Arma de Fogo,Homicídio doloso,Marechal hermes,Marechal Hermes
06903441-2020,2020,Homicídio Provocado por Projétil de Arma de Fogo,Homicídio doloso,Campo grande,Campo Grande
64744281-2020,2020,Homicídio Provocado por Projétil de Arma de Fogo,Homicídio doloso,Higienopolis,Higienópolis
39764531-2020,2020,Homicídio Provocado por Projétil de Arma de Fogo,Homicídio doloso,Bonsucesso,Bonsucesso
79347581-2020,2020,Homicídio Provocado por Projétil de Arma de Fogo,Homicídio doloso,Campo grande,Campo Grande
37554141-2020,2020,Morte por Intervenção de Agente do Estado,Morte por intervenção de agente do Estado,Barros filho,Barros Filho
73525691-2020,2020,Homicídio Provocado por Projétil de Arma de Fogo,Homicídio doloso,Leme,Leme
75676661-2020,2020,Homicídio Provocado por Projétil de Arma de Fogo,Homicídio doloso,Realengo,Realengo
93568761-2020,2020,Homicídio Provocado por Projétil de Arma de Fogo,Homicídio doloso,Vaz lobo,Vaz Lobo
77122381-2020,2020,Homicídio Provocado por Projétil de Arma de Fogo,Homicídio doloso,Gavea,Gávea
09959941-2020,2020,Homicídio Provocado por Emprego de Arma Branca,Homicídio doloso,Curicica,Curicica
30338711-2020,2020,Homicídio Provocado por Projétil de Arma de Fogo,Homicídio doloso,Campo grande,Campo Grande
01250561-2020,2020,Homicídio (outros),Homicídio doloso,Penha,Penha
31177701-2020,2020,Homicídio Provocado por Projétil de Arma de Fogo,Homicídio doloso,Taua,Tauá
02536041-2020,2020,Homicídio Provocado por Projétil de Arma de Fogo,Homicídio doloso,Madureira,Madureira
17183951-2020,2020,Homicídio (outros),Homicídio doloso,Zumbi,Zumbi
78531181-2020,2020,Homicídio Provocado por Projétil de Arma de Fogo,Homicídio doloso,Deodoro,Deodoro
55572831-2020,2020,Homicídio (outros),Homicídio doloso,Ricardo de albuquerque,Ricardo de Albuquerque
40053901-2020,2020,"Lesão Corporal Seguida de Morte Provocada por Socos, Tapas ou Pontapés",Lesão corporal seguida de morte,Abolicao,Abolição
78915351-2020,2020,Homicídio Provocado por Emprego de Arma Branca,Homicídio doloso,Campo grande,Campo Grande
01384781-2020,2020,Homicídio Provocado por Projétil de Arma de Fogo,Homicídio doloso,Vila joao,Maré
43918791-2020,2020,Homicídio Provocado por Projétil de Arma de Fogo,Homicídio doloso,Vila valqueire,Vila Valqueire
08032941-2020,2020,Homicídio Provocado por Projétil de Arma de Fogo,Homicídio doloso,Mare,Maré
33599441-2020,2020,Homicídio Provocado por Projétil de Arma de Fogo,Homicídio doloso,Madureira,Madureira
66982971-2020,2020,Homicídio Provocado por Projétil de Arma de Fogo,Homicídio doloso,Cascadura,Cascadura
12292771-2020,2020,Homicídio Provocado por Projétil de Arma de Fogo,Homicídio doloso,Jacarepagua,Jacarepaguá
28393971-2020,2020,Homicídio Provocado por Projétil de Arma de Fogo,Homicídio doloso,Cordovil,Cordovil
29762701-2020,2020,Homicídio (outros),Homicídio doloso,Cordovil,Cordovil
29762701-2020,2020,Homicídio (outros),Homicídio doloso,Cordovil,Cordovil
62452621-2020,2020,Homicídio Provocado por Projétil de Arma de Fogo,Homicídio doloso,Bonsucesso,Bonsucesso
69398611-2020,2020,Homicídio Provocado por Projétil de Arma de Fogo,Homicídio doloso,Jardim america,Jardim América
11870561-2020,2020,Homicídio Provocado por Projétil de Arma de Fogo,Homicídio doloso,Anchieta,Anchieta
70979321-2020,2020,Homicídio Provocado por Projétil de Arma de Fogo,Homicídio doloso,Estacio,Estácio
81356371-2020,2020,Homicídio Provocado por Projétil de Arma de Fogo,Homicídio doloso,Anchieta,Anchieta
81356371-2020,2020,Homicídio Provocado por Projétil de Arma de Fogo,Homicídio doloso,Anchieta,Anchieta
81356371-2020,2020,Homicídio Provocado por Projétil de Arma de Fogo,Homicídio doloso,Anchieta,Anchieta
81356371-2020,2020,Homicídio Provocado por Projétil de Arma de Fogo,Homicídio doloso,Anchieta,Anchieta
81356371-2020,2020,Homicídio Provocado por Projétil de Arma de Fogo,Homicídio doloso,Anchieta,Anchieta
26621731-2020,2020,Homicídio Provocado por Projétil de Arma de Fogo,Homicídio doloso,Mare,Maré
56702011-2020,2020,Morte por Intervenção de Agente do Estado,Morte por intervenção de agente do Estado,Anchieta,Anchieta
16704711-2020,2020,Homicídio Provocado por Projétil de Arma de Fogo,Homicídio doloso,Recreio,Recreio dos Bandeirantes
47100211-2020,2020,Homicídio (outros),Homicídio doloso,Jacarepagua,Jacarepaguá
18204571-2020,2020,Lesão Corporal Seguida de Morte (outros),Lesão corporal seguida de morte,Parque anchieta,Parque Anchieta
22669302-2020,2020,Morte por Intervenção de Agente do Estado,Morte por intervenção de agente do Estado,Bangu,Bangu
04884271-2020,2020,Homicídio Provocado por Projétil de Arma de Fogo,Homicídio doloso,Tomas coelho,Tomás Coelho
92440451-2020,2020,Homicídio Provocado por Projétil de Arma de Fogo,Homicídio doloso,Coelho neto,Coelho Neto
24125791-2020,2020,Homicídio (outros),Homicídio doloso,Campo grande,Campo Grande
64294071-2020,2020,Morte por Intervenção de Agente do Estado,Morte por intervenção de agente do Estado,Bangu,Bangu
88100421-2020,2020,Homicídio Provocado por Projétil de Arma de Fogo,Homicídio doloso,Centro,Centro
37938961-2020,2020,Morte por Intervenção de Agente do Estado,Morte por intervenção de agente do Estado,Praca seca,Praça Seca
37938961-2020,2020,Morte por Intervenção de Agente do Estado,Morte por intervenção de agente do Estado,Praca seca,Praça Seca
37938961-2020,2020,Morte por Intervenção de Agente do Estado,Morte por intervenção de agente do Estado,Praca seca,Praça Seca
18195081-2020,2020,Homicídio (outros),Homicídio doloso,Realengo,Realengo
54044281-2020,2020,Homicídio (outros),Homicídio doloso,Botafogo,Botafogo
54044281-2020,2020,Homicídio Provocado por Projétil de Arma de Fogo,Homicídio doloso,Botafogo,Botafogo
32058811-2020,2020,Homicídio Provocado por Projétil de Arma de Fogo,Homicídio doloso,Itanhanga,Itanhangá
32058811-2020,2020,Homicídio Provocado por Projétil de Arma de Fogo,Homicídio doloso,Itanhanga,Itanhangá
39005141-2020,2020,Homicídio Provocado por Projétil de Arma de Fogo,Homicídio doloso,Rio comprido,Rio Comprido
92497711-2020,2020,Morte por Intervenção de Agente do Estado,Morte por intervenção de agente do Estado,Paciencia,Paciência
33509831-2020,2020,Morte por Intervenção de Agente do Estado,Morte por intervenção de agente do Estado,Honorio gurgel,Honório Gurgel
29559701-2020,2020,Homicídio Provocado por Projétil de Arma de Fogo,Homicídio doloso,Sta cruz,Santa Cruz
68815991-2020,2020,Homicídio (outros),Homicídio doloso,Bras de pina,Brás de Pina
03198641-2020,2020,Homicídio Provocado por Projétil de Arma de Fogo,Homicídio doloso,Marechal hermes,Marechal Hermes
03902651-2020,2020,Homicídio Provocado por Projétil de Arma de Fogo,Homicídio doloso,Bras de pina,Brás de Pina
23962411-2020,2020,Homicídio Provocado por Emprego de Arma Branca,Homicídio doloso,Botafogo,Botafogo
31809021-2020,2020,Homicídio Provocado por Emprego de Arma Branca,Homicídio doloso,Sepetiba,Sepetiba
45011711-2020,2020,Homicídio Provocado por Projétil de Arma de Fogo,Homicídio doloso,Colegio,Colégio
69133371-2020,2020,Homicídio (outros),Homicídio doloso,Piedade,Piedade
91192681-2020,2020,Homicídio Provocado por Projétil de Arma de Fogo,Homicídio doloso,Bangu,Bangu
31164241-2020,2020,Morte por Intervenção de Agente do Estado,Morte por intervenção de agente do Estado,Iraja,Irajá
66744111-2020,2020,Lesão Corporal Seguida de Morte (outros),Lesão corporal seguida de morte,Copacabana,Copacabana
04102301-2020,2020,Homicídio Provocado por Projétil de Arma de Fogo,Homicídio doloso,Bras de pina,Brás de Pina
27166481-2020,2020,Homicídio (outros),Homicídio doloso,Rocha miranda,Rocha Miranda
98612131-2020,2020,Morte por Intervenção de Agente do Estado,Morte por intervenção de agente do Estado,Olaria,Olaria
02600521-2020,2020,Homicídio Provocado por Projétil de Arma de Fogo,Homicídio doloso,Jacare,Jacaré
22859051-2020,2020,Homicídio Provocado por Projétil de Arma de Fogo,Homicídio doloso,Vigario geral,Vigário Geral
89444761-2020,2020,Morte por Intervenção de Agente do Estado,Morte por intervenção de agente do Estado,Cordovil,Cordovil
89688921-2020,2020,Morte por Intervenção de Agente do Estado,Morte por intervenção de agente do Estado,Cordovil,Cordovil
89688921-2020,2020,Morte por Intervenção de Agente do Estado,Morte por intervenção de agente do Estado,Cordovil,Cordovil
23069111-2020,2020,Homicídio Provocado por Projétil de Arma de Fogo,Homicídio doloso,Penha circular,Penha Circular
25117731-2020,2020,Homicídio Provocado por Projétil de Arma de Fogo,Homicídio doloso,Curicica,Curicica
32169841-2020,2020,Homicídio Provocado por Projétil de Arma de Fogo,Homicídio doloso,Sao cristovao,São Cristóvão
45049441-2020,2020,Homicídio Provocado por Projétil de Arma de Fogo,Homicídio doloso,Rio comprido,Rio Comprido
84279071-2020,2020,Homicídio (outros),Homicídio doloso,Santa cruz,Santa Cruz
87589641-2020,2020,Homicídio Provocado por Projétil de Arma de Fogo,Homicídio doloso,Marechal hermes,Marechal Hermes
93375761-2020,2020,Homicídio (outros),Homicídio doloso,Rio comprido,Rio Comprido
58138861-2020,2020,Morte por Intervenção de Agente do Estado,Morte por intervenção de agente do Estado,Anchieta,Anchieta
58138861-2020,2020,Morte por Intervenção de Agente do Estado,Morte por intervenção de agente do Estado,Anchieta,Anchieta
78304961-2020,2020,Homicídio Provocado por Projétil de Arma de Fogo,Homicídio doloso,Santa cruz,Santa Cruz
78304961-2020,2020,Homicídio Provocado por Projétil de Arma de Fogo,Homicídio doloso,Santa cruz,Santa Cruz
30146071-2020,2020,Morte por Intervenção de Agente do Estado,Morte por intervenção de agente do Estado,Anchieta,Anchieta
30146071-2020,2020,Morte por Intervenção de Agente do Estado,Morte por intervenção de agente do Estado,Anchieta,Anchieta
41694841-2020,2020,Homicídio Provocado por Projétil de Arma de Fogo,Homicídio doloso,Praca seca,Praça Seca
43830181-2020,2020,Homicídio Provocado por Projétil de Arma de Fogo,Homicídio doloso,Barra,Barra da Tijuca
49661621-2020,2020,Homicídio Provocado por Projétil de Arma de Fogo,Homicídio doloso,Barros filho,Barros Filho
88597131-2020,2020,Homicídio Provocado por Projétil de Arma de Fogo,Homicídio doloso,Vicente de carvalho,Vicente de Carvalho
14496021-2020,2020,Homicídio (outros),Homicídio doloso,Ramos,Ramos
57137691-2020,2020,Roubo Seguido de Morte Provocado por Projétil de Arma de Fogo,Latrocínio (Roubo seguido de morte),Realengo,Realengo
59882241-2020,2020,Homicídio Provocado por Asfixia,Homicídio doloso,Jacarepagua,Jacarepaguá
34771821-2020,2020,Morte por Intervenção de Agente do Estado,Morte por intervenção de agente do Estado,Iraja,Irajá
83603861-2020,2020,Morte por Intervenção de Agente do Estado,Morte por intervenção de agente do Estado,Gardenia azul,Gardênia Azul
00017111-2020,2020,Homicídio Provocado por Projétil de Arma de Fogo,Homicídio doloso,Senador vasconcelos,Senador Vasconcelos
35027291-2020,2020,Homicídio Provocado por Projétil de Arma de Fogo,Homicídio doloso,Costa barros,Costa Barros
59673531-2020,2020,Homicídio Provocado por Projétil de Arma de Fogo,Homicídio doloso,Santa teresa,Santa Teresa
06722261-2020,2020,Homicídio Provocado por Projétil de Arma de Fogo,Homicídio doloso,Inhauma,Inhaúma
88161091-2020,2020,Lesão Corporal Seguida de Morte Provocada por Projétil de Arma de Fogo,Lesão corporal seguida de morte,Penha,Penha
30994781-2020,2020,Morte por Intervenção de Agente do Estado,Morte por intervenção de agente do Estado,Jardim carioca,Jardim Carioca
03816151-2020,2020,Homicídio Provocado por Projétil de Arma de Fogo,Homicídio doloso,Penha circular,Penha Circular
14028501-2020,2020,Homicídio (outros),Homicídio doloso,Penha circular,Penha Circular
38398471-2020,2020,Morte por Intervenção de Agente do Estado,Morte por intervenção de agente do Estado,Bangu,Bangu
06898421-2020,2020,Homicídio (outros),Homicídio doloso,Santa cruz,Santa Cruz
90355911-2020,2020,Roubo Seguido de Morte Provocado por Projétil de Arma de Fogo,Latrocínio (Roubo seguido de morte),Campo grande,Campo Grande
09205041-2020,2020,Homicídio Provocado por Projétil de Arma de Fogo,Homicídio doloso,Rocha miranda,Rocha Miranda
89565221-2020,2020,Homicídio Provocado por Projétil de Arma de Fogo,Homicídio doloso,Piedade,Piedade
26557071-2020,2020,Morte por Intervenção de Agente do Estado,Morte por intervenção de agente do Estado,Vila isabel,Vila Isabel
26557071-2020,2020,Morte por Intervenção de Agente do Estado,Morte por intervenção de agente do Estado,Vila isabel,Vila Isabel
58823391-2020,2020,Homicídio Provocado por Projétil de Arma de Fogo,Homicídio doloso,Cosmos,Cosmos
85021181-2020,2020,Homicídio Provocado por Projétil de Arma de Fogo,Homicídio doloso,Bangu,Bangu
87927151-2020,2020,Morte por Intervenção de Agente do Estado,Morte por intervenção de agente do Estado,Bangu,Bangu
30987301-2020,2020,Homicídio (outros),Homicídio doloso,Recreio dos bandeirantes,Recreio dos Bandeirantes
32017751-2020,2020,Homicídio Provocado por Projétil de Arma de Fogo,Homicídio doloso,Parque anchieta,Parque Anchieta
32017751-2020,2020,Homicídio Provocado por Projétil de Arma de Fogo,Homicídio doloso,Parque anchieta,Parque Anchieta
49340341-2020,2020,Homicídio (outros),Homicídio doloso,Sao cristovao,São Cristóvão
11934851-2020,2020,Homicídio (outros),Homicídio doloso,Bras de pina,Brás de Pina
55791391-2020,2020,Homicídio (outros),Homicídio doloso,Bras de pina,Brás de Pina
69142501-2020,2020,Homicídio (outros),Homicídio doloso,Bangu,Bangu
93057341-2020,2020,Homicídio Provocado por Projétil de Arma de Fogo,Homicídio doloso,Penha,Penha
13566721-2020,2020,Morte por Intervenção de Agente do Estado,Morte por intervenção de agente do Estado,Anchieta,Anchieta
72333141-2020,2020,Homicídio (outros),Homicídio doloso,Manguinhos,Manguinhos
61884501-2020,2020,Homicídio Provocado por Projétil de Arma de Fogo,Homicídio doloso,Mare,Maré
63614951-2020,2020,Homicídio Provocado por Projétil de Arma de Fogo,Homicídio doloso,Meier,Méier
08473361-2020,2020,Homicídio (outros),Homicídio doloso,Bangu,Bangu
85430351-2020,2020,Homicídio Provocado por Projétil de Arma de Fogo,Homicídio doloso,Cavalcanti,Cavalcanti
94183672-2020,2020,Homicídio (outros),Homicídio doloso,Penha,Penha
95178411-2020,2020,Roubo Seguido de Morte Provocado por Projétil de Arma de Fogo,Latrocínio (Roubo seguido de morte),Madureira,Madureira
94525221-2020,2020,Homicídio Provocado por Projétil de Arma de Fogo,Homicídio doloso,Parque anchieta,Parque Anchieta
08022991-2020,2020,Roubo Seguido de Morte Provocado por Projétil de Arma de Fogo,Latrocínio (Roubo seguido de morte),Campo grande,Campo Grande
83294661-2020,2020,Homicídio Provocado por Projétil de Arma de Fogo,Homicídio doloso,Rio comprido,Rio Comprido
98312911-2020,2020,Homicídio Provocado por Projétil de Arma de Fogo,Homicídio doloso,Rocha miranda,Rocha Miranda
19188761-2020,2020,Homicídio Provocado por Emprego de Arma Branca,Homicídio doloso,Marechal hermes,Marechal Hermes
19188761-2020,2020,Homicídio Provocado por Emprego de Arma Branca,Homicídio doloso,Marechal hermes,Marechal Hermes
48229061-2020,2020,Morte por Intervenção de Agente do Estado,Morte por intervenção de agente do Estado,Rio comprido,Rio Comprido
57513041-2020,2020,Homicídio Provocado por Projétil de Arma de Fogo,Homicídio doloso,Estacio,Estácio
68860661-2020,2020,Homicídio Provocado por Projétil de Arma de Fogo,Homicídio doloso,Bonsucesso,Bonsucesso
74117691-2020,2020,Morte por Intervenção de Agente do Estado,Morte por intervenção de agente do Estado,Rio comprido,Rio Comprido
77941331-2020,2020,Homicídio Provocado por Projétil de Arma de Fogo,Homicídio doloso,Estacio,Estácio
81430291-2020,2020,Homicídio Provocado por Projétil de Arma de Fogo,Homicídio doloso,Bangu,Bangu
01678371-2020,2020,Homicídio (outros),Homicídio doloso,Botafogo,Botafogo
10290011-2020,2020,Morte por Intervenção de Agente do Estado,Morte por intervenção de agente do Estado,Rio comprido,Rio Comprido
52068081-2020,2020,Homicídio Provocado por Projétil de Arma de Fogo,Homicídio doloso,Sao cristovao,São Cristóvão
31757192-2020,2020,Homicídio Provocado por Projétil de Arma de Fogo,Homicídio doloso,Costa barros,Costa Barros
31757192-2020,2020,Homicídio Provocado por Projétil de Arma de Fogo,Homicídio doloso,Costa barros,Costa Barros
49189191-2020,2020,Morte por Intervenção de Agente do Estado,Morte por intervenção de agente do Estado,Olaria,Olaria
15968791-2020,2020,Morte por Intervenção de Agente do Estado,Morte por intervenção de agente do Estado,Vila kennedy / bangu,Bangu
37360531-2020,2020,Roubo Seguido de Morte Provocado por Projétil de Arma de Fogo,Latrocínio (Roubo seguido de morte),Campo grande,Campo Grande
42634231-2020,2020,Homicídio Provocado por Emprego de Arma Branca,Homicídio doloso,Centro,Centro
84436401-2020,2020,Homicídio Provocado por Projétil de Arma de Fogo,Homicídio doloso,Bangu,Bangu
95138071-2020,2020,Homicídio Provocado por Emprego de Arma Branca,Homicídio doloso,Madureira,Madureira
08479391-2020,2020,Homicídio (outros),Homicídio doloso,Engenho de dentro,Engenho de Dentro
91420841-2020,2020,Homicídio Provocado por Projétil de Arma de Fogo,Homicídio doloso,Santa teresa,Santa Teresa
79150851-2020,2020,Homicídio Provocado por Projétil de Arma de Fogo,Homicídio doloso,Vargem pequena,Vargem Pequena
51982151-2020,2020,Homicídio Provocado por Projétil de Arma de Fogo,Homicídio doloso,Bras de pina,Brás de Pina
54424521-2020,2020,Homicídio Provocado por Projétil de Arma de Fogo,Homicídio doloso,Vila isabel,Vila Isabel
65224521-2020,2020,Morte por Intervenção de Agente do Estado,Morte por intervenção de agente do Estado,Parada de lucas,Parada de Lucas
19551351-2020,2020,Homicídio Provocado por Projétil de Arma de Fogo,Homicídio doloso,Cosmos,Cosmos
19551351-2020,2020,Homicídio Provocado por Projétil de Arma de Fogo,Homicídio doloso,Cosmos,Cosmos
67773561-2020,2020,Homicídio (outros),Homicídio doloso,Deodoro,Deodoro
74096371-2020,2020,Morte por Intervenção de Agente do Estado,Morte por intervenção de agente do Estado,Realengo,Realengo
81716201-2020,2020,Morte por Intervenção de Agente do Estado,Morte por intervenção de agente do Estado,Cidade universitaria,Cidade Universitária
92761501-2020,2020,Homicídio (outros),Homicídio doloso,Cosmos,Cosmos
03128581-2020,2020,Homicídio Provocado por Emprego de Arma Branca,Homicídio doloso,Bangu,Bangu
21742311-2020,2020,Homicídio Provocado por Asfixia,Homicídio doloso,Guaratiba,Guaratiba
53314481-2020,2020,Homicídio Provocado por Projétil de Arma de Fogo,Homicídio doloso,Praca seca,Praça Seca
93428651-2020,2020,Homicídio Provocado por Projétil de Arma de Fogo,Homicídio doloso,Bras de pina,Brás de Pina
48619271-2020,2020,Homicídio (outros),Homicídio doloso,Inhauma,Inhaúma
71594691-2020,2020,Morte por Intervenção de Agente do Estado,Morte por intervenção de agente do Estado,Realengo,Realengo
06958721-2020,2020,Homicídio Provocado por Projétil de Arma de Fogo,Homicídio doloso,Bento ribeiro,Bento Ribeiro
35706761-2020,2020,Homicídio Provocado por Projétil de Arma de Fogo,Homicídio doloso,Guaratiba,Guaratiba
61933011-2020,2020,Homicídio Provocado por Projétil de Arma de Fogo,Homicídio doloso,Pavuna,Pavuna
15061841-2020,2020,Homicídio Provocado por Projétil de Arma de Fogo,Homicídio doloso,Padre miguel,Padre Miguel
44090201-2020,2020,Homicídio Provocado por Emprego de Arma Branca,Homicídio doloso,Padre miguel,Padre Miguel
03677341-2020,2020,Homicídio Provocado por Projétil de Arma de Fogo,Homicídio doloso,Guadalupe,Guadalupe
58689741-2020,2020,Homicídio (outros),Homicídio doloso,Jardim america,Jardim América
17215871-2020,2020,Homicídio Provocado por Projétil de Arma de Fogo,Homicídio doloso,Cascadura,Cascadura
17215871-2020,2020,Homicídio Provocado por Projétil de Arma de Fogo,Homicídio doloso,Cascadura,Cascadura
22661021-2020,2020,Homicídio Provocado por Projétil de Arma de Fogo,Homicídio doloso,Jardim america,Jardim América
81049081-2020,2020,Homicídio Provocado por Projétil de Arma de Fogo,Homicídio doloso,Bras de pina,Brás de Pina
11939251-2020,2020,Homicídio (outros),Homicídio doloso,Centro,Centro
58080951-2020,2020,Homicídio Provocado por Projétil de Arma de Fogo,Homicídio doloso,Lins de vasconcelos,Lins de Vasconcelos
94699231-2020,2020,Morte por Intervenção de Agente do Estado,Morte por intervenção de agente do Estado,Guadalupe,Guadalupe
98035231-2020,2020,Homicídio Provocado por Projétil de Arma de Fogo,Homicídio doloso,Centro,Centro
61487871-2020,2020,Morte por Intervenção de Agente do Estado,Morte por intervenção de agente do Estado,Bangu - vila kennedy,Bangu
61487871-2020,2020,Morte por Intervenção de Agente do Estado,Morte por intervenção de agente do Estado,Bangu - vila kennedy,Bangu
63071901-2020,2020,Morte por Intervenção de Agente do Estado,Morte por intervenção de agente do Estado,Parada de lucas,Parada de Lucas
38322511-2020,2020,Homicídio Provocado por Projétil de Arma de Fogo,Homicídio doloso,Pavuna,Pavuna
48077481-2020,2020,Homicídio Provocado por Queimaduras,Homicídio doloso,Santa cruz,Santa Cruz
25073511-2020,2020,Homicídio Provocado por Projétil de Arma de Fogo,Homicídio doloso,Cacuia,Cacuia
43535901-2020,2020,Homicídio Provocado por Projétil de Arma de Fogo,Homicídio doloso,Piedade,Piedade
22049811-2020,2020,Homicídio Provocado por Projétil de Arma de Fogo,Homicídio doloso,Cavalcanti,Cavalcanti
51550651-2020,2020,Homicídio Provocado por Projétil de Arma de Fogo,Homicídio doloso,Madureira,Madureira
92091091-2020,2020,Homicídio Provocado por Projétil de Arma de Fogo,Homicídio doloso,Cavalcanti,Cavalcanti
48996951-2020,2020,Morte por Intervenção de Agente do Estado,Morte por intervenção de agente do Estado,Vaz lobo,Vaz Lobo
75024011-2020,2020,Homicídio (outros),Homicídio doloso,Bangu,Bangu
75066451-2020,2020,Homicídio Provocado por Projétil de Arma de Fogo,Homicídio doloso,Santa teresa,Santa Teresa
75870851-2020,2020,Lesão Corporal Seguida de Morte (outros),Lesão corporal seguida de morte,Guaratiba,Guaratiba
85548451-2020,2020,Homicídio (outros),Homicídio doloso,Bangu,Bangu
35170311-2020,2020,Homicídio Provocado por Projétil de Arma de Fogo,Homicídio doloso,Colegio,Colégio
53639971-2020,2020,Homicídio Provocado por Projétil de Arma de Fogo,Homicídio doloso,Quintino bocaiuva,Quintino Bocaiúva
85036381-2020,2020,Morte por Intervenção de Agente do Estado,Morte por intervenção de agente do Estado,Bangu,Bangu
54379011-2020,2020,Homicídio Provocado por Projétil de Arma de Fogo,Homicídio doloso,Cosmos,Cosmos
10118821-2020,2020,Homicídio Provocado por Projétil de Arma de Fogo,Homicídio doloso,Penha circular,Penha Circular
13865681-2020,2020,Homicídio Provocado por Projétil de Arma de Fogo,Homicídio doloso,Cascadura,Cascadura
13865681-2020,2020,Homicídio Provocado por Projétil de Arma de Fogo,Homicídio doloso,Cascadura,Cascadura
36665131-2020,2020,Homicídio Provocado por Projétil de Arma de Fogo,Homicídio doloso,Campo grande,Campo Grande
32829441-2020,2020,Homicídio (outros),Homicídio doloso,Copacabana,Copacabana
44908741-2020,2020,Homicídio Provocado por Projétil de Arma de Fogo,Homicídio doloso,Cascadura,Cascadura
19841181-2020,2020,Homicídio (outros),Homicídio doloso,Grumari,Grumari
46467051-2020,2020,Morte por Intervenção de Agente do Estado,Morte por intervenção de agente do Estado,Meier,Méier
55039821-2020,2020,Homicídio Provocado por Projétil de Arma de Fogo,Homicídio doloso,Vaz lobo,Vaz Lobo
57443511-2020,2020,Homicídio (outros),Homicídio doloso,Cascadura,Cascadura
75720651-2020,2020,Homicídio Provocado por Projétil de Arma de Fogo,Homicídio doloso,Bangu,Bangu
38795731-2020,2020,Homicídio Provocado por Asfixia,Homicídio doloso,Bonsucesso,Bonsucesso
12467221-2020,2020,Homicídio Provocado por Projétil de Arma de Fogo,Homicídio doloso,Ilha de guaratiba,Guaratiba
29642671-2020,2020,Homicídio Provocado por Projétil de Arma de Fogo,Homicídio doloso,Realengo,Realengo
36240181-2020,2020,Homicídio Provocado por Projétil de Arma de Fogo,Homicídio doloso,Bangu,Bangu
82147791-2020,2020,Morte por Intervenção de Agente do Estado,Morte por intervenção de agente do Estado,Senador camara,Senador Camará
00298421-2020,2020,Homicídio Provocado por Projétil de Arma de Fogo,Homicídio doloso,Penha,Penha
31409141-2020,2020,Homicídio Provocado por Projétil de Arma de Fogo,Homicídio doloso,Rio comprido,Rio Comprido
36417811-2020,2020,Homicídio (outros),Homicídio doloso,Campo grande,Campo Grande
54993501-2020,2020,Homicídio Provocado por Projétil de Arma de Fogo,Homicídio doloso,Penha,Penha
74141231-2020,2020,Homicídio (outros),Homicídio doloso,Benfica,Benfica
81349641-2020,2020,Morte por Intervenção de Agente do Estado,Morte por intervenção de agente do Estado,Iraja,Irajá
00084031-2020,2020,Homicídio (outros),Homicídio doloso,Deodoro,Deodoro
02992502-2020,2020,Homicídio Provocado por Projétil de Arma de Fogo,Homicídio doloso,Realengo,Realengo
22188831-2020,2020,Morte por Intervenção de Agente do Estado,Morte por intervenção de agente do Estado,Ricardo de albuquerque,Ricardo de Albuquerque
74582531-2020,2020,Homicídio Provocado por Projétil de Arma de Fogo,Homicídio doloso,Realengo,Realengo
27410471-2020,2020,Homicídio (outros),Homicídio doloso,Itanhanga,Itanhangá
40380781-2020,2020,Morte por Intervenção de Agente do Estado,Morte por intervenção de agente do Estado,Rocha miranda,Rocha Miranda
13485351-2020,2020,Homicídio Provocado por Projétil de Arma de Fogo,Homicídio doloso,Guadalupe,Guadalupe
56573911-2020,2020,Morte por Intervenção de Agente do Estado,Morte por intervenção de agente do Estado,Senador camara,Senador Camará
56573911-2020,2020,Morte por Intervenção de Agente do Estado,Morte por intervenção de agente do Estado,Senador camara,Senador Camará
56573911-2020,2020,Morte por Intervenção de Agente do Estado,Morte por intervenção de agente do Estado,Senador camara,Senador Camará
56573911-2020,2020,Morte por Intervenção de Agente do Estado,Morte por intervenção de agente do Estado,Senador camara,Senador Camará
80163791-2020,2020,Morte por Intervenção de Agente do Estado,Morte por intervenção de agente do Estado,Senador camara,Senador Camará
84093101-2020,2020,Roubo Seguido de Morte Provocado por Projétil de Arma de Fogo,Latrocínio (Roubo seguido de morte),Tomas coelho,Tomás Coelho
94447861-2020,2020,Homicídio (outros),Homicídio doloso,Penha,Penha
01373141-2020,2020,Morte por Intervenção de Agente do Estado,Morte por intervenção de agente do Estado,Padre miguel,Padre Miguel
06933361-2020,2020,Homicídio (outros),Homicídio doloso,Jardim guanabara,Jardim Guanabara
20513031-2020,2020,Homicídio (outros),Homicídio doloso,Bras de pina,Brás de Pina
34762161-2020,2020,Morte por Intervenção de Agente do Estado,Morte por intervenção de agente do Estado,Lins,Lins de Vasconcelos
34762161-2020,2020,Morte por Intervenção de Agente do Estado,Morte por intervenção de agente do Estado,Lins,Lins de Vasconcelos
35785891-2020,2020,Morte por Intervenção de Agente do Estado,Morte por intervenção de agente do Estado,Campinho,Campinho
02509291-2020,2020,Morte por Intervenção de Agente do Estado,Morte por intervenção de agente do Estado,Barros filho,Barros Filho
02509291-2020,2020,Morte por Intervenção de Agente do Estado,Morte por intervenção de agente do Estado,Barros filho,Barros Filho
69995681-2020,2020,Morte por Intervenção de Agente do Estado,Morte por intervenção de agente do Estado,Barra da tijuca,Barra da Tijuca
98791871-2020,2020,Morte por Intervenção de Agente do Estado,Morte por intervenção de agente do Estado,Rocha miranda,Rocha Miranda
98791871-2020,2020,Morte por Intervenção de Agente do Estado,Morte por intervenção de agente do Estado,Rocha miranda,Rocha Miranda
98791871-2020,2020,Morte por Intervenção de Agente do Estado,Morte por intervenção de agente do Estado,Rocha miranda,Rocha Miranda
98791871-2020,2020,Morte por Intervenção de Agente do Estado,Morte por intervenção de agente do Estado,Rocha miranda,Rocha Miranda
98791871-2020,2020,Morte por Intervenção de Agente do Estado,Morte por intervenção de agente do Estado,Rocha miranda,Rocha Miranda
13534121-2020,2020,Homicídio Provocado por Projétil de Arma de Fogo,Homicídio doloso,Itanhanga,Itanhangá
14945541-2020,2020,Homicídio Provocado por Emprego de Arma Branca,Homicídio doloso,Andarai,Andaraí
37658011-2020,2020,Homicídio Provocado por Projétil de Arma de Fogo,Homicídio doloso,Costa barros,Costa Barros
49213161-2020,2020,Morte por Intervenção de Agente do Estado,Morte por intervenção de agente do Estado,Ricardo de albuquerque,Ricardo de Albuquerque
81183341-2020,2020,Morte por Intervenção de Agente do Estado,Morte por intervenção de agente do Estado,Leme,Leme
82216021-2020,2020,Homicídio Provocado por Projétil de Arma de Fogo,Homicídio doloso,Cavalcanti,Cavalcanti
97490911-2020,2020,Homicídio Provocado por Projétil de Arma de Fogo,Homicídio doloso,Bangu,Bangu
07432331-2020,2020,Lesão Corporal Seguida de Morte (outros),Lesão corporal seguida de morte,Santa cruz,Santa Cruz
31409121-2020,2020,Homicídio (outros),Homicídio doloso,Realengo,Realengo
42362591-2020,2020,Homicídio (outros),Homicídio doloso,Iraja,Irajá
44480061-2020,2020,Homicídio (outros),Homicídio doloso,Campo grande,Campo Grande
45078141-2020,2020,Homicídio (outros),Homicídio doloso,Bonsucesso,Bonsucesso
80324231-2020,2020,Homicídio Provocado por Asfixia,Homicídio doloso,Bonsucesso,Bonsucesso
73008761-2020,2020,Homicídio Provocado por Projétil de Arma de Fogo,Homicídio doloso,Santa teresa,Santa Teresa
22974261-2020,2020,Homicídio Provocado por Projétil de Arma de Fogo,Homicídio doloso,Cascadura,Cascadura
81150041-2020,2020,Homicídio Provocado por Projétil de Arma de Fogo,Homicídio doloso,Vicente de carvalho,Vicente de Carvalho
81150041-2020,2020,Homicídio Provocado por Projétil de Arma de Fogo,Homicídio doloso,Vicente de carvalho,Vicente de Carvalho
06546051-2020,2020,Homicídio (outros),Homicídio doloso,Tijuca,Tijuca
96174881-2020,2020,Morte por Intervenção de Agente do Estado,Morte por intervenção de agente do Estado,Benfica,Benfica
96174881-2020,2020,Morte por Intervenção de Agente do Estado,Morte por intervenção de agente do Estado,Benfica,Benfica
96174881-2020,2020,Morte por Intervenção de Agente do Estado,Morte por intervenção de agente do Estado,Benfica,Benfica
96174881-2020,2020,Morte por Intervenção de Agente do Estado,Morte por intervenção de agente do Estado,Benfica,Benfica
08676681-2020,2020,Homicídio Provocado por Projétil de Arma de Fogo,Homicídio doloso,Bras de pina,Brás de Pina
22358521-2020,2020,Homicídio Provocado por Projétil de Arma de Fogo,Homicídio doloso,Quintino bocaiuva,Quintino Bocaiúva
32759051-2020,2020,Homicídio Provocado por Projétil de Arma de Fogo,Homicídio doloso,Meier,Méier
35057701-2020,2020,Homicídio Provocado por Projétil de Arma de Fogo,Homicídio doloso,Campo grande,Campo Grande
40006571-2020,2020,Homicídio Provocado por Pedrada,Homicídio doloso,Flamengo,Flamengo
84563131-2020,2020,Homicídio Provocado por Projétil de Arma de Fogo,Homicídio doloso,Praca seca,Praça Seca
95838031-2020,2020,Homicídio Provocado por Projétil de Arma de Fogo,Homicídio doloso,Catumbi,Catumbi
23517411-2020,2020,Homicídio (outros),Homicídio doloso,Tomas coelho,Tomás Coelho
65118481-2020,2020,Morte por Intervenção de Agente do Estado,Morte por intervenção de agente do Estado,Pavuna,Pavuna
64516881-2020,2020,Homicídio Provocado por Projétil de Arma de Fogo,Homicídio doloso,Engenho de dentro,Engenho de Dentro
08987321-2020,2020,Homicídio Provocado por Projétil de Arma de Fogo,Homicídio doloso,Costa barros,Costa Barros
36457741-2020,2020,Homicídio Provocado por Projétil de Arma de Fogo,Homicídio doloso,Honorio gurgel,Honório Gurgel
45814731-2020,2020,Homicídio Provocado por Asfixia,Homicídio doloso,Conjunto esperanca,Maré
85061191-2020,2020,Morte por Intervenção de Agente do Estado,Morte por intervenção de agente do Estado,Engenho novo,Engenho Novo
85061191-2020,2020,Morte por Intervenção de Agente do Estado,Morte por intervenção de agente do Estado,Engenho novo,Engenho Novo
22589181-2020,2020,Morte por Intervenção de Agente do Estado,Morte por intervenção de agente do Estado,Mangueira,Mangueira
56912881-2020,2020,Morte por Intervenção de Agente do Estado,Morte por intervenção de agente do Estado,Anchieta,Anchieta
67356161-2020,2020,Homicídio Provocado por Projétil de Arma de Fogo,Homicídio doloso,Sao cristovao,São Cristóvão
83452121-2020,2020,Homicídio (outros),Homicídio doloso,Rocha,Rocha
90218761-2020,2020,Morte por Intervenção de Agente do Estado,Morte por intervenção de agente do Estado,Anchieta,Anchieta
30864551-2020,2020,Morte por Intervenção de Agente do Estado,Morte por intervenção de agente do Estado,Comunidade do andarai,Andaraí
11346381-2020,2020,Homicídio Provocado por Projétil de Arma de Fogo,Homicídio doloso,Penha,Penha
11346381-2020,2020,Homicídio Provocado por Projétil de Arma de Fogo,Homicídio doloso,Penha,Penha
11346381-2020,2020,Homicídio Provocado por Projétil de Arma de Fogo,Homicídio doloso,Penha,Penha
30365211-2020,2020,Homicídio (outros),Homicídio doloso,Centro,Centro
44966961-2020,2020,Homicídio Provocado por Projétil de Arma de Fogo,Homicídio doloso,Jacarepagua,Jacarepaguá
60671731-2020,2020,Homicídio (outros),Homicídio doloso,Ricardo de albuquerque,Ricardo de Albuquerque
15098401-2020,2020,Homicídio Provocado por Projétil de Arma de Fogo,Homicídio doloso,Piedade,Piedade
29197251-2020,2020,Homicídio Provocado por Projétil de Arma de Fogo,Homicídio doloso,Ricardo de albuquerque,Ricardo de Albuquerque
98207911-2020,2020,Roubo Seguido de Morte Provocado por Projétil de Arma de Fogo,Latrocínio (Roubo seguido de morte),Bangu,Bangu
15793441-2020,2020,Homicídio (outros),Homicídio doloso,Cascadura,Cascadura
81620401-2020,2020,Morte por Intervenção de Agente do Estado,Morte por intervenção de agente do Estado,Honorio gurgel,Honório Gurgel
85068141-2020,2020,Homicídio Provocado por Projétil de Arma de Fogo,Homicídio doloso,Cordovil,Cordovil
86680941-2020,2020,Homicídio (outros),Homicídio doloso,Marechal hermes,Marechal Hermes
12601281-2020,2020,Homicídio (outros),Homicídio doloso,Realengo,Realengo
40126791-2020,2020,Homicídio Provocado por Projétil de Arma de Fogo,Homicídio doloso,Oswaldo cruz,Oswaldo Cruz
40126791-2020,2020,Homicídio Provocado por Projétil de Arma de Fogo,Homicídio doloso,Oswaldo cruz,Oswaldo Cruz
96925061-2020,2020,Morte por Intervenção de Agente do Estado,Morte por intervenção de agente do Estado,Vidigal,Vidigal
94654781-2020,2020,Roubo Seguido de Morte (outros),Latrocínio (Roubo seguido de morte),Cosmos,Cosmos
95822971-2020,2020,Morte por Intervenção de Agente do Estado,Morte por intervenção de agente do Estado,Magalhaes bastos,Magalhães Bastos
00733671-2020,2020,Morte por Intervenção de Agente do Estado,Morte por intervenção de agente do Estado,Bangu,Bangu
67812641-2020,2020,Morte por Intervenção de Agente do Estado,Morte por intervenção de agente do Estado,Ramos,Ramos
28402761-2020,2020,Morte por Intervenção de Agente do Estado,Morte por intervenção de agente do Estado,Ramos,Ramos
31673631-2020,2020,Morte por Intervenção de Agente do Estado,Morte por intervenção de agente do Estado,Pavuna,Pavuna
48104181-2020,2020,Homicídio Provocado por Emprego de Arma Branca,Homicídio doloso,Tanque,Tanque
58420702-2020,2020,Morte por Intervenção de Agente do Estado,Morte por intervenção de agente do Estado,Vila isabel,Vila Isabel
73473881-2020,2020,Morte por Intervenção de Agente do Estado,Morte por intervenção de agente do Estado,Campinho,Campinho
83274081-2020,2020,Homicídio (outros),Homicídio doloso,Recreio,Recreio dos Bandeirantes
09688661-2020,2020,Homicídio Provocado por Projétil de Arma de Fogo,Homicídio doloso,Madureira,Madureira
12761441-2020,2020,Homicídio (outros),Homicídio doloso,Santa teresa,Santa Teresa
54425771-2020,2020,Homicídio (outros),Homicídio doloso,Ricardo de albuquerque,Ricardo de Albuquerque
92620011-2020,2020,Homicídio Provocado por Projétil de Arma de Fogo,Homicídio doloso,Vila militar,Vila Militar
46988081-2020,2020,Homicídio (outros),Homicídio doloso,Vicente de carvalho,Vicente de Carvalho
67646001-2020,2020,Morte por Intervenção de Agente do Estado,Morte por intervenção de agente do Estado,Bangu,Bangu
19253751-2020,2020,Homicídio Provocado por Projétil de Arma de Fogo,Homicídio doloso,Guaratiba,Guaratiba
46255721-2020,2020,Homicídio (outros),Homicídio doloso,Bonsucesso,Bonsucesso
53970781-2020,2020,Homicídio Provocado por Projétil de Arma de Fogo,Homicídio doloso,Paciencia,Paciência
60917631-2020,2020,Homicídio Provocado por Projétil de Arma de Fogo,Homicídio doloso,Manguinhos,Manguinhos
83307151-2020,2020,Homicídio Provocado por Emprego de Arma Branca,Homicídio doloso,Centro,Centro
03824531-2020,2020,Homicídio (outros),Homicídio doloso,Botafogo,Botafogo
03987551-2020,2020,Homicídio Provocado por Projétil de Arma de Fogo,Homicídio doloso,Bras de pina,Brás de Pina
96871661-2020,2020,Homicídio Provocado por Projétil de Arma de Fogo,Homicídio doloso,Recreio,Recreio dos Bandeirantes
54391661-2020,2020,Homicídio Provocado por Projétil de Arma de Fogo,Homicídio doloso,Pavuna,Pavuna
08074511-2020,2020,Morte por Intervenção de Agente do Estado,Morte por intervenção de agente do Estado,Padre miguel,Padre Miguel
40929361-2020,2020,Homicídio Provocado por Projétil de Arma de Fogo,Homicídio doloso,Galeao,Galeão
48436551-2020,2020,Morte por Intervenção de Agente do Estado,Morte por intervenção de agente do Estado,Bonsucesso,Bonsucesso
54536131-2020,2020,Homicídio Provocado por Emprego de Arma Branca,Homicídio doloso,Recreio dos bandeirantes,Recreio dos Bandeirantes
68076311-2020,2020,Homicídio Provocado por Projétil de Arma de Fogo,Homicídio doloso,Tomas coelho,Tomás Coelho
88867971-2020,2020,Homicídio Provocado por Projétil de Arma de Fogo,Homicídio doloso,Campo grande,Campo Grande
17244921-2020,2020,Homicídio (outros),Homicídio doloso,Penha,Penha
22219591-2020,2020,Homicídio (outros),Homicídio doloso,Campo grande,Campo Grande
22219591-2020,2020,Homicídio (outros),Homicídio doloso,Campo grande,Campo Grande
39600341-2020,2020,Homicídio Provocado por Projétil de Arma de Fogo,Homicídio doloso,Guaratiba,Guaratiba
53061631-2020,2020,Homicídio Provocado por Emprego de Arma Branca,Homicídio doloso,Guaratiba,Guaratiba
40507331-2020,2020,Homicídio Provocado por Emprego de Arma Branca,Homicídio doloso,Santa cruz,Santa Cruz
45090821-2020,2020,Homicídio (outros),Homicídio doloso,Penha,Penha
82133251-2020,2020,Homicídio (outros),Homicídio doloso,Realengo,Realengo
89346971-2020,2020,Homicídio (outros),Homicídio doloso,Olaria,Olaria
92790661-2020,2020,Homicídio Provocado por Projétil de Arma de Fogo,Homicídio doloso,Bento ribeiro,Bento Ribeiro
07141441-2020,2020,Lesão Corporal Seguida de Morte (outros),Lesão corporal seguida de morte,Realengo,Realengo
31719581-2020,2020,Homicídio (outros),Homicídio doloso,Barra da tijuca,Barra da Tijuca
55100661-2020,2020,Homicídio (outros),Homicídio doloso,Pavuna,Pavuna
55341411-2020,2020,Homicídio Provocado por Projétil de Arma de Fogo,Homicídio doloso,Santo cristo,Santo Cristo
01162221-2020,2020,Morte por Intervenção de Agente do Estado,Morte por intervenção de agente do Estado,Realengo,Realengo
23763151-2020,2020,Morte por Intervenção de Agente do Estado,Morte por intervenção de agente do Estado,Pavuna,Pavuna
39025701-2020,2020,Homicídio (outros),Homicídio doloso,Costa barros,Costa Barros
47581131-2020,2020,Homicídio (outros),Homicídio doloso,Engenho novo,Engenho Novo
85523351-2020,2020,Homicídio (outros),Homicídio doloso,Maria da graca,Maria da Graça
05625711-2020,2020,Homicídio Provocado por Projétil de Arma de Fogo,Homicídio doloso,Madureira,Madureira
11341871-2020,2020,Homicídio Provocado por Projétil de Arma de Fogo,Homicídio doloso,Bras de pina,Brás de Pina
74433581-2020,2020,Homicídio (outros),Homicídio doloso,Bangu,Bangu
01653531-2020,2020,Homicídio (outros),Homicídio doloso,Bras de pina,Brás de Pina
81927611-2020,2020,Morte por Intervenção de Agente do Estado,Morte por intervenção de agente do Estado,Bangu,Bangu
94651971-2020,2020,Homicídio Provocado por Projétil de Arma de Fogo,Homicídio doloso,Cachambi,Cachambi
94651971-2020,2020,Homicídio Provocado por Projétil de Arma de Fogo,Homicídio doloso,Cachambi,Cachambi
00458731-2020,2020,Homicídio Provocado por Projétil de Arma de Fogo,Homicídio doloso,Bangu,Bangu
00655041-2020,2020,Homicídio Provocado por Projétil de Arma de Fogo,Homicídio doloso,Rocha miranda,Rocha Miranda
21978751-2020,2020,Morte por Intervenção de Agente do Estado,Morte por intervenção de agente do Estado,Marechal hermes,Marechal Hermes
36899671-2020,2020,Homicídio Provocado por Projétil de Arma de Fogo,Homicídio doloso,Jardim guanabara,Jardim Guanabara
59771121-2020,2020,Homicídio (outros),Homicídio doloso,Camorim,Camorim
69059321-2020,2020,Homicídio Provocado por Projétil de Arma de Fogo,Homicídio doloso,Tomas coelho,Tomás Coelho
69151501-2020,2020,Homicídio Provocado por Projétil de Arma de Fogo,Homicídio doloso,Guadalupe,Guadalupe
83572751-2020,2020,Homicídio Provocado por Projétil de Arma de Fogo,Homicídio doloso,Bangu,Bangu
08207311-2020,2020,Homicídio Provocado por Projétil de Arma de Fogo,Homicídio doloso,Bangu,Bangu
41585081-2020,2020,Homicídio Provocado por Projétil de Arma de Fogo,Homicídio doloso,Bangu,Bangu
44507761-2020,2020,Roubo Seguido de Morte Provocado por Projétil de Arma de Fogo,Latrocínio (Roubo seguido de morte),Jacarepagua,Jacarepaguá
52629261-2020,2020,Homicídio Provocado por Projétil de Arma de Fogo,Homicídio doloso,Pilares,Pilares
77301631-2020,2020,Morte por Intervenção de Agente do Estado,Morte por intervenção de agente do Estado,Campinho,Campinho
92707611-2020,2020,Lesão Corporal Seguida de Morte (outros),Lesão corporal seguida de morte,Madureira,Madureira
99384851-2020,2020,Morte por Intervenção de Agente do Estado,Morte por intervenção de agente do Estado,Meier,Méier
12356981-2020,2020,Homicídio Provocado por Projétil de Arma de Fogo,Homicídio doloso,Ilha do fundao,Cidade Universitária
31584601-2020,2020,Morte por Intervenção de Agente do Estado,Morte por intervenção de agente do Estado,Costa barros,Costa Barros
38585101-2020,2020,Homicídio Provocado por Projétil de Arma de Fogo,Homicídio doloso,Tomas coelho,Tomás Coelho
85011541-2020,2020,Homicídio (outros),Homicídio doloso,Bonsucesso,Bonsucesso
06383321-2020,2020,Homicídio Provocado por Emprego de Arma Branca,Homicídio doloso,Guaratiba,Guaratiba
17669811-2020,2020,Homicídio (outros),Homicídio doloso,Tomas coelho,Tomás Coelho
33971371-2020,2020,Morte por Intervenção de Agente do Estado,Morte por intervenção de agente do Estado,Costa barros,Costa Barros
61018751-2020,2020,Homicídio Provocado por Projétil de Arma de Fogo,Homicídio doloso,Jacare,Jacaré
73148641-2020,2020,Homicídio (outros),Homicídio doloso,Jacarepagua,Jacarepaguá
25126781-2020,2020,Roubo Seguido de Morte (outros),Latrocínio (Roubo seguido de morte),Bangu,Bangu
30219781-2020,2020,Homicídio (outros),Homicídio doloso,Bras de pina,Brás de Pina
30219781-2020,2020,Homicídio (outros),Homicídio doloso,Bras de pina,Brás de Pina
73131011-2020,2020,Morte por Intervenção de Agente do Estado,Morte por intervenção de agente do Estado,Vila isabel,Vila Isabel
52950651-2020,2020,Homicídio Provocado por Projétil de Arma de Fogo,Homicídio doloso,Madureira,Madureira
72795241-2020,2020,Homicídio Provocado por Projétil de Arma de Fogo,Homicídio doloso,Iraja,Irajá
38403101-2020,2020,Homicídio Provocado por Projétil de Arma de Fogo,Homicídio doloso,Santissimo,Santíssimo
68646611-2020,2020,Homicídio Provocado por Emprego de Arma Branca,Homicídio doloso,Sao cristovao,São Cristóvão
75685621-2020,2020,Morte por Intervenção de Agente do Estado,Morte por intervenção de agente do Estado,Vila isabel,Vila Isabel
84870911-2020,2020,Homicídio Provocado por Projétil de Arma de Fogo,Homicídio doloso,Bangu,Bangu
98124071-2020,2020,Morte por Intervenção de Agente do Estado,Morte por intervenção de agente do Estado,Parque anchieta,Parque Anchieta
79102761-2020,2020,Morte por Intervenção de Agente do Estado,Morte por intervenção de agente do Estado,Pavuna,Pavuna
57582671-2020,2020,Morte por Intervenção de Agente do Estado,Morte por intervenção de agente do Estado,Guadalupe,Guadalupe
64751371-2020,2020,Homicídio (outros),Homicídio doloso,Piedade,Piedade
65466052-2020,2020,Homicídio (outros),Homicídio doloso,Madureira,Madureira
97580961-2020,2020,Morte por Intervenção de Agente do Estado,Morte por intervenção de agente do Estado,Tijuca,Tijuca
04322311-2020,2020,Morte por Intervenção de Agente do Estado,Morte por intervenção de agente do Estado,Ramos,Ramos
07989401-2020,2020,Homicídio Provocado por Emprego de Arma Branca,Homicídio doloso,Inhauma,Inhaúma
59676231-2020,2020,Homicídio Provocado por Projétil de Arma de Fogo,Homicídio doloso,Piedade,Piedade
62902001-2020,2020,Homicídio (outros),Homicídio doloso,Jacarepagua,Jacarepaguá
22240401-2020,2020,Homicídio Provocado por Projétil de Arma de Fogo,Homicídio doloso,Bras de pina,Brás de Pina
44241661-2020,2020,Homicídio (outros),Homicídio doloso,Inhauma,Inhaúma
46907311-2020,2020,Homicídio Provocado por Projétil de Arma de Fogo,Homicídio doloso,Encantado,Encantado
24160501-2020,2020,Homicídio Provocado por Projétil de Arma de Fogo,Homicídio doloso,Mare,Maré
36935451-2020,2020,Homicídio (outros),Homicídio doloso,Praca da bandeira,Praça da Bandeira
72103061-2020,2020,Homicídio Provocado por Projétil de Arma de Fogo,Homicídio doloso,Vigario geral,Vigário Geral
35136081-2020,2020,Homicídio Provocado por Emprego de Arma Branca,Homicídio doloso,Vila da penha,Vila da Penha
64926551-2020,2020,Morte por Intervenção de Agente do Estado,Morte por intervenção de agente do Estado,Engenho da rainha,Engenho da Rainha
94476031-2020,2020,Morte por Intervenção de Agente do Estado,Morte por intervenção de agente do Estado,Costa barros,Costa Barros
95804291-2020,2020,Homicídio (outros),Homicídio doloso,Flamengo,Flamengo
57117141-2020,2020,Homicídio Provocado por Emprego de Arma Branca,Homicídio doloso,Guaratiba,Guaratiba
64090191-2020,2020,Homicídio Provocado por Projétil de Arma de Fogo,Homicídio doloso,Guaratiba,Guaratiba
64740841-2020,2020,Morte por Intervenção de Agente do Estado,Morte por intervenção de agente do Estado,Pavuna,Pavuna
64740841-2020,2020,Morte por Intervenção de Agente do Estado,Morte por intervenção de agente do Estado,Pavuna,Pavuna
61080761-2020,2020,Homicídio Provocado por Pedrada,Homicídio doloso,Cascadura,Cascadura
62314831-2020,2020,Morte por Intervenção de Agente do Estado,Morte por intervenção de agente do Estado,Anchieta,Anchieta
71165631-2020,2020,Morte por Intervenção de Agente do Estado,Morte por intervenção de agente do Estado,Deodoro,Deodoro
17139151-2020,2020,Homicídio (outros),Homicídio doloso,Cocota,Cocotá
50270661-2020,2020,Homicídio Provocado por Projétil de Arma de Fogo,Homicídio doloso,Padre miguel,Padre Miguel
13690741-2020,2020,Homicídio (outros),Homicídio doloso,Ramos,Ramos
02976951-2020,2020,Homicídio Provocado por Projétil de Arma de Fogo,Homicídio doloso,Rocha miranda,Rocha Miranda
14011351-2020,2020,Morte por Intervenção de Agente do Estado,Morte por intervenção de agente do Estado,Costa barros,Costa Barros
36576731-2020,2020,Lesão Corporal Seguida de Morte (outros),Lesão corporal seguida de morte,Barros filho,Barros Filho
48912281-2020,2020,Roubo Seguido de Morte Provocado por Projétil de Arma de Fogo,Latrocínio (Roubo seguido de morte),Catumbi,Catumbi
23045041-2020,2020,Morte por Intervenção de Agente do Estado,Morte por intervenção de agente do Estado,Pavuna,Pavuna
23045041-2020,2020,Morte por Intervenção de Agente do Estado,Morte por intervenção de agente do Estado,Pavuna,Pavuna
92983051-2020,2020,Homicídio Provocado por Projétil de Arma de Fogo,Homicídio doloso,Agua santa,Água Santa
06214571-2020,2020,Homicídio Provocado por Projétil de Arma de Fogo,Homicídio doloso,Sepetiba,Sepetiba
00680432-2020,2020,Homicídio Provocado por Emprego de Arma Branca,Homicídio doloso,Bangu,Bangu
13679351-2020,2020,Morte por Intervenção de Agente do Estado,Morte por intervenção de agente do Estado,Anchieta,Anchieta
13679351-2020,2020,Morte por Intervenção de Agente do Estado,Morte por intervenção de agente do Estado,Anchieta,Anchieta
18404041-2020,2020,Homicídio Provocado por Asfixia,Homicídio doloso,Guaratiba,Guaratiba
19090711-2020,2020,Homicídio Provocado por Projétil de Arma de Fogo,Homicídio doloso,Bento ribeiro,Bento Ribeiro
14840991-2020,2020,Homicídio Provocado por Projétil de Arma de Fogo,Homicídio doloso,Vigario geral,Vigário Geral
21409751-2020,2020,Homicídio Provocado por Projétil de Arma de Fogo,Homicídio doloso,Padre miguel,Padre Miguel
15628841-2020,2020,Homicídio Provocado por Projétil de Arma de Fogo,Homicídio doloso,Piedade,Piedade
26180901-2020,2020,Homicídio Provocado por Projétil de Arma de Fogo,Homicídio doloso,Bangu,Bangu
86350061-2020,2020,Homicídio Provocado por Projétil de Arma de Fogo,Homicídio doloso,Magalhaes bastos,Magalhães Bastos
87185751-2020,2020,Homicídio (outros),Homicídio doloso,Copacabana,Copacabana
28359811-2020,2020,Homicídio Provocado por Projétil de Arma de Fogo,Homicídio doloso,Centro,Centro
88801291-2020,2020,Homicídio Provocado por Projétil de Arma de Fogo,Homicídio doloso,Cascadura,Cascadura
98839381-2020,2020,Morte por Intervenção de Agente do Estado,Morte por intervenção de agente do Estado,Olaria,Olaria
98839381-2020,2020,Morte por Intervenção de Agente do Estado,Morte por intervenção de agente do Estado,Olaria,Olaria
31457081-2020,2020,Homicídio (outros),Homicídio doloso,Engenho da rainha,Engenho da Rainha
49470851-2020,2020,Homicídio Provocado por Projétil de Arma de Fogo,Homicídio doloso,Sepetiba,Sepetiba
31422761-2020,2020,Homicídio (outros),Homicídio doloso,Madureira,Madureira
31422761-2020,2020,Homicídio (outros),Homicídio doloso,Madureira,Madureira
01575701-2020,2020,Homicídio Provocado por Projétil de Arma de Fogo,Homicídio doloso,Barra da tijuca,Barra da Tijuca
72809151-2020,2020,Morte por Intervenção de Agente do Estado,Morte por intervenção de agente do Estado,Rocinha,Rocinha
85930861-2020,2020,Homicídio (outros),Homicídio doloso,Anchieta,Anchieta
02550021-2020,2020,Homicídio Provocado por Projétil de Arma de Fogo,Homicídio doloso,Campo grande,Campo Grande
57719361-2020,2020,Homicídio Provocado por Projétil de Arma de Fogo,Homicídio doloso,Santa cruz,Santa Cruz
68549821-2020,2020,Homicídio Provocado por Projétil de Arma de Fogo,Homicídio doloso,Copacabana,Copacabana
17444451-2020,2020,Homicídio Provocado por Projétil de Arma de Fogo,Homicídio doloso,Catumbi,Catumbi
68053651-2020,2020,Homicídio Provocado por Emprego de Arma Branca,Homicídio doloso,Engenho de dentro,Engenho de Dentro
85995901-2020,2020,Morte por Intervenção de Agente do Estado,Morte por intervenção de agente do Estado,Benfica,Benfica
97175651-2020,2020,Homicídio Provocado por Projétil de Arma de Fogo,Homicídio doloso,Cordovil,Cordovil
39478501-2020,2020,Homicídio Provocado por Asfixia,Homicídio doloso,Centro,Centro
72097131-2020,2020,Homicídio (outros),Homicídio doloso,Colonia,Jacarepaguá
80283291-2020,2020,Homicídio Provocado por Projétil de Arma de Fogo,Homicídio doloso,Rocha miranda,Rocha Miranda
01131981-2020,2020,Morte por Intervenção de Agente do Estado,Morte por intervenção de agente do Estado,Caju,Caju
06228971-2020,2020,Morte por Intervenção de Agente do Estado,Morte por intervenção de agente do Estado,Padre miguel,Padre Miguel
34320391-2020,2020,Morte por Intervenção de Agente do Estado,Morte por intervenção de agente do Estado,Campo grande,Campo Grande
34320391-2020,2020,Morte por Intervenção de Agente do Estado,Morte por intervenção de agente do Estado,Campo grande,Campo Grande
44878901-2020,2020,Morte por Intervenção de Agente do Estado,Morte por intervenção de agente do Estado,Ramos,Ramos
95861171-2020,2020,Homicídio Provocado por Projétil de Arma de Fogo,Homicídio doloso,Jacarepagua,Jacarepaguá
47508071-2020,2020,Morte por Intervenção de Agente do Estado,Morte por intervenção de agente do Estado,Tijuca,Tijuca
73879311-2020,2020,Homicídio Provocado por Projétil de Arma de Fogo,Homicídio doloso,Bras de pina,Brás de Pina
35866581-2021,2021,Homicídio Provocado por Projétil de Arma de Fogo,Homicídio doloso,Rio comprido,Rio Comprido
99834151-2021,2021,Homicídio Provocado por Projétil de Arma de Fogo,Homicídio doloso,Estacio,Estácio
30657422-2021,2021,Morte por Intervenção de Agente do Estado,Morte por intervenção de agente do Estado,Deodoro,Deodoro
30657422-2021,2021,Morte por Intervenção de Agente do Estado,Morte por intervenção de agente do Estado,Deodoro,Deodoro
46959121-2021,2021,Homicídio (outros),Homicídio doloso,Campo grande,Campo Grande
24380142-2021,2021,Homicídio Provocado por Emprego de Arma Branca,Homicídio doloso,Recreio dos bandeirantes,Recreio dos Bandeirantes
30631421-2021,2021,Homicídio Provocado por Projétil de Arma de Fogo,Homicídio doloso,Guadalupe,Guadalupe
47612301-2021,2021,Homicídio Provocado por Emprego de Arma Branca,Homicídio doloso,Realengo,Realengo
51474161-2021,2021,Morte por Intervenção de Agente do Estado,Morte por intervenção de agente do Estado,Pavuna,Pavuna
52834911-2021,2021,Homicídio (outros),Homicídio doloso,Sao cristovao,São Cristóvão
84607711-2021,2021,Homicídio Provocado por Projétil de Arma de Fogo,Homicídio doloso,Coelho neto,Coelho Neto
84607711-2021,2021,Homicídio Provocado por Projétil de Arma de Fogo,Homicídio doloso,Coelho neto,Coelho Neto
06323261-2021,2021,Morte por Intervenção de Agente do Estado,Morte por intervenção de agente do Estado,Guadalupe,Guadalupe
32329111-2021,2021,Homicídio Provocado por Projétil de Arma de Fogo,Homicídio doloso,Riachuelo,Riachuelo
97853941-2021,2021,Homicídio (outros),Homicídio doloso,Curicica,Curicica
07410831-2021,2021,Homicídio Provocado por Paulada,Homicídio doloso,Bangu,Bangu
16682391-2021,2021,Homicídio Provocado por Paulada,Homicídio doloso,Senador camara,Senador Camará
40056171-2021,2021,Morte por Intervenção de Agente do Estado,Morte por intervenção de agente do Estado,Cidade de deus,Cidade de Deus
20737102-2021,2021,Homicídio Provocado por Projétil de Arma de Fogo,Homicídio doloso,Marechal hermes,Marechal Hermes
22892541-2021,2021,Homicídio Provocado por Projétil de Arma de Fogo,Homicídio doloso,Bangu,Bangu
37917251-2021,2021,Homicídio (outros),Homicídio doloso,Pavuna,Pavuna
96204291-2021,2021,Homicídio Provocado por Projétil de Arma de Fogo,Homicídio doloso,Engenho novo,Engenho Novo
67884611-2021,2021,Homicídio Provocado por Paulada,Homicídio doloso,Senador camara,Senador Camará
68985991-2021,2021,Homicídio (outros),Homicídio doloso,Inhauma,Inhaúma
91472921-2021,2021,Homicídio (outros),Homicídio doloso,Iraja,Irajá
18180072-2021,2021,Homicídio (outros),Homicídio doloso,Jacarepagua,Jacarepaguá
91961231-2021,2021,Homicídio (outros),Homicídio doloso,Gardenia azul,Gardênia Azul
34930801-2021,2021,Morte por Intervenção de Agente do Estado,Morte por intervenção de agente do Estado,Coelho neto,Coelho Neto
45867361-2021,2021,Morte por Intervenção de Agente do Estado,Morte por intervenção de agente do Estado,Bangu,Bangu
70521241-2021,2021,Homicídio (outros),Homicídio doloso,Complexo do alemao,Complexo do Alemão
93430551-2021,2021,Homicídio Provocado por Projétil de Arma de Fogo,Homicídio doloso,Bras de pina,Brás de Pina
14626011-2021,2021,Morte por Intervenção de Agente do Estado,Morte por intervenção de agente do Estado,Campo grande,Campo Grande
54591451-2021,2021,Homicídio Provocado por Projétil de Arma de Fogo,Homicídio doloso,Honorio gurgel,Honório Gurgel
57942381-2021,2021,Homicídio Provocado por Projétil de Arma de Fogo,Homicídio doloso,Meier,Méier
73621711-2021,2021,Homicídio Provocado por Projétil de Arma de Fogo,Homicídio doloso,Mariopolis,Anchieta
01229391-2021,2021,Homicídio (outros),Homicídio doloso,Covanca,Tanque
14289031-2021,2021,Morte por Intervenção de Agente do Estado,Morte por intervenção de agente do Estado,Realengo,Realengo
33071751-2021,2021,Homicídio (outros),Homicídio doloso,Jacarepagua,Jacarepaguá
36596421-2021,2021,Morte por Intervenção de Agente do Estado,Morte por intervenção de agente do Estado,Tijuca,Tijuca
41438851-2021,2021,Homicídio Provocado por Emprego de Arma Branca,Homicídio doloso,Centro,Centro
74022671-2021,2021,Morte por Intervenção de Agente do Estado,Morte por intervenção de agente do Estado,Vicente de carvalho,Vicente de Carvalho
84372801-2021,2021,Homicídio (outros),Homicídio doloso,Portuguesa,Portuguesa
97885031-2021,2021,Morte por Intervenção de Agente do Estado,Morte por intervenção de agente do Estado,Olaria,Olaria
61239871-2021,2021,Homicídio (outros),Homicídio doloso,Madureira,Madureira
93394581-2021,2021,Morte por Intervenção de Agente do Estado,Morte por intervenção de agente do Estado,Costa barros,Costa Barros
98017211-2021,2021,Roubo Seguido de Morte Provocado por Projétil de Arma de Fogo,Latrocínio (Roubo seguido de morte),Madureira,Madureira
37113191-2021,2021,Homicídio Provocado por Projétil de Arma de Fogo,Homicídio doloso,Estacio,Estácio
72606811-2021,2021,Homicídio Provocado por Projétil de Arma de Fogo,Homicídio doloso,Catumbi,Catumbi
72606811-2021,2021,Homicídio Provocado por Projétil de Arma de Fogo,Homicídio doloso,Catumbi,Catumbi
96532441-2021,2021,Morte por Intervenção de Agente do Estado,Morte por intervenção de agente do Estado,Senador camara,Senador Camará
34994341-2021,2021,Homicídio Provocado por Emprego de Arma Branca,Homicídio doloso,Benfica,Benfica
71990181-2021,2021,Homicídio Provocado por Projétil de Arma de Fogo,Homicídio doloso,Santa teresa,Santa Teresa
21195661-2021,2021,Homicídio Provocado por Projétil de Arma de Fogo,Homicídio doloso,Penha,Penha
21195661-2021,2021,Homicídio Provocado por Projétil de Arma de Fogo,Homicídio doloso,Penha,Penha
37975751-2021,2021,Homicídio Provocado por Projétil de Arma de Fogo,Homicídio doloso,Mal. hermes,Marechal Hermes
41023001-2021,2021,Morte por Intervenção de Agente do Estado,Morte por intervenção de agente do Estado,Bras de pina,Brás de Pina
41023001-2021,2021,Morte por Intervenção de Agente do Estado,Morte por intervenção de agente do Estado,Bras de pina,Brás de Pina
41023001-2021,2021,Morte por Intervenção de Agente do Estado,Morte por intervenção de agente do Estado,Bras de pina,Brás de Pina
59591931-2021,2021,Homicídio Provocado por Projétil de Arma de Fogo,Homicídio doloso,Santa cruz,Santa Cruz
65511821-2021,2021,Homicídio Provocado por Asfixia,Homicídio doloso,Rio das pedras /areal 1,Itanhangá
01577231-2021,2021,Homicídio (outros),Homicídio doloso,Rocha miranda,Rocha Miranda
14696731-2021,2021,Morte por Intervenção de Agente do Estado,Morte por intervenção de agente do Estado,Bangu-vila kennedy,Bangu
14696731-2021,2021,Morte por Intervenção de Agente do Estado,Morte por intervenção de agente do Estado,Bangu-vila kennedy,Bangu
14696731-2021,2021,Morte por Intervenção de Agente do Estado,Morte por intervenção de agente do Estado,Bangu-vila kennedy,Bangu
27859251-2021,2021,Homicídio Provocado por Projétil de Arma de Fogo,Homicídio doloso,Bento ribeiro,Bento Ribeiro
29699571-2021,2021,Homicídio Provocado por Projétil de Arma de Fogo,Homicídio doloso,Cidade nova,Cidade Nova
89640781-2021,2021,Homicídio Provocado por Projétil de Arma de Fogo,Homicídio doloso,Cidade de deus,Cidade de Deus
40314871-2021,2021,Homicídio Provocado por Projétil de Arma de Fogo,Homicídio doloso,Barros filho,Barros Filho
40314871-2021,2021,Homicídio Provocado por Projétil de Arma de Fogo,Homicídio doloso,Barros filho,Barros Filho
11936861-2021,2021,Morte por Intervenção de Agente do Estado,Morte por intervenção de agente do Estado,Vila isabel,Vila Isabel
21861511-2021,2021,Homicídio (outros),Homicídio doloso,Vargem grande,Vargem Grande
78282131-2021,2021,Homicídio Provocado por Projétil de Arma de Fogo,Homicídio doloso,Itanhanga,Itanhangá
40751591-2021,2021,Homicídio (outros),Homicídio doloso,Sepetiba,Sepetiba
44506891-2021,2021,Morte por Intervenção de Agente do Estado,Morte por intervenção de agente do Estado,Vila isabel,Vila Isabel
49267521-2021,2021,Homicídio (outros),Homicídio doloso,Realengo,Realengo
98599631-2021,2021,Homicídio (outros),Homicídio doloso,Tomas coelho,Tomás Coelho
82108941-2021,2021,Homicídio Provocado por Projétil de Arma de Fogo,Homicídio doloso,Iraja,Irajá
97843811-2021,2021,Morte por Intervenção de Agente do Estado,Morte por intervenção de agente do Estado,Bangu,Bangu
73538311-2021,2021,Morte por Intervenção de Agente do Estado,Morte por intervenção de agente do Estado,Leme,Leme
73538311-2021,2021,Morte por Intervenção de Agente do Estado,Morte por intervenção de agente do Estado,Leme,Leme
99100291-2021,2021,Homicídio (outros),Homicídio doloso,Bangu,Bangu
02731611-2021,2021,Morte por Intervenção de Agente do Estado,Morte por intervenção de agente do Estado,Barra da tijuca,Barra da Tijuca
84149751-2021,2021,Morte por Intervenção de Agente do Estado,Morte por intervenção de agente do Estado,Senador camara,Senador Camará
01817391-2021,2021,Homicídio Provocado por Projétil de Arma de Fogo,Homicídio doloso,Quintino,Quintino Bocaiúva
40324331-2021,2021,Homicídio Provocado por Projétil de Arma de Fogo,Homicídio doloso,Madureira,Madureira
46966951-2021,2021,Morte por Intervenção de Agente do Estado,Morte por intervenção de agente do Estado,Guadalupe,Guadalupe
46966951-2021,2021,Morte por Intervenção de Agente do Estado,Morte por intervenção de agente do Estado,Guadalupe,Guadalupe
46966951-2021,2021,Morte por Intervenção de Agente do Estado,Morte por intervenção de agente do Estado,Guadalupe,Guadalupe
69421911-2021,2021,Homicídio (outros),Homicídio doloso,Bangu,Bangu
74755421-2021,2021,Morte por Intervenção de Agente do Estado,Morte por intervenção de agente do Estado,Del castilho,Del Castilho
79020221-2021,2021,Morte por Intervenção de Agente do Estado,Morte por intervenção de agente do Estado,Vigario geral,Vigário Geral
07420141-2021,2021,Morte por Intervenção de Agente do Estado,Morte por intervenção de agente do Estado,Complexo do alemao,Complexo do Alemão
41140121-2021,2021,Homicídio (outros),Homicídio doloso,Campo grande,Campo Grande
55089441-2021,2021,Morte por Intervenção de Agente do Estado,Morte por intervenção de agente do Estado,Turiacu,Turiaçú
68245381-2021,2021,Homicídio (outros),Homicídio doloso,Penha,Penha
82256391-2021,2021,Homicídio Provocado por Emprego de Arma Branca,Homicídio doloso,Jacare,Jacaré
00919261-2021,2021,Homicídio (outros),Homicídio doloso,Colegio,Colégio
00919261-2021,2021,Homicídio (outros),Homicídio doloso,Colegio,Colégio
00919261-2021,2021,Homicídio (outros),Homicídio doloso,Colegio,Colégio
78268511-2021,2021,Morte por Intervenção de Agente do Estado,Morte por intervenção de agente do Estado,Pavuna,Pavuna
04458541-2021,2021,Homicídio Provocado por Projétil de Arma de Fogo,Homicídio doloso,Bangu,Bangu
04458541-2021,2021,Homicídio Provocado por Projétil de Arma de Fogo,Homicídio doloso,Bangu,Bangu
64065101-2021,2021,Homicídio Provocado por Projétil de Arma de Fogo,Homicídio doloso,Penha,Penha
68060381-2021,2021,Morte por Intervenção de Agente do Estado,Morte por intervenção de agente do Estado,Anchieta,Anchieta
68060381-2021,2021,Morte por Intervenção de Agente do Estado,Morte por intervenção de agente do Estado,Anchieta,Anchieta
78631641-2021,2021,Homicídio Provocado por Emprego de Arma Branca,Homicídio doloso,Higienopolis,Higienópolis
82653351-2021,2021,Homicídio Provocado por Projétil de Arma de Fogo,Homicídio doloso,Bras de pina,Brás de Pina
95819761-2021,2021,Morte por Intervenção de Agente do Estado,Morte por intervenção de agente do Estado,Colegio,Colégio
00981641-2021,2021,Morte por Intervenção de Agente do Estado,Morte por intervenção de agente do Estado,Tijuca,Tijuca
00981641-2021,2021,Morte por Intervenção de Agente do Estado,Morte por intervenção de agente do Estado,Tijuca,Tijuca
19292761-2021,2021,Homicídio (outros),Homicídio doloso,Pavuna,Pavuna
36204071-2021,2021,Homicídio Provocado por Emprego de Arma Branca,Homicídio doloso,Bras de pina,Brás de Pina
61295931-2021,2021,Homicídio Provocado por Projétil de Arma de Fogo,Homicídio doloso,Guaratiba,Guaratiba
67843041-2021,2021,Morte por Intervenção de Agente do Estado,Morte por intervenção de agente do Estado,Bangu,Bangu
80290811-2021,2021,Homicídio Provocado por Projétil de Arma de Fogo,Homicídio doloso,Penha circular,Penha Circular
85379031-2021,2021,Homicídio (outros),Homicídio doloso,Vila cosmos,Vila Kosmos
90174081-2021,2021,Morte por Intervenção de Agente do Estado,Morte por intervenção de agente do Estado,Pavuna,Pavuna
10330791-2021,2021,Morte por Intervenção de Agente do Estado,Morte por intervenção de agente do Estado,Costa barros,Costa Barros
10330791-2021,2021,Morte por Intervenção de Agente do Estado,Morte por intervenção de agente do Estado,Costa barros,Costa Barros
20498741-2021,2021,Homicídio (outros),Homicídio doloso,Meier,Méier
39071641-2021,2021,Homicídio (outros),Homicídio doloso,Bonsucesso,Bonsucesso
57510901-2021,2021,Homicídio Provocado por Projétil de Arma de Fogo,Homicídio doloso,Vargem grande,Vargem Grande
59430191-2021,2021,Morte por Intervenção de Agente do Estado,Morte por intervenção de agente do Estado,Andarai,Andaraí
85233481-2021,2021,Homicídio Provocado por Projétil de Arma de Fogo,Homicídio doloso,Acari,Acari
94096351-2021,2021,Homicídio Provocado por Projétil de Arma de Fogo,Homicídio doloso,Santo cristo,Santo Cristo
95151201-2021,2021,Homicídio Provocado por Projétil de Arma de Fogo,Homicídio doloso,Tijuca,Tijuca
05164201-2021,2021,Morte por Intervenção de Agente do Estado,Morte por intervenção de agente do Estado,Quintino bocaiuva,Quintino Bocaiúva
17840851-2021,2021,Morte por Intervenção de Agente do Estado,Morte por intervenção de agente do Estado,Quintino bocaiuva,Quintino Bocaiúva
25375971-2021,2021,Morte por Intervenção de Agente do Estado,Morte por intervenção de agente do Estado,Piedade,Piedade
25375971-2021,2021,Morte por Intervenção de Agente do Estado,Morte por intervenção de agente do Estado,Piedade,Piedade
25375971-2021,2021,Morte por Intervenção de Agente do Estado,Morte por intervenção de agente do Estado,Piedade,Piedade
30801081-2021,2021,Morte por Intervenção de Agente do Estado,Morte por intervenção de agente do Estado,Piedade,Piedade
30801081-2021,2021,Morte por Intervenção de Agente do Estado,Morte por intervenção de agente do Estado,Piedade,Piedade
70563231-2021,2021,Morte por Intervenção de Agente do Estado,Morte por intervenção de agente do Estado,Quintino bocaiuva,Quintino Bocaiúva
75719211-2021,2021,Morte por Intervenção de Agente do Estado,Morte por intervenção de agente do Estado,Pavuna,Pavuna
93000191-2021,2021,Morte por Intervenção de Agente do Estado,Morte por intervenção de agente do Estado,Engenho da rainha,Engenho da Rainha
58787651-2021,2021,Homicídio Provocado por Projétil de Arma de Fogo,Homicídio doloso,Agua santa,Água Santa
82349871-2021,2021,Roubo Seguido de Morte Provocado por Projétil de Arma de Fogo,Latrocínio (Roubo seguido de morte),Sao francisco xavier,São Francisco Xavier
82534461-2021,2021,Homicídio Provocado por Projétil de Arma de Fogo,Homicídio doloso,Piedade,Piedade
02757851-2021,2021,Homicídio Provocado por Projétil de Arma de Fogo,Homicídio doloso,Campo grande,Campo Grande
28095351-2021,2021,Morte por Intervenção de Agente do Estado,Morte por intervenção de agente do Estado,Magalhaes bastos,Magalhães Bastos
28095351-2021,2021,Morte por Intervenção de Agente do Estado,Morte por intervenção de agente do Estado,Magalhaes bastos,Magalhães Bastos
54572241-2021,2021,Morte por Intervenção de Agente do Estado,Morte por intervenção de agente do Estado,Alto da boa vista,Alto da Boa Vista
51007711-2021,2021,Homicídio Provocado por Projétil de Arma de Fogo,Homicídio doloso,Santissimo,Santíssimo
86779451-2021,2021,Lesão Corporal Seguida de Morte (outros),Lesão corporal seguida de morte,Rio comprido,Rio Comprido
01176581-2021,2021,Homicídio Provocado por Projétil de Arma de Fogo,Homicídio doloso,Turiacu,Turiaçú
08997831-2021,2021,Homicídio Provocado por Projétil de Arma de Fogo,Homicídio doloso,Vila valqueire,Vila Valqueire
68702421-2021,2021,Homicídio Provocado por Projétil de Arma de Fogo,Homicídio doloso,Pavuna,Pavuna
95383221-2021,2021,Homicídio Provocado por Projétil de Arma de Fogo,Homicídio doloso,Madureira,Madureira
53348911-2021,2021,Homicídio (outros),Homicídio doloso,Barra da tijuca,Barra da Tijuca
02442621-2021,2021,Morte por Intervenção de Agente do Estado,Morte por intervenção de agente do Estado,Bangu,Bangu
02442621-2021,2021,Morte por Intervenção de Agente do Estado,Morte por intervenção de agente do Estado,Bangu,Bangu
02442621-2021,2021,Morte por Intervenção de Agente do Estado,Morte por intervenção de agente do Estado,Bangu,Bangu
19412271-2021,2021,Homicídio Provocado por Asfixia,Homicídio doloso,Centro,Centro
31484061-2021,2021,Homicídio Provocado por Emprego de Arma Branca,Homicídio doloso,Bonsucesso,Bonsucesso
50578101-2021,2021,Morte por Intervenção de Agente do Estado,Morte por intervenção de agente do Estado,Senador camara,Senador Camará
83077511-2021,2021,Homicídio Provocado por Projétil de Arma de Fogo,Homicídio doloso,Realengo,Realengo
33693442-2021,2021,Homicídio Provocado por Projétil de Arma de Fogo,Homicídio doloso,Cidade de deus,Cidade de Deus
62535541-2021,2021,Homicídio Provocado por Projétil de Arma de Fogo,Homicídio doloso,Santa cruz,Santa Cruz
22270881-2021,2021,Homicídio Provocado por Projétil de Arma de Fogo,Homicídio doloso,Vaz lobo,Vaz Lobo
42055381-2021,2021,Morte por Intervenção de Agente do Estado,Morte por intervenção de agente do Estado,Sampaio,Sampaio
49989261-2021,2021,Homicídio Provocado por Projétil de Arma de Fogo,Homicídio doloso,Rocha miranda,Rocha Miranda
54828731-2021,2021,Homicídio Provocado por Projétil de Arma de Fogo,Homicídio doloso,Rio comprido,Rio Comprido
80708521-2021,2021,Homicídio (outros),Homicídio doloso,Deodoro,Deodoro
20288521-2021,2021,Morte por Intervenção de Agente do Estado,Morte por intervenção de agente do Estado,Cavalcanti,Cavalcanti
20288521-2021,2021,Morte por Intervenção de Agente do Estado,Morte por intervenção de agente do Estado,Cavalcanti,Cavalcanti
38614371-2021,2021,Homicídio Provocado por Projétil de Arma de Fogo,Homicídio doloso,Santa cruz,Santa Cruz
56379191-2021,2021,Morte por Intervenção de Agente do Estado,Morte por intervenção de agente do Estado,Madureira,Madureira
70768051-2021,2021,Roubo Seguido de Morte Provocado por Projétil de Arma de Fogo,Latrocínio (Roubo seguido de morte),Vista alegre,Vista Alegre
82487411-2021,2021,Morte por Intervenção de Agente do Estado,Morte por intervenção de agente do Estado,Madureira,Madureira
09153251-2021,2021,Homicídio Provocado por Emprego de Arma Branca,Homicídio doloso,Cavalcanti,Cavalcanti
39096151-2021,2021,Homicídio Provocado por Projétil de Arma de Fogo,Homicídio doloso,Ricardo de albuquerque,Ricardo de Albuquerque
49551881-2021,2021,Homicídio (outros),Homicídio doloso,Quintino bocaiuva,Quintino Bocaiúva
07984291-2021,2021,Homicídio Provocado por Projétil de Arma de Fogo,Homicídio doloso,Tijuca,Tijuca
69885401-2021,2021,Homicídio Provocado por Projétil de Arma de Fogo,Homicídio doloso,Centro,Centro
56988951-2021,2021,Homicídio Provocado por Projétil de Arma de Fogo,Homicídio doloso,Tomas coelho,Tomás Coelho
71656771-2021,2021,Homicídio Provocado por Projétil de Arma de Fogo,Homicídio doloso,Portuguesa,Portuguesa
10774771-2021,2021,Homicídio Provocado por Projétil de Arma de Fogo,Homicídio doloso,Guadalupe,Guadalupe
98657711-2021,2021,Homicídio Provocado por Emprego de Arma Branca,Homicídio doloso,Cavalcanti,Cavalcanti
04592121-2021,2021,Homicídio (outros),Homicídio doloso,Tijuca,Tijuca
04741801-2021,2021,Homicídio Provocado por Projétil de Arma de Fogo,Homicídio doloso,Realengo,Realengo
21024671-2021,2021,Homicídio Provocado por Projétil de Arma de Fogo,Homicídio doloso,Recreio dos bandeirantes,Recreio dos Bandeirantes
34985161-2021,2021,Homicídio Provocado por Projétil de Arma de Fogo,Homicídio doloso,Tanque,Tanque
65124651-2021,2021,Homicídio (outros),Homicídio doloso,Cidade universitaria,Cidade Universitária
18920771-2021,2021,Homicídio Provocado por Emprego de Arma Branca,Homicídio doloso,Sao cristovao,São Cristóvão
46691941-2021,2021,Homicídio Provocado por Projétil de Arma de Fogo,Homicídio doloso,Pilares,Pilares
17571682-2021,2021,Homicídio (outros),Homicídio doloso,Rocha miranda,Rocha Miranda
43088011-2021,2021,Morte por Intervenção de Agente do Estado,Morte por intervenção de agente do Estado,Quintino bocaiuva,Quintino Bocaiúva
50317071-2021,2021,Homicídio Provocado por Projétil de Arma de Fogo,Homicídio doloso,Bangu,Bangu
62314721-2021,2021,Roubo Seguido de Morte Provocado por Projétil de Arma de Fogo,Latrocínio (Roubo seguido de morte),Jardim america,Jardim América
97465711-2021,2021,Homicídio (outros),Homicídio doloso,Jacarepagua,Jacarepaguá
17153321-2021,2021,Homicídio Provocado por Projétil de Arma de Fogo,Homicídio doloso,Meier,Méier
42877961-2021,2021,Homicídio Provocado por Projétil de Arma de Fogo,Homicídio doloso,Padre miguel,Padre Miguel
48726111-2021,2021,Morte por Intervenção de Agente do Estado,Morte por intervenção de agente do Estado,Morro do fuba,Cascadura
66029471-2021,2021,Morte por Intervenção de Agente do Estado,Morte por intervenção de agente do Estado,Piedade,Piedade
66029471-2021,2021,Morte por Intervenção de Agente do Estado,Morte por intervenção de agente do Estado,Piedade,Piedade
90980542-2021,2021,Homicídio Provocado por Projétil de Arma de Fogo,Homicídio doloso,Curicica,Curicica
56278831-2021,2021,Morte por Intervenção de Agente do Estado,Morte por intervenção de agente do Estado,Praca seca,Praça Seca
84451201-2021,2021,Roubo Seguido de Morte Provocado por Projétil de Arma de Fogo,Latrocínio (Roubo seguido de morte),Maracana,Maracanã
63555141-2021,2021,Morte por Intervenção de Agente do Estado,Morte por intervenção de agente do Estado,Bonsucesso,Bonsucesso
23980551-2021,2021,Morte por Intervenção de Agente do Estado,Morte por intervenção de agente do Estado,Santo cristo,Santo Cristo
96355021-2021,2021,Morte por Intervenção de Agente do Estado,Morte por intervenção de agente do Estado,Santa teresa,Santa Teresa
98340491-2021,2021,Homicídio Provocado por Projétil de Arma de Fogo,Homicídio doloso,Cordovil,Cordovil
60526521-2021,2021,Morte por Intervenção de Agente do Estado,Morte por intervenção de agente do Estado,Parada de lucas,Parada de Lucas
98160961-2021,2021,Homicídio (outros),Homicídio doloso,Centro,Centro
08349001-2021,2021,Homicídio Provocado por Projétil de Arma de Fogo,Homicídio doloso,Andarai,Andaraí
29691421-2021,2021,Homicídio Provocado por Projétil de Arma de Fogo,Homicídio doloso,Rio comprido,Rio Comprido
58601592-2021,2021,Homicídio Provocado por Projétil de Arma de Fogo,Homicídio doloso,Itanhanga,Itanhangá
70913991-2021,2021,Morte por Intervenção de Agente do Estado,Morte por intervenção de agente do Estado,Madureira,Madureira
70913991-2021,2021,Morte por Intervenção de Agente do Estado,Morte por intervenção de agente do Estado,Madureira,Madureira
96945151-2021,2021,Homicídio Provocado por Projétil de Arma de Fogo,Homicídio doloso,Pavuna,Pavuna
44885151-2021,2021,Homicídio Provocado por Projétil de Arma de Fogo,Homicídio doloso,Anchieta,Anchieta
46587991-2021,2021,Homicídio (outros),Homicídio doloso,Copacabana,Copacabana
67020401-2021,2021,Morte por Intervenção de Agente do Estado,Morte por intervenção de agente do Estado,Lins de vasconcelos,Lins de Vasconcelos
68413021-2021,2021,Homicídio Provocado por Projétil de Arma de Fogo,Homicídio doloso,Jardim carioca,Jardim Carioca
92532331-2021,2021,Homicídio (outros),Homicídio doloso,Bangu,Bangu
34347181-2021,2021,Morte por Intervenção de Agente do Estado,Morte por intervenção de agente do Estado,Barra da tijuca,Barra da Tijuca
34529201-2021,2021,Morte por Intervenção de Agente do Estado,Morte por intervenção de agente do Estado,Praca seca,Praça Seca
41213401-2021,2021,Morte por Intervenção de Agente do Estado,Morte por intervenção de agente do Estado,Penha circular,Penha Circular
20056901-2021,2021,Homicídio (outros),Homicídio doloso,Zumbi,Zumbi
34616851-2021,2021,Homicídio Provocado por Projétil de Arma de Fogo,Homicídio doloso,Meier,Méier
24365011-2021,2021,Morte por Intervenção de Agente do Estado,Morte por intervenção de agente do Estado,Pavuna,Pavuna
40067501-2021,2021,Roubo Seguido de Morte Provocado por Projétil de Arma de Fogo,Latrocínio (Roubo seguido de morte),Jacare,Jacaré
65386611-2021,2021,Homicídio Provocado por Projétil de Arma de Fogo,Homicídio doloso,Ricardo de albuquerque,Ricardo de Albuquerque
78861951-2021,2021,Morte por Intervenção de Agente do Estado,Morte por intervenção de agente do Estado,Guadalupe,Guadalupe
78861951-2021,2021,Morte por Intervenção de Agente do Estado,Morte por intervenção de agente do Estado,Guadalupe,Guadalupe
94093352-2021,2021,Homicídio Provocado por Projétil de Arma de Fogo,Homicídio doloso,Parada de lucas,Parada de Lucas
67700101-2021,2021,Homicídio Provocado por Projétil de Arma de Fogo,Homicídio doloso,Parque anchieta,Parque Anchieta
92603861-2021,2021,Homicídio Provocado por Projétil de Arma de Fogo,Homicídio doloso,Tijuca,Tijuca
95316151-2021,2021,Morte por Intervenção de Agente do Estado,Morte por intervenção de agente do Estado,Bangu,Bangu
01340991-2021,2021,Homicídio Provocado por Projétil de Arma de Fogo,Homicídio doloso,Realengo,Realengo
22868421-2021,2021,Morte por Intervenção de Agente do Estado,Morte por intervenção de agente do Estado,Realengo,Realengo
33514261-2021,2021,Homicídio Provocado por Projétil de Arma de Fogo,Homicídio doloso,Mare,Maré
44170611-2021,2021,Homicídio Provocado por Projétil de Arma de Fogo,Homicídio doloso,Ricardo de albuquerque,Ricardo de Albuquerque
44170611-2021,2021,Homicídio Provocado por Projétil de Arma de Fogo,Homicídio doloso,Ricardo de albuquerque,Ricardo de Albuquerque
44307361-2021,2021,Homicídio Provocado por Projétil de Arma de Fogo,Homicídio doloso,Tijuca,Tijuca
53263521-2021,2021,Morte por Intervenção de Agente do Estado,Morte por intervenção de agente do Estado,Vila isabel,Vila Isabel
53263521-2021,2021,Morte por Intervenção de Agente do Estado,Morte por intervenção de agente do Estado,Vila isabel,Vila Isabel
53263521-2021,2021,Morte por Intervenção de Agente do Estado,Morte por intervenção de agente do Estado,Vila isabel,Vila Isabel
53263521-2021,2021,Morte por Intervenção de Agente do Estado,Morte por intervenção de agente do Estado,Vila isabel,Vila Isabel
53263521-2021,2021,Morte por Intervenção de Agente do Estado,Morte por intervenção de agente do Estado,Vila isabel,Vila Isabel
93225711-2021,2021,Morte por Intervenção de Agente do Estado,Morte por intervenção de agente do Estado,Engenho novo,Engenho Novo
30691351-2021,2021,Homicídio (outros),Homicídio doloso,Barra da tijuca,Barra da Tijuca
54677381-2021,2021,Homicídio Provocado por Projétil de Arma de Fogo,Homicídio doloso,Itanhanga,Itanhangá
46839051-2021,2021,Homicídio (outros),Homicídio doloso,Barra da tijuca,Barra da Tijuca
89816141-2021,2021,Homicídio Provocado por Projétil de Arma de Fogo,Homicídio doloso,Taquara,Taquara
01774771-2021,2021,Homicídio Provocado por Projétil de Arma de Fogo,Homicídio doloso,Madureira,Madureira
03495981-2021,2021,Morte por Intervenção de Agente do Estado,Morte por intervenção de agente do Estado,Sampaio,Sampaio
05162141-2021,2021,Homicídio Provocado por Projétil de Arma de Fogo,Homicídio doloso,Vila do joao,Maré
14162021-2021,2021,Homicídio (outros),Homicídio doloso,Bangu,Bangu
23504011-2021,2021,Homicídio Provocado por Emprego de Arma Branca,Homicídio doloso,Gardenia azul,Gardênia Azul
59962151-2021,2021,Homicídio Provocado por Projétil de Arma de Fogo,Homicídio doloso,Olaria,Olaria
76707891-2021,2021,Homicídio Provocado por Projétil de Arma de Fogo,Homicídio doloso,Bangu,Bangu
09275041-2021,2021,Homicídio Provocado por Projétil de Arma de Fogo,Homicídio doloso,Quintino bocaiuva,Quintino Bocaiúva
68748121-2021,2021,Homicídio (outros),Homicídio doloso,Caju,Caju
80908411-2021,2021,Homicídio (outros),Homicídio doloso,Guaratiba,Guaratiba
83888941-2021,2021,Roubo Seguido de Morte Provocado por Projétil de Arma de Fogo,Latrocínio (Roubo seguido de morte),Campo grande,Campo Grande
64360401-2021,2021,Morte por Intervenção de Agente do Estado,Morte por intervenção de agente do Estado,Realengo,Realengo
72209961-2021,2021,Morte por Intervenção de Agente do Estado,Morte por intervenção de agente do Estado,Lins de vasconcelos,Lins de Vasconcelos
78763791-2021,2021,Homicídio Provocado por Projétil de Arma de Fogo,Homicídio doloso,Encantado,Encantado
78763791-2021,2021,Roubo Seguido de Morte Provocado por Projétil de Arma de Fogo,Latrocínio (Roubo seguido de morte),Encantado,Encantado
38294281-2021,2021,Homicídio Provocado por Projétil de Arma de Fogo,Homicídio doloso,Bangu,Bangu
45896831-2021,2021,Morte por Intervenção de Agente do Estado,Morte por intervenção de agente do Estado,Gloria,Glória
09238831-2021,2021,Homicídio Provocado por Projétil de Arma de Fogo,Homicídio doloso,Tijuca,Tijuca
09382371-2021,2021,Morte por Intervenção de Agente do Estado,Morte por intervenção de agente do Estado,Pavuna,Pavuna
19549841-2021,2021,Homicídio Provocado por Projétil de Arma de Fogo,Homicídio doloso,Bonsucesso,Bonsucesso
92769831-2021,2021,Homicídio Provocado por Projétil de Arma de Fogo,Homicídio doloso,Cascadura,Cascadura
25605941-2021,2021,Homicídio Provocado por Emprego de Arma Branca,Homicídio doloso,Recreio dos bandeirantes,Recreio dos Bandeirantes
40195161-2021,2021,Homicídio Provocado por Projétil de Arma de Fogo,Homicídio doloso,Taquara,Taquara
40195161-2021,2021,Homicídio Provocado por Projétil de Arma de Fogo,Homicídio doloso,Taquara,Taquara
78513731-2021,2021,Morte por Intervenção de Agente do Estado,Morte por intervenção de agente do Estado,Jacare,Jacaré
02058261-2021,2021,Morte por Intervenção de Agente do Estado,Morte por intervenção de agente do Estado,Bangu,Bangu
72003752-2021,2021,Morte por Intervenção de Agente do Estado,Morte por intervenção de agente do Estado,Guadalupe,Guadalupe
98160651-2021,2021,Morte por Intervenção de Agente do Estado,Morte por intervenção de agente do Estado,Bangu,Bangu
18964571-2021,2021,Morte por Intervenção de Agente do Estado,Morte por intervenção de agente do Estado,Iraja,Irajá
31773101-2021,2021,Roubo Seguido de Morte Provocado por Projétil de Arma de Fogo,Latrocínio (Roubo seguido de morte),Ricardo de albuquerque,Ricardo de Albuquerque
49624981-2021,2021,Morte por Intervenção de Agente do Estado,Morte por intervenção de agente do Estado,Madureira,Madureira
57676881-2021,2021,Morte por Intervenção de Agente do Estado,Morte por intervenção de agente do Estado,Rio comprido,Rio Comprido
57676881-2021,2021,Morte por Intervenção de Agente do Estado,Morte por intervenção de agente do Estado,Rio comprido,Rio Comprido
10561132-2021,2021,Morte por Intervenção de Agente do Estado,Morte por intervenção de agente do Estado,Ramos,Ramos
63653891-2021,2021,Homicídio Provocado por Projétil de Arma de Fogo,Homicídio doloso,Guaratiba,Guaratiba
86270711-2021,2021,Homicídio Provocado por Projétil de Arma de Fogo,Homicídio doloso,Campo grande,Campo Grande
86270711-2021,2021,Homicídio Provocado por Projétil de Arma de Fogo,Homicídio doloso,Campo grande,Campo Grande
92216651-2021,2021,Morte por Intervenção de Agente do Estado,Morte por intervenção de agente do Estado,Madureira,Madureira
18125211-2021,2021,Homicídio Provocado por Projétil de Arma de Fogo,Homicídio doloso,Rocha miranda,Rocha Miranda
46525851-2021,2021,Morte por Intervenção de Agente do Estado,Morte por intervenção de agente do Estado,Mangueira,Mangueira
84345261-2021,2021,Morte por Intervenção de Agente do Estado,Morte por intervenção de agente do Estado,Galeao,Galeão
84345261-2021,2021,Morte por Intervenção de Agente do Estado,Morte por intervenção de agente do Estado,Galeao,Galeão
88984371-2021,2021,Morte por Intervenção de Agente do Estado,Morte por intervenção de agente do Estado,Galeao,Galeão
11717801-2021,2021,Homicídio Provocado por Projétil de Arma de Fogo,Homicídio doloso,Realengo,Realengo
18057731-2021,2021,Homicídio Provocado por Projétil de Arma de Fogo,Homicídio doloso,Bangu,Bangu
43169141-2021,2021,Morte por Intervenção de Agente do Estado,Morte por intervenção de agente do Estado,Acari,Acari
64694401-2021,2021,Homicídio Provocado por Emprego de Arma Branca,Homicídio doloso,Santa cruz,Santa Cruz
91042051-2021,2021,Morte por Intervenção de Agente do Estado,Morte por intervenção de agente do Estado,Senador camara,Senador Camará
93103731-2021,2021,Homicídio Provocado por Projétil de Arma de Fogo,Homicídio doloso,Penha circular,Penha Circular
96166261-2021,2021,Homicídio Provocado por Projétil de Arma de Fogo,Homicídio doloso,Barros filho,Barros Filho
99885071-2021,2021,Morte por Intervenção de Agente do Estado,Morte por intervenção de agente do Estado,Complexo do alemao,Complexo do Alemão
99885071-2021,2021,Morte por Intervenção de Agente do Estado,Morte por intervenção de agente do Estado,Complexo do alemao,Complexo do Alemão
16632901-2021,2021,Homicídio Provocado por Projétil de Arma de Fogo,Homicídio doloso,Bangu,Bangu
06536031-2021,2021,Homicídio (outros),Homicídio doloso,Santa cruz,Santa Cruz
23009071-2021,2021,Morte por Intervenção de Agente do Estado,Morte por intervenção de agente do Estado,Santa teresa,Santa Teresa
34439701-2021,2021,Morte por Intervenção de Agente do Estado,Morte por intervenção de agente do Estado,Penha,Penha
56928241-2021,2021,Homicídio (outros),Homicídio doloso,Santissimo,Santíssimo
89565111-2021,2021,Homicídio Provocado por Projétil de Arma de Fogo,Homicídio doloso,Guadalupe,Guadalupe
89565111-2021,2021,Homicídio Provocado por Projétil de Arma de Fogo,Homicídio doloso,Guadalupe,Guadalupe
89565111-2021,2021,Homicídio Provocado por Projétil de Arma de Fogo,Homicídio doloso,Guadalupe,Guadalupe
11240031-2021,2021,Homicídio Provocado por Projétil de Arma de Fogo,Homicídio doloso,Realengo,Realengo
44614881-2021,2021,Homicídio Provocado por Projétil de Arma de Fogo,Homicídio doloso,Cachambi,Cachambi
67440991-2021,2021,Morte por Intervenção de Agente do Estado,Morte por intervenção de agente do Estado,Costa barros,Costa Barros
71116581-2021,2021,Homicídio (outros),Homicídio doloso,Pavuna,Pavuna
14981541-2021,2021,Morte por Intervenção de Agente do Estado,Morte por intervenção de agente do Estado,Inhauma,Inhaúma
44918521-2021,2021,Morte por Intervenção de Agente do Estado,Morte por intervenção de agente do Estado,Piedade,Piedade
45603611-2021,2021,Morte por Intervenção de Agente do Estado,Morte por intervenção de agente do Estado,Penha,Penha
76371641-2021,2021,Morte por Intervenção de Agente do Estado,Morte por intervenção de agente do Estado,Engenho novo,Engenho Novo
92608971-2021,2021,Homicídio Provocado por Projétil de Arma de Fogo,Homicídio doloso,Ricardo de albuquerque,Ricardo de Albuquerque
92608971-2021,2021,Homicídio Provocado por Projétil de Arma de Fogo,Homicídio doloso,Ricardo de albuquerque,Ricardo de Albuquerque
95928841-2021,2021,Homicídio Provocado por Projétil de Arma de Fogo,Homicídio doloso,Senador camara,Senador Camará
22577241-2021,2021,Morte por Intervenção de Agente do Estado,Morte por intervenção de agente do Estado,Vila do joao (mare),Maré
50491291-2021,2021,Homicídio Provocado por Projétil de Arma de Fogo,Homicídio doloso,Iraja,Irajá
50491291-2021,2021,Homicídio Provocado por Projétil de Arma de Fogo,Homicídio doloso,Iraja,Irajá
77456521-2021,2021,Morte por Intervenção de Agente do Estado,Morte por intervenção de agente do Estado,Costa barros,Costa Barros
77456521-2021,2021,Morte por Intervenção de Agente do Estado,Morte por intervenção de agente do Estado,Costa barros,Costa Barros
77456521-2021,2021,Morte por Intervenção de Agente do Estado,Morte por intervenção de agente do Estado,Costa barros,Costa Barros
34182591-2021,2021,Morte por Intervenção de Agente do Estado,Morte por intervenção de agente do Estado,Bangu,Bangu
34182591-2021,2021,Morte por Intervenção de Agente do Estado,Morte por intervenção de agente do Estado,Bangu,Bangu
34182591-2021,2021,Morte por Intervenção de Agente do Estado,Morte por intervenção de agente do Estado,Bangu,Bangu
34182591-2021,2021,Morte por Intervenção de Agente do Estado,Morte por intervenção de agente do Estado,Bangu,Bangu
23792081-2021,2021,Morte por Intervenção de Agente do Estado,Morte por intervenção de agente do Estado,Rio comprido,Rio Comprido
27936131-2021,2021,Homicídio (outros),Homicídio doloso,Engenho de dentro,Engenho de Dentro
57582802-2021,2021,Morte por Intervenção de Agente do Estado,Morte por intervenção de agente do Estado,Anchieta,Anchieta
74608621-2021,2021,Homicídio Provocado por Projétil de Arma de Fogo,Homicídio doloso,Pavuna,Pavuna
23109261-2021,2021,Morte por Intervenção de Agente do Estado,Morte por intervenção de agente do Estado,Barra,Barra da Tijuca
04888841-2021,2021,Morte por Intervenção de Agente do Estado,Morte por intervenção de agente do Estado,Piedade,Piedade
21078891-2021,2021,Homicídio Provocado por Projétil de Arma de Fogo,Homicídio doloso,Meier,Méier
39699011-2021,2021,Morte por Intervenção de Agente do Estado,Morte por intervenção de agente do Estado,Senador camara,Senador Camará
39699011-2021,2021,Morte por Intervenção de Agente do Estado,Morte por intervenção de agente do Estado,Senador camara,Senador Camará
39699011-2021,2021,Morte por Intervenção de Agente do Estado,Morte por intervenção de agente do Estado,Senador camara,Senador Camará
57923961-2021,2021,Homicídio Provocado por Emprego de Arma Branca,Homicídio doloso,Gardenia azul,Gardênia Azul
75991251-2021,2021,Morte por Intervenção de Agente do Estado,Morte por intervenção de agente do Estado,Pavuna,Pavuna
88809961-2021,2021,Homicídio Provocado por Projétil de Arma de Fogo,Homicídio doloso,Guadalupe,Guadalupe
96787331-2021,2021,Lesão Corporal Seguida de Morte (outros),Lesão corporal seguida de morte,Barra da tijuca,Barra da Tijuca
55924171-2021,2021,Homicídio (outros),Homicídio doloso,Anil,Anil
18467341-2021,2021,Homicídio (outros),Homicídio doloso,Cachambi,Cachambi
30622921-2021,2021,Homicídio Provocado por Emprego de Arma Branca,Homicídio doloso,Santissimo,Santíssimo
09815991-2021,2021,Morte por Intervenção de Agente do Estado,Morte por intervenção de agente do Estado,Pavuna,Pavuna
11590501-2021,2021,Homicídio (outros),Homicídio doloso,Jacare,Jacaré
28815801-2021,2021,Morte por Intervenção de Agente do Estado,Morte por intervenção de agente do Estado,Bangu,Bangu
34742691-2021,2021,Roubo Seguido de Morte Provocado por Projétil de Arma de Fogo,Latrocínio (Roubo seguido de morte),Vila da penha,Vila da Penha
70023231-2021,2021,Homicídio Provocado por Projétil de Arma de Fogo,Homicídio doloso,Santa cruz,Santa Cruz
23855261-2021,2021,Homicídio (outros),Homicídio doloso,Jardim america,Jardim América
91893361-2021,2021,Morte por Intervenção de Agente do Estado,Morte por intervenção de agente do Estado,Realengo,Realengo
35007261-2021,2021,Homicídio (outros),Homicídio doloso,Bangu,Bangu
47219181-2021,2021,Morte por Intervenção de Agente do Estado,Morte por intervenção de agente do Estado,Pilares,Pilares
47219181-2021,2021,Morte por Intervenção de Agente do Estado,Morte por intervenção de agente do Estado,Pilares,Pilares
71475151-2021,2021,Morte por Intervenção de Agente do Estado,Morte por intervenção de agente do Estado,Anil,Anil
17243331-2021,2021,Morte por Intervenção de Agente do Estado,Morte por intervenção de agente do Estado,Coelho neto,Coelho Neto
69591651-2021,2021,Homicídio Provocado por Projétil de Arma de Fogo,Homicídio doloso,Rocha miranda,Rocha Miranda
72726981-2021,2021,Morte por Intervenção de Agente do Estado,Morte por intervenção de agente do Estado,Anchieta,Anchieta
97577231-2021,2021,Morte por Intervenção de Agente do Estado,Morte por intervenção de agente do Estado,Senador vasconcelos,Senador Vasconcelos
15736041-2021,2021,Lesão Corporal Seguida de Morte Provocada por Paulada,Lesão corporal seguida de morte,Bangu,Bangu
28273001-2021,2021,Homicídio (outros),Homicídio doloso,Turiacu,Turiaçú
44321771-2021,2021,Morte por Intervenção de Agente do Estado,Morte por intervenção de agente do Estado,Realengo,Realengo
49714051-2021,2021,Homicídio Provocado por Projétil de Arma de Fogo,Homicídio doloso,Quintino bocaiuva,Quintino Bocaiúva
49714051-2021,2021,Homicídio Provocado por Projétil de Arma de Fogo,Homicídio doloso,Quintino bocaiuva,Quintino Bocaiúva
90041851-2021,2021,Homicídio Provocado por Projétil de Arma de Fogo,Homicídio doloso,Praca seca,Praça Seca
24890871-2021,2021,Homicídio Provocado por Projétil de Arma de Fogo,Homicídio doloso,Centro,Centro
27377421-2021,2021,Morte por Intervenção de Agente do Estado,Morte por intervenção de agente do Estado,Bangu,Bangu
39667951-2021,2021,Morte por Intervenção de Agente do Estado,Morte por intervenção de agente do Estado,Del castilho,Del Castilho
53217631-2021,2021,Homicídio Provocado por Projétil de Arma de Fogo,Homicídio doloso,Manguinhos,Manguinhos
18987411-2021,2021,Morte por Intervenção de Agente do Estado,Morte por intervenção de agente do Estado,Praca seca.,Praça Seca
49429721-2021,2021,Morte por Intervenção de Agente do Estado,Morte por intervenção de agente do Estado,Bangu,Bangu
50298111-2021,2021,Homicídio Provocado por Projétil de Arma de Fogo,Homicídio doloso,Tomas coelho,Tomás Coelho
67225571-2021,2021,Homicídio Provocado por Projétil de Arma de Fogo,Homicídio doloso,Ramos,Ramos
05835591-2021,2021,Homicídio Provocado por Projétil de Arma de Fogo,Homicídio doloso,Sao cristovao,São Cristóvão
48315801-2021,2021,Homicídio Provocado por Projétil de Arma de Fogo,Homicídio doloso,Inhoaiba,Inhoaíba
58423631-2021,2021,Homicídio Provocado por Projétil de Arma de Fogo,Homicídio doloso,Guadalupe,Guadalupe
58474301-2021,2021,Homicídio (outros),Homicídio doloso,Centro,Centro
30282291-2021,2021,Homicídio Provocado por Projétil de Arma de Fogo,Homicídio doloso,Bangu,Bangu
63112151-2021,2021,"Lesão Corporal Seguida de Morte Provocada por Socos, Tapas ou Pontapés",Lesão corporal seguida de morte,Cosmos,Cosmos
67029641-2021,2021,Morte por Intervenção de Agente do Estado,Morte por intervenção de agente do Estado,Andarai,Andaraí
91050611-2021,2021,Morte por Intervenção de Agente do Estado,Morte por intervenção de agente do Estado,Engenho de dentro,Engenho de Dentro
91050611-2021,2021,Morte por Intervenção de Agente do Estado,Morte por intervenção de agente do Estado,Engenho de dentro,Engenho de Dentro
92125311-2021,2021,Homicídio Provocado por Projétil de Arma de Fogo,Homicídio doloso,Bangu,Bangu
00434901-2021,2021,Morte por Intervenção de Agente do Estado,Morte por intervenção de agente do Estado,Manguinhos,Manguinhos
44355621-2021,2021,Homicídio (outros),Homicídio doloso,Cavalcante,Cavalcanti
75884321-2021,2021,Homicídio Provocado por Projétil de Arma de Fogo,Homicídio doloso,Comunidade casa branca,Tijuca
91248231-2021,2021,Homicídio Provocado por Projétil de Arma de Fogo,Homicídio doloso,Penha circular,Penha Circular
20279561-2021,2021,Homicídio (outros),Homicídio doloso,Realengo,Realengo
27244081-2021,2021,Morte por Intervenção de Agente do Estado,Morte por intervenção de agente do Estado,Tijuca,Tijuca
83724031-2021,2021,Homicídio Provocado por Projétil de Arma de Fogo,Homicídio doloso,Realengo,Realengo
48143181-2021,2021,Morte por Intervenção de Agente do Estado,Morte por intervenção de agente do Estado,Marechal hermes,Marechal Hermes
54633291-2021,2021,Roubo Seguido de Morte (outros),Latrocínio (Roubo seguido de morte),Benfica,Benfica
80774781-2021,2021,Homicídio Provocado por Projétil de Arma de Fogo,Homicídio doloso,Higienopolis,Higienópolis
81194361-2021,2021,Homicídio Provocado por Projétil de Arma de Fogo,Homicídio doloso,Penha,Penha
00896111-2021,2021,Morte por Intervenção de Agente do Estado,Morte por intervenção de agente do Estado,Gardenia azul,Gardênia Azul
29962101-2021,2021,Morte por Intervenção de Agente do Estado,Morte por intervenção de agente do Estado,Encantado,Encantado
29962101-2021,2021,Morte por Intervenção de Agente do Estado,Morte por intervenção de agente do Estado,Encantado,Encantado
52950311-2021,2021,Homicídio Provocado por Projétil de Arma de Fogo,Homicídio doloso,Colegio,Colégio
07676131-2021,2021,Morte por Intervenção de Agente do Estado,Morte por intervenção de agente do Estado,Anchieta,Anchieta
07676131-2021,2021,Morte por Intervenção de Agente do Estado,Morte por intervenção de agente do Estado,Anchieta,Anchieta
07895821-2021,2021,Homicídio (outros),Homicídio doloso,Rocha,Rocha
57641471-2021,2021,Morte por Intervenção de Agente do Estado,Morte por intervenção de agente do Estado,Realengo,Realengo
85628641-2021,2021,Morte por Intervenção de Agente do Estado,Morte por intervenção de agente do Estado,Complexo da mare,Maré
85628641-2021,2021,Morte por Intervenção de Agente do Estado,Morte por intervenção de agente do Estado,Complexo da mare,Maré
85628641-2021,2021,Morte por Intervenção de Agente do Estado,Morte por intervenção de agente do Estado,Complexo da mare,Maré
11375741-2021,2021,Homicídio Provocado por Projétil de Arma de Fogo,Homicídio doloso,Praca seca,Praça Seca
26826551-2021,2021,Homicídio Provocado por Projétil de Arma de Fogo,Homicídio doloso,Costa barros,Costa Barros
85102951-2021,2021,Morte por Intervenção de Agente do Estado,Morte por intervenção de agente do Estado,Costa barros,Costa Barros
97367401-2021,2021,Homicídio Provocado por Projétil de Arma de Fogo,Homicídio doloso,Guaratiba,Guaratiba
24932521-2021,2021,Homicídio Provocado por Emprego de Arma Branca,Homicídio doloso,Ramos,Ramos
36676831-2021,2021,Homicídio Provocado por Projétil de Arma de Fogo,Homicídio doloso,Penha,Penha
53676951-2021,2021,Homicídio (outros),Homicídio doloso,Vicente de carvalho,Vicente de Carvalho
64219391-2021,2021,Morte por Intervenção de Agente do Estado,Morte por intervenção de agente do Estado,Pavuna,Pavuna
78532971-2021,2021,Homicídio Provocado por Projétil de Arma de Fogo,Homicídio doloso,Rio comprido,Rio Comprido
12940721-2021,2021,Morte por Intervenção de Agente do Estado,Morte por intervenção de agente do Estado,Vicente de carvalho,Vicente de Carvalho
12940721-2021,2021,Morte por Intervenção de Agente do Estado,Morte por intervenção de agente do Estado,Vicente de carvalho,Vicente de Carvalho
17079671-2021,2021,Morte por Intervenção de Agente do Estado,Morte por intervenção de agente do Estado,Gamboa,Gamboa
21765481-2021,2021,Homicídio Provocado por Projétil de Arma de Fogo,Homicídio doloso,Guaratiba,Guaratiba
38321641-2021,2021,Homicídio Provocado por Projétil de Arma de Fogo,Homicídio doloso,Santa cruz,Santa Cruz
45641561-2021,2021,Morte por Intervenção de Agente do Estado,Morte por intervenção de agente do Estado,Rio comprido,Rio Comprido
45641561-2021,2021,Morte por Intervenção de Agente do Estado,Morte por intervenção de agente do Estado,Rio comprido,Rio Comprido
60494411-2021,2021,Homicídio Provocado por Projétil de Arma de Fogo,Homicídio doloso,Ramos,Ramos
70894881-2021,2021,Morte por Intervenção de Agente do Estado,Morte por intervenção de agente do Estado,Rio comprido,Rio Comprido
81620211-2021,2021,Morte por Intervenção de Agente do Estado,Morte por intervenção de agente do Estado,Rio comprido,Rio Comprido
88719401-2021,2021,"Lesão Corporal Seguida de Morte Provocada por Socos, Tapas ou Pontapés",Lesão corporal seguida de morte,Iraja,Irajá
89271361-2021,2021,Morte por Intervenção de Agente do Estado,Morte por intervenção de agente do Estado,Thomas coelho,Tomás Coelho
89271361-2021,2021,Morte por Intervenção de Agente do Estado,Morte por intervenção de agente do Estado,Thomas coelho,Tomás Coelho
89271361-2021,2021,Morte por Intervenção de Agente do Estado,Morte por intervenção de agente do Estado,Thomas coelho,Tomás Coelho
89271361-2021,2021,Morte por Intervenção de Agente do Estado,Morte por intervenção de agente do Estado,Thomas coelho,Tomás Coelho
90806891-2021,2021,Homicídio Provocado por Projétil de Arma de Fogo,Homicídio doloso,Meier,Méier
07288601-2021,2021,Morte por Intervenção de Agente do Estado,Morte por intervenção de agente do Estado,Cavalcanti,Cavalcanti
75426651-2021,2021,Morte por Intervenção de Agente do Estado,Morte por intervenção de agente do Estado,Vila isabel,Vila Isabel
85701341-2021,2021,Homicídio Provocado por Projétil de Arma de Fogo,Homicídio doloso,Copacabana,Copacabana
94075421-2021,2021,Morte por Intervenção de Agente do Estado,Morte por intervenção de agente do Estado,Barros filho,Barros Filho
94075421-2021,2021,Morte por Intervenção de Agente do Estado,Morte por intervenção de agente do Estado,Barros filho,Barros Filho
08580421-2021,2021,Morte por Intervenção de Agente do Estado,Morte por intervenção de agente do Estado,Jardim america,Jardim América
13638751-2021,2021,Morte por Intervenção de Agente do Estado,Morte por intervenção de agente do Estado,Guadalupe,Guadalupe
13638751-2021,2021,Morte por Intervenção de Agente do Estado,Morte por intervenção de agente do Estado,Guadalupe,Guadalupe
13638751-2021,2021,Morte por Intervenção de Agente do Estado,Morte por intervenção de agente do Estado,Guadalupe,Guadalupe
30107601-2021,2021,Morte por Intervenção de Agente do Estado,Morte por intervenção de agente do Estado,Guaratiba,Guaratiba
64045231-2021,2021,Homicídio Provocado por Projétil de Arma de Fogo,Homicídio doloso,Penha,Penha
87628092-2021,2021,Homicídio (outros),Homicídio doloso,Sepetiba,Sepetiba
09358041-2021,2021,Morte por Intervenção de Agente do Estado,Morte por intervenção de agente do Estado,Honorio gurgel,Honório Gurgel
38168191-2021,2021,Lesão Corporal Seguida de Morte Provocada por Projétil de Arma de Fogo,Lesão corporal seguida de morte,Pavuna,Pavuna
77321391-2021,2021,Homicídio Provocado por Emprego de Arma Branca,Homicídio doloso,Praca da bandeira,Praça da Bandeira
77076001-2021,2021,Homicídio Provocado por Projétil de Arma de Fogo,Homicídio doloso,Vila valqueire,Vila Valqueire
87346791-2021,2021,Homicídio (outros),Homicídio doloso,Penha,Penha
06317891-2021,2021,Homicídio Provocado por Projétil de Arma de Fogo,Homicídio doloso,Bras de pina,Brás de Pina
23951021-2021,2021,Homicídio Provocado por Emprego de Arma Branca,Homicídio doloso,Barra de guaratiba,Barra de Guaratiba
61404401-2021,2021,Morte por Intervenção de Agente do Estado,Morte por intervenção de agente do Estado,Marechal hermes,Marechal Hermes
79791231-2021,2021,Homicídio Provocado por Projétil de Arma de Fogo,Homicídio doloso,Tijuca,Tijuca
41332221-2021,2021,Lesão Corporal Seguida de Morte Provocada por Projétil de Arma de Fogo,Lesão corporal seguida de morte,Meier,Méier
61593691-2021,2021,Homicídio Provocado por Projétil de Arma de Fogo,Homicídio doloso,Coelho neto,Coelho Neto
69064541-2021,2021,Morte por Intervenção de Agente do Estado,Morte por intervenção de agente do Estado,Anchieta,Anchieta
91107591-2021,2021,Morte por Intervenção de Agente do Estado,Morte por intervenção de agente do Estado,Ipanema,Ipanema
98496711-2021,2021,Morte por Intervenção de Agente do Estado,Morte por intervenção de agente do Estado,Inhauma,Inhaúma
75617171-2021,2021,Homicídio (outros),Homicídio doloso,Anchieta,Anchieta
01934431-2021,2021,Homicídio Provocado por Projétil de Arma de Fogo,Homicídio doloso,Jacarezinho,Jacarezinho
47012661-2021,2021,Morte por Intervenção de Agente do Estado,Morte por intervenção de agente do Estado,Jacarezinho,Jacarezinho
47012661-2021,2021,Morte por Intervenção de Agente do Estado,Morte por intervenção de agente do Estado,Jacarezinho,Jacarezinho
47012661-2021,2021,Morte por Intervenção de Agente do Estado,Morte por intervenção de agente do Estado,Jacarezinho,Jacarezinho
47012661-2021,2021,Morte por Intervenção de Agente do Estado,Morte por intervenção de agente do Estado,Jacarezinho,Jacarezinho
47012661-2021,2021,Morte por Intervenção de Agente do Estado,Morte por intervenção de agente do Estado,Jacarezinho,Jacarezinho
47012661-2021,2021,Morte por Intervenção de Agente do Estado,Morte por intervenção de agente do Estado,Jacarezinho,Jacarezinho
47012661-2021,2021,Morte por Intervenção de Agente do Estado,Morte por intervenção de agente do Estado,Jacarezinho,Jacarezinho
49773251-2021,2021,Morte por Intervenção de Agente do Estado,Morte por intervenção de agente do Estado,Jacare,Jacaré
78847471-2021,2021,Homicídio Provocado por Projétil de Arma de Fogo,Homicídio doloso,Quintino,Quintino Bocaiúva
96627101-2021,2021,Morte por Intervenção de Agente do Estado,Morte por intervenção de agente do Estado,Jacare,Jacaré
97794241-2021,2021,Homicídio Provocado por Projétil de Arma de Fogo,Homicídio doloso,Madureira,Madureira
52391081-2021,2021,Homicídio Provocado por Projétil de Arma de Fogo,Homicídio doloso,Realengo,Realengo
06699121-2021,2021,Homicídio Provocado por Projétil de Arma de Fogo,Homicídio doloso,Vicente de carvalho,Vicente de Carvalho
57336591-2021,2021,Morte por Intervenção de Agente do Estado,Morte por intervenção de agente do Estado,Tijuca,Tijuca
77719541-2021,2021,Homicídio Provocado por Projétil de Arma de Fogo,Homicídio doloso,Taquara,Taquara
80465761-2021,2021,Homicídio (outros),Homicídio doloso,Iraja,Irajá
23961241-2021,2021,Homicídio Provocado por Emprego de Arma Branca,Homicídio doloso,Pavuna,Pavuna
12669111-2021,2021,Morte por Intervenção de Agente do Estado,Morte por intervenção de agente do Estado,Tijuca,Tijuca
70737901-2021,2021,Morte por Intervenção de Agente do Estado,Morte por intervenção de agente do Estado,Tijuca,Tijuca
76728371-2021,2021,Homicídio (outros),Homicídio doloso,Benfica,Benfica
97704241-2021,2021,Homicídio Provocado por Projétil de Arma de Fogo,Homicídio doloso,Santa cruz,Santa Cruz
16371031-2021,2021,Homicídio Provocado por Projétil de Arma de Fogo,Homicídio doloso,Realengo,Realengo
60346421-2021,2021,Morte por Intervenção de Agente do Estado,Morte por intervenção de agente do Estado,Andarai,Andaraí
71818401-2021,2021,Morte por Intervenção de Agente do Estado,Morte por intervenção de agente do Estado,Parque anchieta,Parque Anchieta
71818401-2021,2021,Morte por Intervenção de Agente do Estado,Morte por intervenção de agente do Estado,Parque anchieta,Parque Anchieta
97536891-2021,2021,Homicídio Provocado por Projétil de Arma de Fogo,Homicídio doloso,Meier,Méier
04736591-2021,2021,Homicídio Provocado por Paulada,Homicídio doloso,Centro,Centro
88824351-2021,2021,Homicídio Provocado por Projétil de Arma de Fogo,Homicídio doloso,Gardenia azul,Gardênia Azul
08418641-2021,2021,Morte por Intervenção de Agente do Estado,Morte por intervenção de agente do Estado,Lins de vasconcelos,Lins de Vasconcelos
20265011-2021,2021,Homicídio Provocado por Projétil de Arma de Fogo,Homicídio doloso,Taquara,Taquara
27700241-2021,2021,Morte por Intervenção de Agente do Estado,Morte por intervenção de agente do Estado,Cdd,Cidade de Deus
27700241-2021,2021,Morte por Intervenção de Agente do Estado,Morte por intervenção de agente do Estado,Cdd,Cidade de Deus
94429941-2021,2021,Lesão Corporal Seguida de Morte (outros),Lesão corporal seguida de morte,Taquara,Taquara
11467761-2021,2021,Homicídio Provocado por Emprego de Arma Branca,Homicídio doloso,Bangu,Bangu
30038511-2021,2021,Lesão Corporal Seguida de Morte Provocada por Projétil de Arma de Fogo,Lesão corporal seguida de morte,Meier,Méier
84508341-2021,2021,Morte por Intervenção de Agente do Estado,Morte por intervenção de agente do Estado,Gamboa,Gamboa
42151011-2021,2021,Homicídio Provocado por Projétil de Arma de Fogo,Homicídio doloso,Cordovil,Cordovil
04591391-2021,2021,Homicídio Provocado por Projétil de Arma de Fogo,Homicídio doloso,Coelho neto,Coelho Neto
48443081-2021,2021,Homicídio (outros),Homicídio doloso,Engenho novo,Engenho Novo
64353721-2021,2021,Homicídio Provocado por Projétil de Arma de Fogo,Homicídio doloso,Iraja,Irajá
78555081-2021,2021,Roubo Seguido de Morte Provocado por Projétil de Arma de Fogo,Latrocínio (Roubo seguido de morte),Centro,Centro
41265681-2021,2021,Roubo Seguido de Morte (outros),Latrocínio (Roubo seguido de morte),Campo grande,Campo Grande
49175041-2021,2021,Homicídio Provocado por Emprego de Arma Branca,Homicídio doloso,Engenho novo,Engenho Novo
74955401-2021,2021,Morte por Intervenção de Agente do Estado,Morte por intervenção de agente do Estado,Guadalupe,Guadalupe
37731991-2021,2021,Homicídio (outros),Homicídio doloso,Cascadura,Cascadura
63072911-2021,2021,Homicídio Provocado por Projétil de Arma de Fogo,Homicídio doloso,Cascadura,Cascadura
89196931-2021,2021,Homicídio Provocado por Projétil de Arma de Fogo,Homicídio doloso,Vicente de carvalho,Vicente de Carvalho
89601191-2021,2021,Homicídio Provocado por Projétil de Arma de Fogo,Homicídio doloso,Cascadura,Cascadura
39877361-2021,2021,Morte por Intervenção de Agente do Estado,Morte por intervenção de agente do Estado,Del castilho,Del Castilho
50848961-2021,2021,Homicídio Provocado por Projétil de Arma de Fogo,Homicídio doloso,Gardenia azul,Gardênia Azul
06477251-2021,2021,Homicídio (outros),Homicídio doloso,Centro,Centro
13160761-2021,2021,Homicídio Provocado por Projétil de Arma de Fogo,Homicídio doloso,Praca seca,Praça Seca
41491111-2021,2021,Homicídio Provocado por Projétil de Arma de Fogo,Homicídio doloso,Coelho neto,Coelho Neto
64742411-2021,2021,Morte por Intervenção de Agente do Estado,Morte por intervenção de agente do Estado,Pavuna,Pavuna
18482381-2021,2021,Homicídio Provocado por Emprego de Arma Branca,Homicídio doloso,Gardenia azul,Gardênia Azul
56528761-2021,2021,Homicídio Provocado por Projétil de Arma de Fogo,Homicídio doloso,Taquara,Taquara
19131351-2021,2021,Morte por Intervenção de Agente do Estado,Morte por intervenção de agente do Estado,Anchieta,Anchieta
07012381-2021,2021,Homicídio (outros),Homicídio doloso,Barros filho,Barros Filho
59880971-2021,2021,Morte por Intervenção de Agente do Estado,Morte por intervenção de agente do Estado,Praca seca,Praça Seca
00694111-2021,2021,Homicídio Provocado por Projétil de Arma de Fogo,Homicídio doloso,Turiacu,Turiaçú
39302551-2021,2021,Morte por Intervenção de Agente do Estado,Morte por intervenção de agente do Estado,Pavuna,Pavuna
76926041-2021,2021,Homicídio (outros),Homicídio doloso,Santa cruz,Santa Cruz
92246961-2021,2021,Homicídio Provocado por Projétil de Arma de Fogo,Homicídio doloso,Gardenia azul,Gardênia Azul
38179651-2021,2021,Morte por Intervenção de Agente do Estado,Morte por intervenção de agente do Estado,"Vila olimpica, bangu",Bangu
76014621-2021,2021,Homicídio Provocado por Projétil de Arma de Fogo,Homicídio doloso,Senador vasconcelos,Senador Vasconcelos
82161331-2021,2021,Homicídio Provocado por Projétil de Arma de Fogo,Homicídio doloso,Pavuna,Pavuna
26251031-2021,2021,Homicídio Provocado por Projétil de Arma de Fogo,Homicídio doloso,Anchieta,Anchieta
30715371-2021,2021,Morte por Intervenção de Agente do Estado,Morte por intervenção de agente do Estado,Bangu,Bangu
72226861-2021,2021,Homicídio Provocado por Projétil de Arma de Fogo,Homicídio doloso,Cascadura,Cascadura
87187051-2021,2021,Homicídio Provocado por Projétil de Arma de Fogo,Homicídio doloso,Realengo,Realengo
92024781-2021,2021,Morte por Intervenção de Agente do Estado,Morte por intervenção de agente do Estado,Coelho neto,Coelho Neto
27975351-2021,2021,Homicídio Provocado por Projétil de Arma de Fogo,Homicídio doloso,Pavuna,Pavuna
02202301-2021,2021,Homicídio Provocado por Projétil de Arma de Fogo,Homicídio doloso,Realengo,Realengo
33772631-2021,2021,Homicídio Provocado por Projétil de Arma de Fogo,Homicídio doloso,Engenheiro leal,Engenheiro Leal
51603961-2021,2021,Morte por Intervenção de Agente do Estado,Morte por intervenção de agente do Estado,Estacio,Estácio
73937031-2021,2021,Morte por Intervenção de Agente do Estado,Morte por intervenção de agente do Estado,Tijuca,Tijuca
37445811-2021,2021,Homicídio Provocado por Projétil de Arma de Fogo,Homicídio doloso,Engenho novo,Engenho Novo
60503631-2021,2021,Homicídio Provocado por Projétil de Arma de Fogo,Homicídio doloso,Realengo,Realengo
86245541-2021,2021,Homicídio Provocado por Projétil de Arma de Fogo,Homicídio doloso,Realengo,Realengo
15514471-2021,2021,Homicídio Provocado por Projétil de Arma de Fogo,Homicídio doloso,Copacabana,Copacabana
22107211-2021,2021,Homicídio Provocado por Projétil de Arma de Fogo,Homicídio doloso,Bangu,Bangu
83267961-2021,2021,"Lesão Corporal Seguida de Morte Provocada por Socos, Tapas ou Pontapés",Lesão corporal seguida de morte,Grajau,Grajaú
22143791-2021,2021,Homicídio Provocado por Projétil de Arma de Fogo,Homicídio doloso,Bangu,Bangu
64941841-2021,2021,Homicídio Provocado por Projétil de Arma de Fogo,Homicídio doloso,Pavuna,Pavuna
21476101-2021,2021,Morte por Intervenção de Agente do Estado,Morte por intervenção de agente do Estado,Realengo,Realengo
45184741-2021,2021,Homicídio Provocado por Projétil de Arma de Fogo,Homicídio doloso,Curicica,Curicica
07842641-2021,2021,Morte por Intervenção de Agente do Estado,Morte por intervenção de agente do Estado,Santa cruz,Santa Cruz
17777401-2021,2021,Lesão Corporal Seguida de Morte Provocada por Emprego de Arma Branca,Lesão corporal seguida de morte,Santa cruz,Santa Cruz
84866511-2021,2021,Homicídio Provocado por Projétil de Arma de Fogo,Homicídio doloso,Copacabana,Copacabana
21747011-2021,2021,Morte por Intervenção de Agente do Estado,Morte por intervenção de agente do Estado,Meier,Méier
27920001-2021,2021,Lesão Corporal Seguida de Morte (outros),Lesão corporal seguida de morte,Penha,Penha
42502921-2021,2021,Lesão Corporal Seguida de Morte (outros),Lesão corporal seguida de morte,Centro,Centro
42519401-2021,2021,Homicídio (outros),Homicídio doloso,Barros filho,Barros Filho
09540361-2021,2021,Homicídio Provocado por Projétil de Arma de Fogo,Homicídio doloso,Penha,Penha
37915051-2021,2021,Morte por Intervenção de Agente do Estado,Morte por intervenção de agente do Estado,Penha,Penha
39746951-2021,2021,Homicídio Provocado por Projétil de Arma de Fogo,Homicídio doloso,Caju,Caju
40462971-2021,2021,Homicídio Provocado por Projétil de Arma de Fogo,Homicídio doloso,Realengo,Realengo
74735681-2021,2021,Homicídio Provocado por Emprego de Arma Branca,Homicídio doloso,Bangu,Bangu
75874251-2021,2021,Homicídio Provocado por Projétil de Arma de Fogo,Homicídio doloso,Olaria,Olaria
16811591-2021,2021,Homicídio Provocado por Projétil de Arma de Fogo,Homicídio doloso,Realengo,Realengo
99162781-2021,2021,Lesão Corporal Seguida de Morte (outros),Lesão corporal seguida de morte,Centro,Centro
00977851-2021,2021,Morte por Intervenção de Agente do Estado,Morte por intervenção de agente do Estado,Anchieta,Anchieta
00305121-2021,2021,Morte por Intervenção de Agente do Estado,Morte por intervenção de agente do Estado,Penha circular,Penha Circular
04998521-2021,2021,Homicídio Provocado por Emprego de Arma Branca,Homicídio doloso,Sepetiba,Sepetiba
08771501-2021,2021,Morte por Intervenção de Agente do Estado,Morte por intervenção de agente do Estado,Thomaz coelho,Tomás Coelho
57862311-2021,2021,Homicídio (outros),Homicídio doloso,Praca seca,Praça Seca
74387301-2021,2021,Homicídio Provocado por Projétil de Arma de Fogo,Homicídio doloso,"Bras de pina, rio de janeiro",Brás de Pina
89974161-2021,2021,Morte por Intervenção de Agente do Estado,Morte por intervenção de agente do Estado,Ramos,Ramos
13329401-2021,2021,Homicídio Provocado por Projétil de Arma de Fogo,Homicídio doloso,Recreio dos bandeirantes,Recreio dos Bandeirantes
47145531-2021,2021,Homicídio Provocado por Projétil de Arma de Fogo,Homicídio doloso,Recreio dos bandeirantes,Recreio dos Bandeirantes
61954181-2021,2021,Morte por Intervenção de Agente do Estado,Morte por intervenção de agente do Estado,Freguesia (jacarepagua),Freguesia (Jacarepaguá)
15572191-2021,2021,Homicídio Provocado por Pedrada,Homicídio doloso,Flamengo,Flamengo
59141631-2021,2021,Morte por Intervenção de Agente do Estado,Morte por intervenção de agente do Estado,Quintino bocaiuva,Quintino Bocaiúva
80416351-2021,2021,Morte por Intervenção de Agente do Estado,Morte por intervenção de agente do Estado,Costa barros,Costa Barros
80416351-2021,2021,Morte por Intervenção de Agente do Estado,Morte por intervenção de agente do Estado,Costa barros,Costa Barros
27204961-2021,2021,Homicídio Provocado por Projétil de Arma de Fogo,Homicídio doloso,Campo grande,Campo Grande
95457821-2021,2021,Homicídio Provocado por Projétil de Arma de Fogo,Homicídio doloso,Realengo,Realengo
03047602-2021,2021,Homicídio Provocado por Projétil de Arma de Fogo,Homicídio doloso,Realengo,Realengo
16626081-2021,2021,Homicídio Provocado por Projétil de Arma de Fogo,Homicídio doloso,Freguesia - jacarepagua,Freguesia (Jacarepaguá)
01802261-2021,2021,Homicídio Provocado por Projétil de Arma de Fogo,Homicídio doloso,Realengo,Realengo
49252071-2021,2021,Homicídio Provocado por Projétil de Arma de Fogo,Homicídio doloso,Barra da tijuca,Barra da Tijuca
72320391-2021,2021,Homicídio Provocado por Projétil de Arma de Fogo,Homicídio doloso,Recreio dos bandeirantes,Recreio dos Bandeirantes
72320391-2021,2021,Homicídio Provocado por Projétil de Arma de Fogo,Homicídio doloso,Recreio dos bandeirantes,Recreio dos Bandeirantes
72320391-2021,2021,Homicídio Provocado por Projétil de Arma de Fogo,Homicídio doloso,Recreio dos bandeirantes,Recreio dos Bandeirantes
14741161-2021,2021,Morte por Intervenção de Agente do Estado,Morte por intervenção de agente do Estado,Bangu,Bangu
81500731-2021,2021,Homicídio Provocado por Projétil de Arma de Fogo,Homicídio doloso,Vila militar,Vila Militar
23028451-2021,2021,Homicídio (outros),Homicídio doloso,Santa cruz,Santa Cruz
26194051-2021,2021,Morte por Intervenção de Agente do Estado,Morte por intervenção de agente do Estado,Complexo do alemao,Complexo do Alemão
36734101-2021,2021,Homicídio Provocado por Projétil de Arma de Fogo,Homicídio doloso,Bangu,Bangu
11642481-2021,2021,Homicídio Provocado por Projétil de Arma de Fogo,Homicídio doloso,Realengo,Realengo
06404071-2021,2021,Morte por Intervenção de Agente do Estado,Morte por intervenção de agente do Estado,Quintino bocaiuva,Quintino Bocaiúva
79983731-2021,2021,Morte por Intervenção de Agente do Estado,Morte por intervenção de agente do Estado,Realengo,Realengo
93631511-2021,2021,Homicídio Provocado por Projétil de Arma de Fogo,Homicídio doloso,Leblon,Leblon
36086731-2021,2021,Homicídio Provocado por Projétil de Arma de Fogo,Homicídio doloso,Pavuna,Pavuna
69037941-2021,2021,Homicídio Provocado por Projétil de Arma de Fogo,Homicídio doloso,Pavuna,Pavuna
89753081-2021,2021,Morte por Intervenção de Agente do Estado,Morte por intervenção de agente do Estado,Grajau,Grajaú
52732421-2021,2021,Homicídio (outros),Homicídio doloso,Parque anchieta,Parque Anchieta
55549981-2021,2021,Homicídio Provocado por Projétil de Arma de Fogo,Homicídio doloso,Costa barros,Costa Barros
66726791-2021,2021,Morte por Intervenção de Agente do Estado,Morte por intervenção de agente do Estado,Jardim america,Jardim América
67665831-2021,2021,Homicídio Provocado por Projétil de Arma de Fogo,Homicídio doloso,Santa cruz,Santa Cruz
97083781-2021,2021,Morte por Intervenção de Agente do Estado,Morte por intervenção de agente do Estado,Bangu,Bangu
97083781-2021,2021,Morte por Intervenção de Agente do Estado,Morte por intervenção de agente do Estado,Bangu,Bangu
16987881-2021,2021,Homicídio Provocado por Projétil de Arma de Fogo,Homicídio doloso,Campo grande,Campo Grande
39235961-2021,2021,Homicídio Provocado por Projétil de Arma de Fogo,Homicídio doloso,Portuguesa,Portuguesa
52090361-2021,2021,Morte por Intervenção de Agente do Estado,Morte por intervenção de agente do Estado,Taquara,Taquara
16271391-2021,2021,Homicídio Provocado por Projétil de Arma de Fogo,Homicídio doloso,Bonsucesso,Bonsucesso
24036101-2021,2021,Morte por Intervenção de Agente do Estado,Morte por intervenção de agente do Estado,Vigario geral,Vigário Geral
31570291-2021,2021,Homicídio (outros),Homicídio doloso,Praca seca,Praça Seca
57103801-2021,2021,Homicídio (outros),Homicídio doloso,Jacarepagua,Jacarepaguá
97945451-2021,2021,Homicídio Provocado por Emprego de Arma Branca,Homicídio doloso,Bangu,Bangu
65341201-2021,2021,Homicídio Provocado por Projétil de Arma de Fogo,Homicídio doloso,Bangu,Bangu
65341201-2021,2021,Homicídio Provocado por Projétil de Arma de Fogo,Homicídio doloso,Bangu,Bangu
65341201-2021,2021,Homicídio Provocado por Projétil de Arma de Fogo,Homicídio doloso,Bangu,Bangu
43463141-2021,2021,Homicídio Provocado por Projétil de Arma de Fogo,Homicídio doloso,Recreio dos bandeirantes,Recreio dos Bandeirantes
97743391-2021,2021,Homicídio Provocado por Projétil de Arma de Fogo,Homicídio doloso,Vigario geral,Vigário Geral
97743391-2021,2021,Homicídio Provocado por Projétil de Arma de Fogo,Homicídio doloso,Vigario geral,Vigário Geral
97743391-2021,2021,Homicídio Provocado por Projétil de Arma de Fogo,Homicídio doloso,Vigario geral,Vigário Geral
15474051-2021,2021,Homicídio Provocado por Projétil de Arma de Fogo,Homicídio doloso,Gardenia azul,Gardênia Azul
37127451-2021,2021,Homicídio Provocado por Projétil de Arma de Fogo,Homicídio doloso,Bangu,Bangu
91238801-2021,2021,Homicídio (outros),Homicídio doloso,Galeao,Galeão
01979611-2021,2021,Homicídio Provocado por Projétil de Arma de Fogo,Homicídio doloso,Vigario geral,Vigário Geral
25818361-2021,2021,Morte por Intervenção de Agente do Estado,Morte por intervenção de agente do Estado,Pavuna,Pavuna
29145731-2021,2021,Homicídio Provocado por Projétil de Arma de Fogo,Homicídio doloso,Realengo,Realengo
90204571-2021,2021,Homicídio (outros),Homicídio doloso,Campo grande,Campo Grande
87558261-2021,2021,Roubo Seguido de Morte Provocado por Arma Branca,Latrocínio (Roubo seguido de morte),Centro,Centro
04371361-2021,2021,Homicídio Provocado por Projétil de Arma de Fogo,Homicídio doloso,Bonsucesso,Bonsucesso
36864211-2021,2021,Homicídio Provocado por Asfixia,Homicídio doloso,Mariopolis,Anchieta
88723401-2021,2021,Homicídio Provocado por Projétil de Arma de Fogo,Homicídio doloso,Realengo,Realengo
07588751-2021,2021,Homicídio Provocado por Projétil de Arma de Fogo,Homicídio doloso,Realengo,Realengo
95775561-2021,2021,Homicídio (outros),Homicídio doloso,Realengo,Realengo
09958451-2021,2021,Morte por Intervenção de Agente do Estado,Morte por intervenção de agente do Estado,Paciencia,Paciência
30627701-2021,2021,Homicídio Provocado por Projétil de Arma de Fogo,Homicídio doloso,Vila da penha,Vila da Penha
84872881-2021,2021,Homicídio Provocado por Projétil de Arma de Fogo,Homicídio doloso,Penha circular,Penha Circular
04834811-2021,2021,Homicídio (outros),Homicídio doloso,Taquara,Taquara
18307961-2021,2021,Homicídio Provocado por Projétil de Arma de Fogo,Homicídio doloso,Engenho novo,Engenho Novo
74676191-2021,2021,Homicídio Provocado por Projétil de Arma de Fogo,Homicídio doloso,Senador camara,Senador Camará
02011271-2021,2021,Lesão Corporal Seguida de Morte (outros),Lesão corporal seguida de morte,Sepetiba,Sepetiba
66415821-2021,2021,Homicídio (outros),Homicídio doloso,Santa cruz,Santa Cruz
82771461-2021,2021,Morte por Intervenção de Agente do Estado,Morte por intervenção de agente do Estado,Jacarepagua,Jacarepaguá
87309191-2021,2021,Homicídio (outros),Homicídio doloso,Grumari,Grumari
26148781-2021,2021,Homicídio Provocado por Projétil de Arma de Fogo,Homicídio doloso,Praca seca,Praça Seca
37102041-2021,2021,Homicídio Provocado por Projétil de Arma de Fogo,Homicídio doloso,Bento ribeiro,Bento Ribeiro
09460331-2021,2021,Morte por Intervenção de Agente do Estado,Morte por intervenção de agente do Estado,Estacio,Estácio
09460331-2021,2021,Morte por Intervenção de Agente do Estado,Morte por intervenção de agente do Estado,Estacio,Estácio
11960211-2021,2021,Homicídio Provocado por Projétil de Arma de Fogo,Homicídio doloso,Nova holanda,Maré
77582561-2021,2021,Homicídio Provocado por Projétil de Arma de Fogo,Homicídio doloso,Parada de lucas,Parada de Lucas
94300471-2021,2021,Homicídio (outros),Homicídio doloso,Jacarepagua,Jacarepaguá
00919701-2021,2021,Morte por Intervenção de Agente do Estado,Morte por intervenção de agente do Estado,Santa cruz,Santa Cruz
03896621-2021,2021,Homicídio Provocado por Projétil de Arma de Fogo,Homicídio doloso,Vicente de carvalho,Vicente de Carvalho
53827871-2021,2021,Morte por Intervenção de Agente do Estado,Morte por intervenção de agente do Estado,Santa cruz,Santa Cruz
83853971-2021,2021,Morte por Intervenção de Agente do Estado,Morte por intervenção de agente do Estado,Jesuitas,Santa Cruz
50914011-2021,2021,Morte por Intervenção de Agente do Estado,Morte por intervenção de agente do Estado,Santissimo,Santíssimo
29958571-2021,2021,Morte por Intervenção de Agente do Estado,Morte por intervenção de agente do Estado,Engenho de dentro,Engenho de Dentro
29958571-2021,2021,Morte por Intervenção de Agente do Estado,Morte por intervenção de agente do Estado,Engenho de dentro,Engenho de Dentro
00332511-2021,2021,Homicídio Provocado por Projétil de Arma de Fogo,Homicídio doloso,Iraja,Irajá
62914751-2021,2021,Homicídio Provocado por Projétil de Arma de Fogo,Homicídio doloso,Guadalupe,Guadalupe
44370091-2021,2021,Morte por Intervenção de Agente do Estado,Morte por intervenção de agente do Estado,Tijuca,Tijuca
55352341-2021,2021,Morte por Intervenção de Agente do Estado,Morte por intervenção de agente do Estado,Rocha,Rocha
88522441-2021,2021,Homicídio Provocado por Projétil de Arma de Fogo,Homicídio doloso,Taquara,Taquara
26270841-2021,2021,Homicídio Provocado por Projétil de Arma de Fogo,Homicídio doloso,Iraja,Irajá
48920441-2021,2021,Morte por Intervenção de Agente do Estado,Morte por intervenção de agente do Estado,Iraja,Irajá
72659521-2021,2021,Morte por Intervenção de Agente do Estado,Morte por intervenção de agente do Estado,Costa barros,Costa Barros
72659521-2021,2021,Morte por Intervenção de Agente do Estado,Morte por intervenção de agente do Estado,Costa barros,Costa Barros
92800891-2021,2021,Roubo Seguido de Morte Provocado por Projétil de Arma de Fogo,Latrocínio (Roubo seguido de morte),Jacarepagua,Jacarepaguá
27588361-2021,2021,Homicídio (outros),Homicídio doloso,Vigario geral,Vigário Geral
56246081-2021,2021,Morte por Intervenção de Agente do Estado,Morte por intervenção de agente do Estado,Acari,Acari
60831261-2021,2021,Morte por Intervenção de Agente do Estado,Morte por intervenção de agente do Estado,Olaria,Olaria
11440271-2021,2021,Lesão Corporal Seguida de Morte (outros),Lesão corporal seguida de morte,Taquara,Taquara
22154451-2021,2021,Morte por Intervenção de Agente do Estado,Morte por intervenção de agente do Estado,Quintino bocaiuva,Quintino Bocaiúva
22154451-2021,2021,Morte por Intervenção de Agente do Estado,Morte por intervenção de agente do Estado,Quintino bocaiuva,Quintino Bocaiúva
76592851-2021,2021,Homicídio (outros),Homicídio doloso,Guaratiba,Guaratiba
89287411-2021,2021,Homicídio Provocado por Projétil de Arma de Fogo,Homicídio doloso,Humaita,Humaitá
32024611-2021,2021,Morte por Intervenção de Agente do Estado,Morte por intervenção de agente do Estado,Bangu,Bangu
47583861-2021,2021,Homicídio Provocado por Projétil de Arma de Fogo,Homicídio doloso,Bras de pina,Brás de Pina
90493921-2021,2021,Homicídio Provocado por Projétil de Arma de Fogo,Homicídio doloso,Campo grande,Campo Grande
91117911-2021,2021,Homicídio Provocado por Projétil de Arma de Fogo,Homicídio doloso,Jacarepagua,Jacarepaguá
51732681-2021,2021,Homicídio Provocado por Projétil de Arma de Fogo,Homicídio doloso,Anil,Anil
53851401-2021,2021,Roubo Seguido de Morte Provocado por Projétil de Arma de Fogo,Latrocínio (Roubo seguido de morte),Campo grande,Campo Grande
74447851-2021,2021,Morte por Intervenção de Agente do Estado,Morte por intervenção de agente do Estado,Ricardo de albuquerque,Ricardo de Albuquerque
08055091-2021,2021,Morte por Intervenção de Agente do Estado,Morte por intervenção de agente do Estado,Vicente de carvalho,Vicente de Carvalho
08055091-2021,2021,Morte por Intervenção de Agente do Estado,Morte por intervenção de agente do Estado,Vicente de carvalho,Vicente de Carvalho
71946051-2021,2021,Homicídio Provocado por Projétil de Arma de Fogo,Homicídio doloso,Vidigal,Vidigal
39750631-2021,2021,Morte por Intervenção de Agente do Estado,Morte por intervenção de agente do Estado,Pavuna,Pavuna
47932101-2021,2021,Morte por Intervenção de Agente do Estado,Morte por intervenção de agente do Estado,Bangu,Bangu
47932101-2021,2021,Morte por Intervenção de Agente do Estado,Morte por intervenção de agente do Estado,Bangu,Bangu
52917381-2021,2021,Homicídio Provocado por Projétil de Arma de Fogo,Homicídio doloso,Bonsucesso,Bonsucesso
96184541-2021,2021,Homicídio (outros),Homicídio doloso,Arpoador,Ipanema
37116682-2021,2021,Morte por Intervenção de Agente do Estado,Morte por intervenção de agente do Estado,Costa barros,Costa Barros
39871041-2021,2021,Homicídio Provocado por Projétil de Arma de Fogo,Homicídio doloso,Jacarepagua,Jacarepaguá
48067511-2021,2021,Homicídio Provocado por Projétil de Arma de Fogo,Homicídio doloso,Manguinhos,Manguinhos
64622891-2021,2021,Homicídio Provocado por Projétil de Arma de Fogo,Homicídio doloso,Realengo,Realengo
16193131-2021,2021,Morte por Intervenção de Agente do Estado,Morte por intervenção de agente do Estado,Penha,Penha
17953491-2021,2021,Morte por Intervenção de Agente do Estado,Morte por intervenção de agente do Estado,Pavuna,Pavuna
35726851-2021,2021,Homicídio Provocado por Projétil de Arma de Fogo,Homicídio doloso,Penha,Penha
39026661-2021,2021,Homicídio Provocado por Projétil de Arma de Fogo,Homicídio doloso,Santissimo,Santíssimo
69562501-2021,2021,Homicídio Provocado por Projétil de Arma de Fogo,Homicídio doloso,Camorim,Camorim
73980741-2021,2021,Homicídio Provocado por Projétil de Arma de Fogo,Homicídio doloso,Costa barros,Costa Barros
75519271-2021,2021,Homicídio Provocado por Emprego de Arma Branca,Homicídio doloso,Campo grande,Campo Grande
53932411-2021,2021,Homicídio (outros),Homicídio doloso,Meier,Méier
61578721-2021,2021,Homicídio Provocado por Projétil de Arma de Fogo,Homicídio doloso,Jacarepagua,Jacarepaguá
78977721-2021,2021,Morte por Intervenção de Agente do Estado,Morte por intervenção de agente do Estado,Bras de pina,Brás de Pina
02900631-2021,2021,Homicídio Provocado por Projétil de Arma de Fogo,Homicídio doloso,Gardenia azul,Gardênia Azul
11746831-2021,2021,Homicídio Provocado por Emprego de Arma Branca,Homicídio doloso,Pavuna,Pavuna
84498301-2021,2021,Homicídio Provocado por Projétil de Arma de Fogo,Homicídio doloso,Sao conrado,São Conrado
82874141-2021,2021,Homicídio Provocado por Projétil de Arma de Fogo,Homicídio doloso,Bangu,Bangu
11467421-2021,2021,Morte por Intervenção de Agente do Estado,Morte por intervenção de agente do Estado,Realengo,Realengo
88412351-2021,2021,Homicídio Provocado por Asfixia,Homicídio doloso,Pechincha,Pechincha
39266511-2021,2021,Homicídio Provocado por Projétil de Arma de Fogo,Homicídio doloso,Campo grande,Campo Grande
56704291-2021,2021,Morte por Intervenção de Agente do Estado,Morte por intervenção de agente do Estado,Iraja,Irajá
56704291-2021,2021,Morte por Intervenção de Agente do Estado,Morte por intervenção de agente do Estado,Iraja,Irajá
56704291-2021,2021,Morte por Intervenção de Agente do Estado,Morte por intervenção de agente do Estado,Iraja,Irajá
56704291-2021,2021,Morte por Intervenção de Agente do Estado,Morte por intervenção de agente do Estado,Iraja,Irajá
09142601-2021,2021,Morte por Intervenção de Agente do Estado,Morte por intervenção de agente do Estado,Madureira,Madureira
31739451-2021,2021,Morte por Intervenção de Agente do Estado,Morte por intervenção de agente do Estado,Manguinhos,Manguinhos
15099051-2021,2021,Homicídio (outros),Homicídio doloso,Santa cruz,Santa Cruz
35152431-2021,2021,Homicídio (outros),Homicídio doloso,Penha,Penha
55002771-2021,2021,Homicídio (outros),Homicídio doloso,Botafogo,Botafogo
77287041-2021,2021,Homicídio Provocado por Projétil de Arma de Fogo,Homicídio doloso,Recreio dos bandeirates,Recreio dos Bandeirantes
83374181-2021,2021,Homicídio Provocado por Projétil de Arma de Fogo,Homicídio doloso,Encantado,Encantado
89669651-2021,2021,Morte por Intervenção de Agente do Estado,Morte por intervenção de agente do Estado,Bangu,Bangu
00542451-2021,2021,Roubo Seguido de Morte Provocado por Projétil de Arma de Fogo,Latrocínio (Roubo seguido de morte),Sepetiba,Sepetiba
02265041-2021,2021,Morte por Intervenção de Agente do Estado,Morte por intervenção de agente do Estado,Realengo,Realengo
23276821-2021,2021,Homicídio (outros),Homicídio doloso,Penha,Penha
40270851-2021,2021,Homicídio Provocado por Projétil de Arma de Fogo,Homicídio doloso,Realengo,Realengo
72162751-2021,2021,Morte por Intervenção de Agente do Estado,Morte por intervenção de agente do Estado,Guadalupe,Guadalupe
77768631-2021,2021,Homicídio Provocado por Projétil de Arma de Fogo,Homicídio doloso,Realengo,Realengo
11430831-2021,2021,Morte por Intervenção de Agente do Estado,Morte por intervenção de agente do Estado,Centro,Centro
14929811-2021,2021,Homicídio Provocado por Projétil de Arma de Fogo,Homicídio doloso,Bonsucesso,Bonsucesso
37619831-2021,2021,Homicídio (outros),Homicídio doloso,Campo grande,Campo Grande
77350591-2021,2021,Homicídio Provocado por Projétil de Arma de Fogo,Homicídio doloso,Madureira,Madureira
33727131-2021,2021,Morte por Intervenção de Agente do Estado,Morte por intervenção de agente do Estado,Cidade nova,Cidade Nova
72624341-2021,2021,Homicídio Provocado por Projétil de Arma de Fogo,Homicídio doloso,Itanhanga,Itanhangá
06451411-2021,2021,Homicídio Provocado por Projétil de Arma de Fogo,Homicídio doloso,Honorio gurgel,Honório Gurgel
64162711-2021,2021,Homicídio Provocado por Projétil de Arma de Fogo,Homicídio doloso,Realengo,Realengo
02421001-2021,2021,Morte por Intervenção de Agente do Estado,Morte por intervenção de agente do Estado,Mare,Maré
80532411-2021,2021,Homicídio Provocado por Projétil de Arma de Fogo,Homicídio doloso,Bonsucesso,Bonsucesso
00618871-2021,2021,Homicídio Provocado por Emprego de Arma Branca,Homicídio doloso,Cidade nova,Cidade Nova
15900791-2021,2021,Roubo Seguido de Morte Provocado por Projétil de Arma de Fogo,Latrocínio (Roubo seguido de morte),Campo grande,Campo Grande
25337481-2021,2021,Homicídio Provocado por Projétil de Arma de Fogo,Homicídio doloso,Coelho neto,Coelho Neto
40442161-2021,2021,Homicídio (outros),Homicídio doloso,Cascadura,Cascadura
78683671-2021,2021,Homicídio (outros),Homicídio doloso,Penha circular,Penha Circular
22157262-2021,2021,Homicídio Provocado por Projétil de Arma de Fogo,Homicídio doloso,Vargem grande,Vargem Grande
89719221-2021,2021,Homicídio Provocado por Projétil de Arma de Fogo,Homicídio doloso,Bras de pina,Brás de Pina
92110441-2021,2021,Homicídio Provocado por Projétil de Arma de Fogo,Homicídio doloso,Campo grande,Campo Grande
69311061-2021,2021,Homicídio Provocado por Projétil de Arma de Fogo,Homicídio doloso,Barra da tijuca,Barra da Tijuca
96758391-2021,2021,Homicídio Provocado por Projétil de Arma de Fogo,Homicídio doloso,Iraja,Irajá
30636371-2021,2021,Homicídio Provocado por Projétil de Arma de Fogo,Homicídio doloso,Pavuna,Pavuna
67269881-2021,2021,Homicídio Provocado por Projétil de Arma de Fogo,Homicídio doloso,Magalhaes bastos,Magalhães Bastos
41184191-2021,2021,Homicídio Provocado por Projétil de Arma de Fogo,Homicídio doloso,Bonsucesso,Bonsucesso
47071371-2021,2021,Morte por Intervenção de Agente do Estado,Morte por intervenção de agente do Estado,Pavuna,Pavuna
40083381-2021,2021,Homicídio Provocado por Projétil de Arma de Fogo,Homicídio doloso,Vargem grande,Vargem Grande
50771291-2021,2021,Homicídio Provocado por Projétil de Arma de Fogo,Homicídio doloso,Honorio gurgel,Honório Gurgel
51528231-2021,2021,Lesão Corporal Seguida de Morte (outros),Lesão corporal seguida de morte,Paciencia,Paciência
60300701-2021,2021,Roubo Seguido de Morte Provocado por Projétil de Arma de Fogo,Latrocínio (Roubo seguido de morte),Pavuna,Pavuna
21583551-2021,2021,Homicídio Provocado por Emprego de Arma Branca,Homicídio doloso,Santa cruz,Santa Cruz
62326201-2021,2021,Homicídio Provocado por Projétil de Arma de Fogo,Homicídio doloso,Pedra de guaratiba,Pedra de Guaratiba
70216351-2021,2021,Homicídio Provocado por Projétil de Arma de Fogo,Homicídio doloso,Santa cruz,Santa Cruz
70216351-2021,2021,Homicídio Provocado por Projétil de Arma de Fogo,Homicídio doloso,Santa cruz,Santa Cruz
98356211-2021,2021,Morte por Intervenção de Agente do Estado,Morte por intervenção de agente do Estado,Jardim sulacap,Jardim Sulacap
17665071-2021,2021,Homicídio (outros),Homicídio doloso,Benfica,Benfica
14646881-2021,2021,Homicídio (outros),Homicídio doloso,Pavuna,Pavuna
33396921-2021,2021,Homicídio Provocado por Projétil de Arma de Fogo,Homicídio doloso,Quintino bocaiuva,Quintino Bocaiúva
34362101-2021,2021,Morte por Intervenção de Agente do Estado,Morte por intervenção de agente do Estado,Coelho neto,Coelho Neto
16827481-2021,2021,Homicídio Provocado por Projétil de Arma de Fogo,Homicídio doloso,Bras de pina,Brás de Pina
18168591-2021,2021,Homicídio Provocado por Projétil de Arma de Fogo,Homicídio doloso,Santa cruz,Santa Cruz
38268511-2021,2021,Homicídio Provocado por Emprego de Arma Branca,Homicídio doloso,Ipanema,Ipanema
45810211-2021,2021,Morte por Intervenção de Agente do Estado,Morte por intervenção de agente do Estado,Barros filho,Barros Filho
65273021-2021,2021,Morte por Intervenção de Agente do Estado,Morte por intervenção de agente do Estado,Tijuca,Tijuca
67754561-2021,2021,Homicídio Provocado por Projétil de Arma de Fogo,Homicídio doloso,Jacarepagua,Jacarepaguá
41876931-2021,2021,Homicídio Provocado por Projétil de Arma de Fogo,Homicídio doloso,Piedade,Piedade
60643301-2021,2021,Homicídio (outros),Homicídio doloso,Jardim guanabara,Jardim Guanabara
69173351-2021,2021,Morte por Intervenção de Agente do Estado,Morte por intervenção de agente do Estado,Cidade nova,Cidade Nova
81320281-2021,2021,Homicídio Provocado por Projétil de Arma de Fogo,Homicídio doloso,Campo grande,Campo Grande
84837531-2021,2021,Homicídio Provocado por Projétil de Arma de Fogo,Homicídio doloso,Iraja,Irajá
91535272-2021,2021,Homicídio (outros),Homicídio doloso,Benfica,Benfica
91535272-2021,2021,Roubo Seguido de Morte (outros),Latrocínio (Roubo seguido de morte),Benfica,Benfica
96905451-2021,2021,Homicídio Provocado por Emprego de Arma Branca,Homicídio doloso,Bangu,Bangu
28171951-2021,2021,Homicídio Provocado por Emprego de Arma Branca,Homicídio doloso,Vicente de carvalho,Vicente de Carvalho
39346361-2021,2021,Homicídio Provocado por Projétil de Arma de Fogo,Homicídio doloso,Coelho neto,Coelho Neto
41174161-2021,2021,Homicídio (outros),Homicídio doloso,Engenho novo,Engenho Novo
53198421-2021,2021,Morte por Intervenção de Agente do Estado,Morte por intervenção de agente do Estado,Pavuna,Pavuna
53198421-2021,2021,Morte por Intervenção de Agente do Estado,Morte por intervenção de agente do Estado,Pavuna,Pavuna
64195931-2021,2021,Homicídio Provocado por Projétil de Arma de Fogo,Homicídio doloso,Benfica,Benfica
05988951-2021,2021,Homicídio Provocado por Projétil de Arma de Fogo,Homicídio doloso,Bras de pina,Brás de Pina
23005031-2021,2021,Homicídio Provocado por Projétil de Arma de Fogo,Homicídio doloso,Santa cruz,Santa Cruz
34980152-2021,2021,Homicídio (outros),Homicídio doloso,Galeao,Galeão
46452691-2021,2021,Homicídio Provocado por Projétil de Arma de Fogo,Homicídio doloso,Bangu,Bangu
97103661-2021,2021,Homicídio Provocado por Projétil de Arma de Fogo,Homicídio doloso,Santa cruz,Santa Cruz
13778971-2021,2021,Morte por Intervenção de Agente do Estado,Morte por intervenção de agente do Estado,Realengo,Realengo
13778971-2021,2021,Morte por Intervenção de Agente do Estado,Morte por intervenção de agente do Estado,Realengo,Realengo
99201821-2021,2021,Homicídio Provocado por Projétil de Arma de Fogo,Homicídio doloso,Jardim america,Jardim América
66896521-2021,2021,Homicídio Provocado por Projétil de Arma de Fogo,Homicídio doloso,Bonsucesso,Bonsucesso
75231351-2021,2021,Homicídio Provocado por Projétil de Arma de Fogo,Homicídio doloso,Engenho da rainha,Engenho da Rainha
05003721-2021,2021,Morte por Intervenção de Agente do Estado,Morte por intervenção de agente do Estado,Bangu,Bangu
05003721-2021,2021,Morte por Intervenção de Agente do Estado,Morte por intervenção de agente do Estado,Bangu,Bangu
92204691-2021,2021,Homicídio Provocado por Projétil de Arma de Fogo,Homicídio doloso,Campinho,Campinho
52823121-2021,2021,Homicídio Provocado por Projétil de Arma de Fogo,Homicídio doloso,Recreio dos bandeirantes,Recreio dos Bandeirantes
79771201-2021,2021,Homicídio (outros),Homicídio doloso,Portuguesa,Portuguesa
00036651-2021,2021,Morte por Intervenção de Agente do Estado,Morte por intervenção de agente do Estado,Piedade,Piedade
88682631-2021,2021,Morte por Intervenção de Agente do Estado,Morte por intervenção de agente do Estado,Piedade,Piedade
23280511-2021,2021,Homicídio Provocado por Emprego de Arma Branca,Homicídio doloso,Honorio gurgel,Honório Gurgel
14468371-2021,2021,Homicídio Provocado por Emprego de Arma Branca,Homicídio doloso,Madureira,Madureira
31998711-2021,2021,Homicídio Provocado por Projétil de Arma de Fogo,Homicídio doloso,Guaratiba,Guaratiba
61958841-2021,2021,Homicídio Provocado por Projétil de Arma de Fogo,Homicídio doloso,Praca seca,Praça Seca
68805701-2021,2021,Morte por Intervenção de Agente do Estado,Morte por intervenção de agente do Estado,Bangu,Bangu
45991171-2021,2021,Morte por Intervenção de Agente do Estado,Morte por intervenção de agente do Estado,Senador camara,Senador Camará
54239341-2021,2021,Homicídio Provocado por Projétil de Arma de Fogo,Homicídio doloso,Centro,Centro
75010451-2021,2021,Homicídio Provocado por Projétil de Arma de Fogo,Homicídio doloso,Inhauma,Inhaúma
76268481-2021,2021,Homicídio (outros),Homicídio doloso,Complexo do alemao,Complexo do Alemão
99129261-2021,2021,Homicídio Provocado por Projétil de Arma de Fogo,Homicídio doloso,Lins de vasconcelos,Lins de Vasconcelos
51497241-2021,2021,Morte por Intervenção de Agente do Estado,Morte por intervenção de agente do Estado,Ricardo de albuquerque,Ricardo de Albuquerque
53292871-2021,2021,Homicídio Provocado por Projétil de Arma de Fogo,Homicídio doloso,Realengo,Realengo
80356601-2021,2021,Morte por Intervenção de Agente do Estado,Morte por intervenção de agente do Estado,Guadalupe,Guadalupe
80356601-2021,2021,Morte por Intervenção de Agente do Estado,Morte por intervenção de agente do Estado,Guadalupe,Guadalupe
98099131-2021,2021,Homicídio Provocado por Projétil de Arma de Fogo,Homicídio doloso,Anchieta,Anchieta
51023321-2021,2021,Homicídio (outros),Homicídio doloso,Penha,Penha
55927791-2021,2021,Homicídio Provocado por Projétil de Arma de Fogo,Homicídio doloso,Meier,Méier
30614531-2021,2021,Morte por Intervenção de Agente do Estado,Morte por intervenção de agente do Estado,Penha,Penha
17663721-2021,2021,Morte por Intervenção de Agente do Estado,Morte por intervenção de agente do Estado,Coelho neto,Coelho Neto
84199621-2021,2021,Roubo Seguido de Morte Provocado por Projétil de Arma de Fogo,Latrocínio (Roubo seguido de morte),Campo grande,Campo Grande
96868251-2021,2021,Homicídio Provocado por Projétil de Arma de Fogo,Homicídio doloso,Vargem pequena,Vargem Pequena
02799381-2021,2021,Homicídio Provocado por Projétil de Arma de Fogo,Homicídio doloso,Portuguesa,Portuguesa
77571261-2021,2021,Morte por Intervenção de Agente do Estado,Morte por intervenção de agente do Estado,Engenho de dentro,Engenho de Dentro
78501541-2021,2021,Homicídio (outros),Homicídio doloso,Deodoro,Deodoro
07462371-2021,2021,Morte por Intervenção de Agente do Estado,Morte por intervenção de agente do Estado,Vila isabel,Vila Isabel
11332861-2021,2021,Homicídio Provocado por Projétil de Arma de Fogo,Homicídio doloso,Tomas coelho,Tomás Coelho
86679961-2021,2021,Roubo Seguido de Morte Provocado por Projétil de Arma de Fogo,Latrocínio (Roubo seguido de morte),Encantado,Encantado
11913311-2021,2021,Homicídio Provocado por Projétil de Arma de Fogo,Homicídio doloso,Campo grande,Campo Grande
21383461-2021,2021,Homicídio (outros),Homicídio doloso,Leme,Leme
58128391-2021,2021,Homicídio Provocado por Projétil de Arma de Fogo,Homicídio doloso,Jardim america,Jardim América
68418611-2021,2021,Roubo Seguido de Morte Provocado por Projétil de Arma de Fogo,Latrocínio (Roubo seguido de morte),Encantado,Encantado
74031951-2021,2021,Morte por Intervenção de Agente do Estado,Morte por intervenção de agente do Estado,Piedade,Piedade
88208251-2021,2021,Homicídio Provocado por Projétil de Arma de Fogo,Homicídio doloso,Riachuelo,Riachuelo
54258141-2021,2021,Homicídio (outros),Homicídio doloso,Mendanha,Campo Grande
06519891-2021,2021,Morte por Intervenção de Agente do Estado,Morte por intervenção de agente do Estado,Rocha miranda,Rocha Miranda
27966501-2021,2021,Morte por Intervenção de Agente do Estado,Morte por intervenção de agente do Estado,Bangu,Bangu
27966501-2021,2021,Morte por Intervenção de Agente do Estado,Morte por intervenção de agente do Estado,Bangu,Bangu
27966501-2021,2021,Morte por Intervenção de Agente do Estado,Morte por intervenção de agente do Estado,Bangu,Bangu
27966501-2021,2021,Morte por Intervenção de Agente do Estado,Morte por intervenção de agente do Estado,Bangu,Bangu
49480261-2021,2021,Homicídio Provocado por Projétil de Arma de Fogo,Homicídio doloso,Realengo,Realengo
60447232-2021,2021,Homicídio (outros),Homicídio doloso,Paciencia,Paciência
12829421-2021,2021,Morte por Intervenção de Agente do Estado,Morte por intervenção de agente do Estado,Senador camara,Senador Camará
21608781-2021,2021,Homicídio Provocado por Projétil de Arma de Fogo,Homicídio doloso,Taquara,Taquara
36671281-2021,2021,Morte por Intervenção de Agente do Estado,Morte por intervenção de agente do Estado,Barros filho,Barros Filho
73215121-2021,2021,Morte por Intervenção de Agente do Estado,Morte por intervenção de agente do Estado,Piedade,Piedade
25929561-2021,2021,Morte por Intervenção de Agente do Estado,Morte por intervenção de agente do Estado,Jacarepagua,Jacarepaguá
64264491-2021,2021,Morte por Intervenção de Agente do Estado,Morte por intervenção de agente do Estado,Senador camara,Senador Camará
73792822-2021,2021,Homicídio Provocado por Projétil de Arma de Fogo,Homicídio doloso,Bangu,Bangu
73792822-2021,2021,Morte por Intervenção de Agente do Estado,Morte por intervenção de agente do Estado,Bangu,Bangu
02289031-2021,2021,Homicídio Provocado por Projétil de Arma de Fogo,Homicídio doloso,Bangu,Bangu
03609301-2021,2021,Homicídio Provocado por Projétil de Arma de Fogo,Homicídio doloso,Taquara,Taquara
03609301-2021,2021,Homicídio Provocado por Projétil de Arma de Fogo,Homicídio doloso,Taquara,Taquara
04142911-2021,2021,Homicídio Provocado por Projétil de Arma de Fogo,Homicídio doloso,Quintino bocaiuva,Quintino Bocaiúva
15930531-2021,2021,Morte por Intervenção de Agente do Estado,Morte por intervenção de agente do Estado,Santa cruz,Santa Cruz
20144991-2021,2021,Homicídio Provocado por Projétil de Arma de Fogo,Homicídio doloso,Cosmos,Cosmos
36811971-2021,2021,Morte por Intervenção de Agente do Estado,Morte por intervenção de agente do Estado,Quintino bocaiuva,Quintino Bocaiúva
76878171-2021,2021,Homicídio Provocado por Projétil de Arma de Fogo,Homicídio doloso,Iraja,Irajá
19758891-2021,2021,Morte por Intervenção de Agente do Estado,Morte por intervenção de agente do Estado,Estacio,Estácio
31439421-2021,2021,Homicídio Provocado por Projétil de Arma de Fogo,Homicídio doloso,Portuguesa,Portuguesa
34962371-2021,2021,Homicídio Provocado por Projétil de Arma de Fogo,Homicídio doloso,Praca da bandeira,Praça da Bandeira
59837061-2021,2021,Homicídio Provocado por Projétil de Arma de Fogo,Homicídio doloso,Senador camara,Senador Camará
59837061-2021,2021,Homicídio Provocado por Projétil de Arma de Fogo,Homicídio doloso,Senador camara,Senador Camará
59837061-2021,2021,Homicídio Provocado por Projétil de Arma de Fogo,Homicídio doloso,Senador camara,Senador Camará
10641901-2021,2021,Morte por Intervenção de Agente do Estado,Morte por intervenção de agente do Estado,Engenho da rainha,Engenho da Rainha
40472121-2021,2021,Homicídio Provocado por Projétil de Arma de Fogo,Homicídio doloso,Vila isabel,Vila Isabel
96254251-2021,2021,Morte por Intervenção de Agente do Estado,Morte por intervenção de agente do Estado,Sepetiba,Sepetiba
96254251-2021,2021,Morte por Intervenção de Agente do Estado,Morte por intervenção de agente do Estado,Sepetiba,Sepetiba
80447761-2021,2021,Homicídio Provocado por Projétil de Arma de Fogo,Homicídio doloso,Curicica,Curicica
82614111-2021,2021,Homicídio (outros),Homicídio doloso,Centro,Centro
90474561-2021,2021,Homicídio (outros),Homicídio doloso,Centro,Centro
20913731-2021,2021,Morte por Intervenção de Agente do Estado,Morte por intervenção de agente do Estado,Bras de pina,Brás de Pina
47699591-2021,2021,Homicídio Provocado por Projétil de Arma de Fogo,Homicídio doloso,Inhauma,Inhaúma
73557131-2021,2021,Homicídio Provocado por Projétil de Arma de Fogo,Homicídio doloso,Taua,Tauá
22371031-2021,2021,Homicídio (outros),Homicídio doloso,Ramos,Ramos
44822731-2021,2021,Morte por Intervenção de Agente do Estado,Morte por intervenção de agente do Estado,Penha circular,Penha Circular
61833641-2021,2021,Homicídio Provocado por Projétil de Arma de Fogo,Homicídio doloso,Engenho de dentro,Engenho de Dentro
77487591-2021,2021,Homicídio Provocado por Emprego de Arma Branca,Homicídio doloso,Vila alianca,Bangu
57599421-2021,2021,Homicídio Provocado por Projétil de Arma de Fogo,Homicídio doloso,Magalhaes bastos,Magalhães Bastos
64682262-2021,2021,Homicídio Provocado por Projétil de Arma de Fogo,Homicídio doloso,Mariopolis,Anchieta
66787141-2021,2021,Homicídio Provocado por Projétil de Arma de Fogo,Homicídio doloso,Recreio dos bandeirantes,Recreio dos Bandeirantes
71495351-2021,2021,Homicídio Provocado por Projétil de Arma de Fogo,Homicídio doloso,Galeao,Galeão
79521761-2021,2021,Homicídio Provocado por Projétil de Arma de Fogo,Homicídio doloso,Campo grande,Campo Grande
18669801-2021,2021,Homicídio Provocado por Projétil de Arma de Fogo,Homicídio doloso,Costa barros,Costa Barros
34692111-2021,2021,Homicídio Provocado por Projétil de Arma de Fogo,Homicídio doloso,Quintino,Quintino Bocaiúva
35276781-2021,2021,Homicídio (outros),Homicídio doloso,Realengo,Realengo
98542391-2021,2021,Homicídio Provocado por Projétil de Arma de Fogo,Homicídio doloso,Rio comprido,Rio Comprido
02285541-2021,2021,Morte por Intervenção de Agente do Estado,Morte por intervenção de agente do Estado,Bangu,Bangu
45477571-2021,2021,Homicídio Provocado por Projétil de Arma de Fogo,Homicídio doloso,Realengo,Realengo
49106842-2021,2021,Morte por Intervenção de Agente do Estado,Morte por intervenção de agente do Estado,Jardim america,Jardim América
40595551-2021,2021,Morte por Intervenção de Agente do Estado,Morte por intervenção de agente do Estado,Acari,Acari
69669991-2021,2021,Homicídio Provocado por Projétil de Arma de Fogo,Homicídio doloso,Penha,Penha
11106191-2021,2021,Homicídio Provocado por Projétil de Arma de Fogo,Homicídio doloso,Sepetiba,Sepetiba
62533131-2021,2021,Homicídio Provocado por Emprego de Arma Branca,Homicídio doloso,Mare,Maré
23846171-2021,2021,Morte por Intervenção de Agente do Estado,Morte por intervenção de agente do Estado,Bangu,Bangu
33484031-2021,2021,Morte por Intervenção de Agente do Estado,Morte por intervenção de agente do Estado,Madureira,Madureira
33484031-2021,2021,Morte por Intervenção de Agente do Estado,Morte por intervenção de agente do Estado,Madureira,Madureira
20599571-2021,2021,Homicídio Provocado por Projétil de Arma de Fogo,Homicídio doloso,Pavuna,Pavuna
37814141-2021,2021,Morte por Intervenção de Agente do Estado,Morte por intervenção de agente do Estado,Santo cristo,Santo Cristo
37814141-2021,2021,Morte por Intervenção de Agente do Estado,Morte por intervenção de agente do Estado,Santo cristo,Santo Cristo
91353851-2021,2021,Homicídio Provocado por Paulada,Homicídio doloso,Jardim america,Jardim América
28136121-2021,2021,Morte por Intervenção de Agente do Estado,Morte por intervenção de agente do Estado,Cosme velho,Cosme Velho
65745661-2021,2021,Homicídio Provocado por Projétil de Arma de Fogo,Homicídio doloso,Praca seca,Praça Seca
88517771-2021,2021,Homicídio Provocado por Projétil de Arma de Fogo,Homicídio doloso,Senador vasconcelos,Senador Vasconcelos
97063251-2021,2021,Morte por Intervenção de Agente do Estado,Morte por intervenção de agente do Estado,Guadalupe,Guadalupe
40947731-2021,2021,Morte por Intervenção de Agente do Estado,Morte por intervenção de agente do Estado,Cordovil,Cordovil
56819861-2021,2021,Morte por Intervenção de Agente do Estado,Morte por intervenção de agente do Estado,Lins,Lins de Vasconcelos
68515301-2021,2021,Homicídio (outros),Homicídio doloso,Engenho da rainha,Engenho da Rainha
82906881-2021,2021,Homicídio (outros),Homicídio doloso,Santissimo,Santíssimo
18171021-2021,2021,Homicídio Provocado por Projétil de Arma de Fogo,Homicídio doloso,Taquara,Taquara
35695521-2021,2021,Morte por Intervenção de Agente do Estado,Morte por intervenção de agente do Estado,Bangu,Bangu
98872891-2021,2021,Homicídio Provocado por Projétil de Arma de Fogo,Homicídio doloso,Bangu,Bangu
41962601-2021,2021,Morte por Intervenção de Agente do Estado,Morte por intervenção de agente do Estado,Bangu,Bangu
42767761-2021,2021,Homicídio Provocado por Projétil de Arma de Fogo,Homicídio doloso,Cosmos,Cosmos
42767761-2021,2021,Homicídio Provocado por Projétil de Arma de Fogo,Homicídio doloso,Cosmos,Cosmos
60925471-2021,2021,Homicídio Provocado por Projétil de Arma de Fogo,Homicídio doloso,Benfica,Benfica
68366401-2021,2021,Homicídio Provocado por Projétil de Arma de Fogo,Homicídio doloso,Paciencia,Paciência
34180211-2021,2021,Morte por Intervenção de Agente do Estado,Morte por intervenção de agente do Estado,Ricardo de albuquerque,Ricardo de Albuquerque
21475311-2021,2021,Homicídio Provocado por Projétil de Arma de Fogo,Homicídio doloso,Manguinhos,Manguinhos
99404901-2021,2021,Homicídio Provocado por Projétil de Arma de Fogo,Homicídio doloso,Tanque,Tanque
46817611-2021,2021,Homicídio Provocado por Projétil de Arma de Fogo,Homicídio doloso,Realengo,Realengo
42879181-2021,2021,Homicídio Provocado por Projétil de Arma de Fogo,Homicídio doloso,Praca seca,Praça Seca
90759441-2021,2021,Homicídio Provocado por Projétil de Arma de Fogo,Homicídio doloso,Deodoro,Deodoro
77738471-2021,2021,Homicídio Provocado por Projétil de Arma de Fogo,Homicídio doloso,Barros filho,Barros Filho
42989371-2021,2021,Morte por Intervenção de Agente do Estado,Morte por intervenção de agente do Estado,Bras de pina,Brás de Pina
42989371-2021,2021,Morte por Intervenção de Agente do Estado,Morte por intervenção de agente do Estado,Bras de pina,Brás de Pina
79457911-2021,2021,Homicídio Provocado por Projétil de Arma de Fogo,Homicídio doloso,Cordovil,Cordovil
55465211-2021,2021,Homicídio Provocado por Projétil de Arma de Fogo,Homicídio doloso,Ramos,Ramos
75731761-2021,2021,Homicídio Provocado por Projétil de Arma de Fogo,Homicídio doloso,Senador camara,Senador Camará
26316491-2021,2021,Homicídio Provocado por Projétil de Arma de Fogo,Homicídio doloso,Ricardo de albuquerque,Ricardo de Albuquerque
34792261-2021,2021,Homicídio Provocado por Projétil de Arma de Fogo,Homicídio doloso,Marechal,Marechal Hermes
69350401-2021,2021,Morte por Intervenção de Agente do Estado,Morte por intervenção de agente do Estado,Barra da tijuca,Barra da Tijuca
98323481-2021,2021,Homicídio Provocado por Projétil de Arma de Fogo,Homicídio doloso,Engenho da rainha,Engenho da Rainha
31417271-2021,2021,Homicídio (outros),Homicídio doloso,Bonsucesso,Bonsucesso
35569951-2021,2021,Roubo Seguido de Morte (outros),Latrocínio (Roubo seguido de morte),Santa cruz,Santa Cruz
52479391-2021,2021,Homicídio (outros),Homicídio doloso,Bangu,Bangu
70934061-2021,2021,Roubo Seguido de Morte Provocado por Projétil de Arma de Fogo,Latrocínio (Roubo seguido de morte),Guadalupe,Guadalupe
91949291-2021,2021,Morte por Intervenção de Agente do Estado,Morte por intervenção de agente do Estado,Anchieta,Anchieta
91949291-2021,2021,Morte por Intervenção de Agente do Estado,Morte por intervenção de agente do Estado,Anchieta,Anchieta
03881391-2021,2021,Homicídio (outros),Homicídio doloso,Centro,Centro
30947861-2021,2021,Morte por Intervenção de Agente do Estado,Morte por intervenção de agente do Estado,Pavuna,Pavuna
36287791-2021,2021,Morte por Intervenção de Agente do Estado,Morte por intervenção de agente do Estado,Rocha,Rocha
44478031-2021,2021,Morte por Intervenção de Agente do Estado,Morte por intervenção de agente do Estado,Realengo,Realengo
02658871-2021,2021,Morte por Intervenção de Agente do Estado,Morte por intervenção de agente do Estado,Bras de pina,Brás de Pina
22687681-2021,2021,Homicídio Provocado por Emprego de Arma Branca,Homicídio doloso,Sepetiba,Sepetiba
28625801-2021,2021,Homicídio Provocado por Projétil de Arma de Fogo,Homicídio doloso,Cidade de deus,Cidade de Deus
35207931-2021,2021,Morte por Intervenção de Agente do Estado,Morte por intervenção de agente do Estado,Bangu,Bangu
50598991-2021,2021,Morte por Intervenção de Agente do Estado,Morte por intervenção de agente do Estado,Santa tereza,Santa Teresa
83038881-2021,2021,Homicídio (outros),Homicídio doloso,Quintino bocaiuva,Quintino Bocaiúva
95218051-2021,2021,Morte por Intervenção de Agente do Estado,Morte por intervenção de agente do Estado,Cidade universitaria,Cidade Universitária
31847141-2021,2021,Homicídio Provocado por Projétil de Arma de Fogo,Homicídio doloso,Ricardo de albuquerque,Ricardo de Albuquerque
49980831-2021,2021,Homicídio Provocado por Emprego de Arma Branca,Homicídio doloso,Galeao,Galeão
87105221-2021,2021,Morte por Intervenção de Agente do Estado,Morte por intervenção de agente do Estado,Realengo,Realengo
89545451-2021,2021,Homicídio Provocado por Projétil de Arma de Fogo,Homicídio doloso,Galeao,Galeão
60263441-2021,2021,Homicídio Provocado por Projétil de Arma de Fogo,Homicídio doloso,Jacarepagua,Jacarepaguá
20572881-2021,2021,Homicídio Provocado por Emprego de Arma Branca,Homicídio doloso,Campo grande,Campo Grande
62625881-2021,2021,Homicídio (outros),Homicídio doloso,Rocha miranda,Rocha Miranda
15436921-2021,2021,Homicídio Provocado por Projétil de Arma de Fogo,Homicídio doloso,Benfica,Benfica
78992641-2021,2021,Homicídio Provocado por Projétil de Arma de Fogo,Homicídio doloso,Iraja,Irajá
41908842-2021,2021,Roubo Seguido de Morte Provocado por Projétil de Arma de Fogo,Latrocínio (Roubo seguido de morte),Manguinhos,Manguinhos
93645621-2021,2021,Roubo Seguido de Morte Provocado por Projétil de Arma de Fogo,Latrocínio (Roubo seguido de morte),Iraja,Irajá
33809781-2021,2021,Morte por Intervenção de Agente do Estado,Morte por intervenção de agente do Estado,Guadalupe,Guadalupe
33809781-2021,2021,Morte por Intervenção de Agente do Estado,Morte por intervenção de agente do Estado,Guadalupe,Guadalupe
61812971-2021,2021,Homicídio Provocado por Projétil de Arma de Fogo,Homicídio doloso,Realengo,Realengo
63966953-2021,2021,Morte por Intervenção de Agente do Estado,Morte por intervenção de agente do Estado,Galeao,Galeão
77835441-2021,2021,Homicídio (outros),Homicídio doloso,Bonsucesso,Bonsucesso
42387021-2021,2021,Homicídio Provocado por Projétil de Arma de Fogo,Homicídio doloso,Cidade nova,Cidade Nova
40415191-2021,2021,Homicídio Provocado por Projétil de Arma de Fogo,Homicídio doloso,Vicente de carvalho,Vicente de Carvalho
44810901-2021,2021,Homicídio Provocado por Projétil de Arma de Fogo,Homicídio doloso,Vargem grande,Vargem Grande
94965001-2021,2021,Roubo Seguido de Morte Provocado por Projétil de Arma de Fogo,Latrocínio (Roubo seguido de morte),Iraja,Irajá
97182791-2021,2021,Homicídio Provocado por Projétil de Arma de Fogo,Homicídio doloso,Iraja,Irajá
05404301-2021,2021,Homicídio Provocado por Projétil de Arma de Fogo,Homicídio doloso,Santa cruz,Santa Cruz
32144641-2021,2021,Morte por Intervenção de Agente do Estado,Morte por intervenção de agente do Estado,Piedade,Piedade
46413851-2021,2021,Homicídio Provocado por Projétil de Arma de Fogo,Homicídio doloso,Piedade,Piedade
88176951-2021,2021,Homicídio Provocado por Projétil de Arma de Fogo,Homicídio doloso,Guadalupe,Guadalupe
26750451-2021,2021,Homicídio Provocado por Projétil de Arma de Fogo,Homicídio doloso,Senador camara,Senador Camará
93522701-2021,2021,Homicídio (outros),Homicídio doloso,Cidade universitaria,Cidade Universitária
19552711-2021,2021,Homicídio Provocado por Projétil de Arma de Fogo,Homicídio doloso,Inhauma,Inhaúma
32643491-2021,2021,Morte por Intervenção de Agente do Estado,Morte por intervenção de agente do Estado,Praca seca,Praça Seca
41158871-2021,2021,Homicídio Provocado por Asfixia,Homicídio doloso,Realengo,Realengo
75912071-2021,2021,Homicídio Provocado por Projétil de Arma de Fogo,Homicídio doloso,Vicente de carvalho,Vicente de Carvalho
75912071-2021,2021,Homicídio Provocado por Projétil de Arma de Fogo,Homicídio doloso,Vicente de carvalho,Vicente de Carvalho
44023291-2021,2021,Homicídio Provocado por Projétil de Arma de Fogo,Homicídio doloso,Cascadura,Cascadura
50661981-2021,2021,Homicídio (outros),Homicídio doloso,Jacare,Jacaré
52210771-2021,2021,Homicídio Provocado por Projétil de Arma de Fogo,Homicídio doloso,Rocha miranda,Rocha Miranda
60233991-2021,2021,Homicídio Provocado por Projétil de Arma de Fogo,Homicídio doloso,Ricardo de albuquerque,Ricardo de Albuquerque
00059031-2021,2021,Homicídio (outros),Homicídio doloso,Santa cruz,Santa Cruz
22526031-2021,2021,Morte por Intervenção de Agente do Estado,Morte por intervenção de agente do Estado,Centro,Centro
65278931-2021,2021,Homicídio Provocado por Projétil de Arma de Fogo,Homicídio doloso,Madureira,Madureira
83278151-2021,2021,Homicídio (outros),Homicídio doloso,Bonsucesso,Bonsucesso
90970091-2021,2021,Morte por Intervenção de Agente do Estado,Morte por intervenção de agente do Estado,Parada de lucas,Parada de Lucas
90970091-2021,2021,Morte por Intervenção de Agente do Estado,Morte por intervenção de agente do Estado,Parada de lucas,Parada de Lucas
90970091-2021,2021,Morte por Intervenção de Agente do Estado,Morte por intervenção de agente do Estado,Parada de lucas,Parada de Lucas
90970091-2021,2021,Morte por Intervenção de Agente do Estado,Morte por intervenção de agente do Estado,Parada de lucas,Parada de Lucas
18971261-2021,2021,Homicídio Provocado por Emprego de Arma Branca,Homicídio doloso,Recreio dos bandeirantes,Recreio dos Bandeirantes
20063771-2021,2021,Homicídio Provocado por Emprego de Arma Branca,Homicídio doloso,Leblon,Leblon
29365601-2021,2021,Homicídio Provocado por Projétil de Arma de Fogo,Homicídio doloso,Ipanema,Ipanema
32095701-2021,2021,Homicídio (outros),Homicídio doloso,Campo grande,Campo Grande
54541841-2021,2021,"Lesão Corporal Seguida de Morte Provocada por Socos, Tapas ou Pontapés",Lesão corporal seguida de morte,Cosmos,Cosmos
63581731-2021,2021,Homicídio Provocado por Emprego de Arma Branca,Homicídio doloso,Itanhanga,Itanhangá
56956541-2021,2021,Homicídio Provocado por Projétil de Arma de Fogo,Homicídio doloso,Penha circular,Penha Circular
75699661-2021,2021,Homicídio Provocado por Projétil de Arma de Fogo,Homicídio doloso,Iraja,Irajá
80695281-2021,2021,Homicídio Provocado por Projétil de Arma de Fogo,Homicídio doloso,Realengo,Realengo
93715171-2021,2021,Roubo Seguido de Morte Provocado por Projétil de Arma de Fogo,Latrocínio (Roubo seguido de morte),Turiacu,Turiaçú
19409211-2021,2021,Homicídio Provocado por Projétil de Arma de Fogo,Homicídio doloso,Taquara,Taquara
31673362-2021,2021,Morte por Intervenção de Agente do Estado,Morte por intervenção de agente do Estado,Guadalupe,Guadalupe
33400941-2021,2021,Morte por Intervenção de Agente do Estado,Morte por intervenção de agente do Estado,Madureira,Madureira
37773021-2021,2021,Morte por Intervenção de Agente do Estado,Morte por intervenção de agente do Estado,Pavuna,Pavuna
23139932-2021,2021,Homicídio Provocado por Projétil de Arma de Fogo,Homicídio doloso,Recreio dos bandeirantes,Recreio dos Bandeirantes
25224641-2021,2021,Homicídio Provocado por Projétil de Arma de Fogo,Homicídio doloso,Campo grande,Campo Grande
58869171-2021,2021,Homicídio Provocado por Projétil de Arma de Fogo,Homicídio doloso,Vaz lobo,Vaz Lobo
03893501-2021,2021,Homicídio Provocado por Projétil de Arma de Fogo,Homicídio doloso,Manguinhos,Manguinhos
08828111-2021,2021,Homicídio Provocado por Projétil de Arma de Fogo,Homicídio doloso,Tomas coelho,Tomás Coelho
43798891-2021,2021,Homicídio Provocado por Projétil de Arma de Fogo,Homicídio doloso,Freguesia (jacarepagua),Freguesia (Jacarepaguá)
66072231-2021,2021,Homicídio (outros),Homicídio doloso,Gardenia azul,Gardênia Azul
83672281-2021,2021,Morte por Intervenção de Agente do Estado,Morte por intervenção de agente do Estado,Barra da tijuca,Barra da Tijuca
87463211-2021,2021,Homicídio Provocado por Projétil de Arma de Fogo,Homicídio doloso,Santa cruz,Santa Cruz
99729021-2021,2021,Homicídio Provocado por Emprego de Arma Branca,Homicídio doloso,Cidade universitaria,Cidade Universitária
10599611-2021,2021,Homicídio Provocado por Projétil de Arma de Fogo,Homicídio doloso,Vila da penha,Vila da Penha
14498071-2021,2021,Homicídio Provocado por Projétil de Arma de Fogo,Homicídio doloso,Campo grande,Campo Grande
14498071-2021,2021,Homicídio Provocado por Projétil de Arma de Fogo,Homicídio doloso,Campo grande,Campo Grande
41292841-2021,2021,Homicídio (outros),Homicídio doloso,Penha,Penha
50953441-2021,2021,Homicídio Provocado por Emprego de Arma Branca,Homicídio doloso,Cordovil,Cordovil
86491511-2021,2021,Homicídio Provocado por Projétil de Arma de Fogo,Homicídio doloso,Bonsucesso,Bonsucesso
31696141-2021,2021,Homicídio Provocado por Asfixia,Homicídio doloso,Grumari,Grumari
20724521-2021,2021,Homicídio Provocado por Projétil de Arma de Fogo,Homicídio doloso,Anchieta,Anchieta
44620991-2021,2021,Morte por Intervenção de Agente do Estado,Morte por intervenção de agente do Estado,Campo grande,Campo Grande
54421761-2021,2021,Homicídio Provocado por Projétil de Arma de Fogo,Homicídio doloso,Olaria,Olaria
53553741-2021,2021,Homicídio Provocado por Emprego de Arma Branca,Homicídio doloso,Santa cruz,Santa Cruz
54153531-2021,2021,Homicídio Provocado por Projétil de Arma de Fogo,Homicídio doloso,Santa cruz,Santa Cruz
54153531-2021,2021,Homicídio Provocado por Projétil de Arma de Fogo,Homicídio doloso,Santa cruz,Santa Cruz
71493241-2021,2021,Homicídio Provocado por Projétil de Arma de Fogo,Homicídio doloso,Riachuelo,Riachuelo
27923741-2021,2021,Homicídio Provocado por Projétil de Arma de Fogo,Homicídio doloso,Bangu,Bangu
64074201-2021,2021,Homicídio Provocado por Projétil de Arma de Fogo,Homicídio doloso,Cavalcante,Cavalcanti
80916331-2021,2021,Roubo Seguido de Morte Provocado por Projétil de Arma de Fogo,Latrocínio (Roubo seguido de morte),Alto da boa vista,Alto da Boa Vista
80916331-2021,2021,Roubo Seguido de Morte Provocado por Projétil de Arma de Fogo,Latrocínio (Roubo seguido de morte),Alto da boa vista,Alto da Boa Vista
11543651-2021,2021,Homicídio Provocado por Projétil de Arma de Fogo,Homicídio doloso,Taquara,Taquara
34873621-2021,2021,Homicídio Provocado por Projétil de Arma de Fogo,Homicídio doloso,Colegio,Colégio
54584991-2021,2021,Homicídio Provocado por Projétil de Arma de Fogo,Homicídio doloso,Catumbi,Catumbi
69507091-2021,2021,Homicídio Provocado por Projétil de Arma de Fogo,Homicídio doloso,Manguinhos,Manguinhos
85622811-2021,2021,Homicídio Provocado por Emprego de Arma Branca,Homicídio doloso,Rocinha,Rocinha
94548181-2021,2021,Homicídio Provocado por Projétil de Arma de Fogo,Homicídio doloso,Rio comprido,Rio Comprido
33482941-2021,2021,Homicídio Provocado por Projétil de Arma de Fogo,Homicídio doloso,Bangu,Bangu
20470171-2021,2021,Homicídio (outros),Homicídio doloso,Higienopolis,Higienópolis
20250341-2021,2021,Homicídio (outros),Homicídio doloso,Rocha miranda,Rocha Miranda
26945021-2021,2021,Homicídio Provocado por Asfixia,Homicídio doloso,Paciencia,Paciência
33220921-2021,2021,Homicídio (outros),Homicídio doloso,Mare,Maré
71352871-2021,2021,Homicídio Provocado por Projétil de Arma de Fogo,Homicídio doloso,Guadalupe,Guadalupe
71352871-2021,2021,Homicídio Provocado por Projétil de Arma de Fogo,Homicídio doloso,Guadalupe,Guadalupe
28386781-2021,2021,Morte por Intervenção de Agente do Estado,Morte por intervenção de agente do Estado,Bangu,Bangu
28386781-2021,2021,Morte por Intervenção de Agente do Estado,Morte por intervenção de agente do Estado,Bangu,Bangu
40190351-2021,2021,Morte por Intervenção de Agente do Estado,Morte por intervenção de agente do Estado,Centro,Centro
20373781-2021,2021,Homicídio Provocado por Projétil de Arma de Fogo,Homicídio doloso,Catumbi,Catumbi
31316391-2021,2021,Homicídio Provocado por Asfixia,Homicídio doloso,Santa cruz - antares,Santa Cruz
49276031-2021,2021,Homicídio Provocado por Projétil de Arma de Fogo,Homicídio doloso,Guaratiba,Guaratiba
60969741-2021,2021,Homicídio Provocado por Projétil de Arma de Fogo,Homicídio doloso,Campo grande,Campo Grande
59479611-2021,2021,Morte por Intervenção de Agente do Estado,Morte por intervenção de agente do Estado,Coelho neto,Coelho Neto
26096471-2021,2021,Homicídio Provocado por Projétil de Arma de Fogo,Homicídio doloso,Costa barros,Costa Barros
64978571-2021,2021,Homicídio (outros),Homicídio doloso,Parada de lucas,Parada de Lucas
94975532-2021,2021,Morte por Intervenção de Agente do Estado,Morte por intervenção de agente do Estado,Agua santa,Água Santa
22072601-2021,2021,Homicídio Provocado por Projétil de Arma de Fogo,Homicídio doloso,Cordovil,Cordovil
52559701-2021,2021,Homicídio Provocado por Projétil de Arma de Fogo,Homicídio doloso,Sepetiba,Sepetiba
57959971-2021,2021,Morte por Intervenção de Agente do Estado,Morte por intervenção de agente do Estado,Catumbi,Catumbi
83986881-2021,2021,Homicídio (outros),Homicídio doloso,Rio comprido,Rio Comprido
07812321-2021,2021,Homicídio Provocado por Projétil de Arma de Fogo,Homicídio doloso,Curicica,Curicica
56742941-2021,2021,Homicídio Provocado por Projétil de Arma de Fogo,Homicídio doloso,Bangu,Bangu
01782531-2021,2021,Roubo Seguido de Morte (outros),Latrocínio (Roubo seguido de morte),Cachambi,Cachambi
52475791-2021,2021,Homicídio Provocado por Projétil de Arma de Fogo,Homicídio doloso,Penha circular,Penha Circular
20893961-2022,2022,Homicídio Provocado por Projétil de Arma de Fogo,Homicídio doloso,Realengo,Realengo
61048151-2022,2022,Homicídio (outros),Homicídio doloso,Pavuna,Pavuna
63170091-2022,2022,Homicídio Provocado por Projétil de Arma de Fogo,Homicídio doloso,Pavuna,Pavuna
52160381-2022,2022,Homicídio (outros),Homicídio doloso,Leopoldina,Santo Cristo
98429011-2022,2022,Homicídio (outros),Homicídio doloso,Manguinhos,Manguinhos
16851881-2022,2022,Homicídio Provocado por Projétil de Arma de Fogo,Homicídio doloso,Caju,Caju
21379301-2022,2022,Morte por Intervenção de Agente do Estado,Morte por intervenção de agente do Estado,Bangu,Bangu
52563841-2022,2022,Morte por Intervenção de Agente do Estado,Morte por intervenção de agente do Estado,Marechal hermes,Marechal Hermes
53689251-2022,2022,Roubo Seguido de Morte (outros),Latrocínio (Roubo seguido de morte),Campo grande,Campo Grande
78656711-2022,2022,Homicídio Provocado por Projétil de Arma de Fogo,Homicídio doloso,Pavuna,Pavuna
29409791-2022,2022,Homicídio Provocado por Projétil de Arma de Fogo,Homicídio doloso,Inhauma,Inhaúma
85554481-2022,2022,Homicídio Provocado por Projétil de Arma de Fogo,Homicídio doloso,Ramos,Ramos
48745271-2022,2022,Homicídio Provocado por Projétil de Arma de Fogo,Homicídio doloso,Cascadura,Cascadura
08440101-2022,2022,Homicídio Provocado por Projétil de Arma de Fogo,Homicídio doloso,Centro,Centro
14470741-2022,2022,Homicídio Provocado por Projétil de Arma de Fogo,Homicídio doloso,Realengo,Realengo
50763971-2022,2022,Homicídio (outros),Homicídio doloso,Barra da tijuca,Barra da Tijuca
87232181-2022,2022,Homicídio Provocado por Projétil de Arma de Fogo,Homicídio doloso,Inhauma,Inhaúma
81054201-2022,2022,Morte por Intervenção de Agente do Estado,Morte por intervenção de agente do Estado,Cachambi,Cachambi
87720981-2022,2022,Homicídio Provocado por Projétil de Arma de Fogo,Homicídio doloso,Cascadura,Cascadura
90268061-2022,2022,Homicídio Provocado por Projétil de Arma de Fogo,Homicídio doloso,Cascadura,Cascadura
76466091-2022,2022,Morte por Intervenção de Agente do Estado,Morte por intervenção de agente do Estado,Campo grande,Campo Grande
94268911-2022,2022,Homicídio (outros),Homicídio doloso,Barra da tijuca,Barra da Tijuca
16496241-2022,2022,Homicídio Provocado por Projétil de Arma de Fogo,Homicídio doloso,Realengo,Realengo
42991661-2022,2022,Morte por Intervenção de Agente do Estado,Morte por intervenção de agente do Estado,Senador camara,Senador Camará
99394731-2022,2022,Homicídio Provocado por Projétil de Arma de Fogo,Homicídio doloso,Taquara - jacarepagua,Taquara
08657071-2022,2022,Homicídio (outros),Homicídio doloso,Cidade universitaria,Cidade Universitária
56401721-2022,2022,Homicídio Provocado por Projétil de Arma de Fogo,Homicídio doloso,Turiacu,Turiaçú
56401721-2022,2022,Homicídio Provocado por Projétil de Arma de Fogo,Homicídio doloso,Turiacu,Turiaçú
57886531-2022,2022,Homicídio Provocado por Projétil de Arma de Fogo,Homicídio doloso,Tijuca,Tijuca
57886531-2022,2022,Homicídio Provocado por Projétil de Arma de Fogo,Homicídio doloso,Tijuca,Tijuca
57886531-2022,2022,Homicídio Provocado por Projétil de Arma de Fogo,Homicídio doloso,Tijuca,Tijuca
72263891-2022,2022,Homicídio Provocado por Emprego de Arma Branca,Homicídio doloso,Realengo,Realengo
15205321-2022,2022,Morte por Intervenção de Agente do Estado,Morte por intervenção de agente do Estado,Bangu,Bangu
28428831-2022,2022,Morte por Intervenção de Agente do Estado,Morte por intervenção de agente do Estado,Realengo,Realengo
28428831-2022,2022,Morte por Intervenção de Agente do Estado,Morte por intervenção de agente do Estado,Realengo,Realengo
46497981-2022,2022,Homicídio Provocado por Projétil de Arma de Fogo,Homicídio doloso,Bangu,Bangu
83773861-2022,2022,Homicídio Provocado por Projétil de Arma de Fogo,Homicídio doloso,Inhoaiba,Inhoaíba
90191191-2022,2022,Homicídio Provocado por Asfixia,Homicídio doloso,Engenho novo,Engenho Novo
91740981-2022,2022,Homicídio Provocado por Projétil de Arma de Fogo,Homicídio doloso,Campo grande,Campo Grande
25520261-2022,2022,Morte por Intervenção de Agente do Estado,Morte por intervenção de agente do Estado,Bras de pina,Brás de Pina
27630431-2022,2022,Homicídio Provocado por Projétil de Arma de Fogo,Homicídio doloso,Anchieta,Anchieta
55562361-2022,2022,Homicídio (outros),Homicídio doloso,Praca da bandeira,Praça da Bandeira
55613651-2022,2022,Homicídio Provocado por Emprego de Arma Branca,Homicídio doloso,Oswaldo cruz,Oswaldo Cruz
61977671-2022,2022,Morte por Intervenção de Agente do Estado,Morte por intervenção de agente do Estado,Vicente de carvalho,Vicente de Carvalho
04449771-2022,2022,Homicídio Provocado por Projétil de Arma de Fogo,Homicídio doloso,Taquara,Taquara
55155131-2022,2022,Homicídio Provocado por Projétil de Arma de Fogo,Homicídio doloso,Deodoro,Deodoro
59357521-2022,2022,Morte por Intervenção de Agente do Estado,Morte por intervenção de agente do Estado,Cosme velho,Cosme Velho
64316631-2022,2022,Morte por Intervenção de Agente do Estado,Morte por intervenção de agente do Estado,Campinho,Campinho
64316631-2022,2022,Morte por Intervenção de Agente do Estado,Morte por intervenção de agente do Estado,Campinho,Campinho
78318621-2022,2022,Homicídio Provocado por Projétil de Arma de Fogo,Homicídio doloso,Mariopolis,Anchieta
84771141-2022,2022,Homicídio Provocado por Projétil de Arma de Fogo,Homicídio doloso,Mare,Maré
91352201-2022,2022,Homicídio Provocado por Projétil de Arma de Fogo,Homicídio doloso,Bangu,Bangu
95131861-2022,2022,Homicídio (outros),Homicídio doloso,Penha circular,Penha Circular
15930571-2022,2022,Homicídio Provocado por Projétil de Arma de Fogo,Homicídio doloso,Recreio dos bandeirantes,Recreio dos Bandeirantes
15930571-2022,2022,Homicídio Provocado por Projétil de Arma de Fogo,Homicídio doloso,Recreio dos bandeirantes,Recreio dos Bandeirantes
15930571-2022,2022,Homicídio Provocado por Projétil de Arma de Fogo,Homicídio doloso,Recreio dos bandeirantes,Recreio dos Bandeirantes
20938871-2022,2022,Homicídio Provocado por Projétil de Arma de Fogo,Homicídio doloso,Centro,Centro
75581512-2022,2022,Homicídio (outros),Homicídio doloso,Rio comprido,Rio Comprido
50437131-2022,2022,Morte por Intervenção de Agente do Estado,Morte por intervenção de agente do Estado,Meier,Méier
65941051-2022,2022,Homicídio Provocado por Projétil de Arma de Fogo,Homicídio doloso,Iraja,Irajá
31748391-2022,2022,Homicídio (outros),Homicídio doloso,Madureira,Madureira
49413641-2022,2022,Homicídio Provocado por Projétil de Arma de Fogo,Homicídio doloso,Coelho neto,Coelho Neto
76165021-2022,2022,Homicídio Provocado por Paulada,Homicídio doloso,Bangu,Bangu
99537501-2022,2022,Morte por Intervenção de Agente do Estado,Morte por intervenção de agente do Estado,Cidade de deus,Cidade de Deus
99537501-2022,2022,Morte por Intervenção de Agente do Estado,Morte por intervenção de agente do Estado,Cidade de deus,Cidade de Deus
12647121-2022,2022,Morte por Intervenção de Agente do Estado,Morte por intervenção de agente do Estado,Realengo,Realengo
29740511-2022,2022,Lesão Corporal Seguida de Morte (outros),Lesão corporal seguida de morte,Cordovil,Cordovil
85796871-2022,2022,Homicídio Provocado por Projétil de Arma de Fogo,Homicídio doloso,Senador camara,Senador Camará
76983301-2022,2022,Homicídio Provocado por Projétil de Arma de Fogo,Homicídio doloso,Realengo,Realengo
93841361-2022,2022,Homicídio (outros),Homicídio doloso,Barra da tijuca,Barra da Tijuca
59400351-2022,2022,Homicídio Provocado por Projétil de Arma de Fogo,Homicídio doloso,Gardenia azul,Gardênia Azul
67945901-2022,2022,Homicídio (outros),Homicídio doloso,Santa cruz,Santa Cruz
60928321-2022,2022,Morte por Intervenção de Agente do Estado,Morte por intervenção de agente do Estado,Bras de pina,Brás de Pina
60928321-2022,2022,Morte por Intervenção de Agente do Estado,Morte por intervenção de agente do Estado,Bras de pina,Brás de Pina
81474641-2022,2022,Homicídio Provocado por Projétil de Arma de Fogo,Homicídio doloso,Bangu,Bangu
81503991-2022,2022,Homicídio (outros),Homicídio doloso,Santa cruz,Santa Cruz
88404401-2022,2022,Homicídio Provocado por Projétil de Arma de Fogo,Homicídio doloso,Turiacu,Turiaçú
05943941-2022,2022,Homicídio Provocado por Emprego de Arma Branca,Homicídio doloso,Cosmos,Cosmos
34550821-2022,2022,Lesão Corporal Seguida de Morte Provocada por Projétil de Arma de Fogo,Lesão corporal seguida de morte,Barra da tijuca,Barra da Tijuca
38776091-2022,2022,Morte por Intervenção de Agente do Estado,Morte por intervenção de agente do Estado,Costa barros,Costa Barros
53153691-2022,2022,Morte por Intervenção de Agente do Estado,Morte por intervenção de agente do Estado,Iraja,Irajá
20034651-2022,2022,Homicídio (outros),Homicídio doloso,Guaratiba,Guaratiba
48585811-2022,2022,Morte por Intervenção de Agente do Estado,Morte por intervenção de agente do Estado,Barros filho,Barros Filho
48585811-2022,2022,Morte por Intervenção de Agente do Estado,Morte por intervenção de agente do Estado,Barros filho,Barros Filho
48585811-2022,2022,Morte por Intervenção de Agente do Estado,Morte por intervenção de agente do Estado,Barros filho,Barros Filho
16704861-2022,2022,Homicídio Provocado por Projétil de Arma de Fogo,Homicídio doloso,Ipanema,Ipanema
34158171-2022,2022,Homicídio Provocado por Emprego de Arma Branca,Homicídio doloso,Madureira,Madureira
72421841-2022,2022,Morte por Intervenção de Agente do Estado,Morte por intervenção de agente do Estado,Cordovil,Cordovil
14730781-2022,2022,Homicídio Provocado por Projétil de Arma de Fogo,Homicídio doloso,Manguinhos,Manguinhos
32500191-2022,2022,Homicídio Provocado por Projétil de Arma de Fogo,Homicídio doloso,Pavuna,Pavuna
37590151-2022,2022,Morte por Intervenção de Agente do Estado,Morte por intervenção de agente do Estado,Coelho neto,Coelho Neto
37590151-2022,2022,Morte por Intervenção de Agente do Estado,Morte por intervenção de agente do Estado,Coelho neto,Coelho Neto
58710651-2022,2022,Morte por Intervenção de Agente do Estado,Morte por intervenção de agente do Estado,Realengo,Realengo
73015511-2022,2022,Morte por Intervenção de Agente do Estado,Morte por intervenção de agente do Estado,Nova holanda - mare,Maré
91523031-2022,2022,Homicídio Provocado por Asfixia,Homicídio doloso,Padre miguel,Padre Miguel
36359711-2022,2022,Homicídio (outros),Homicídio doloso,Marechal hermes,Marechal Hermes
36359711-2022,2022,Homicídio (outros),Homicídio doloso,Marechal hermes,Marechal Hermes
59255671-2022,2022,Morte por Intervenção de Agente do Estado,Morte por intervenção de agente do Estado,Manguinhos,Manguinhos
87637341-2022,2022,Homicídio (outros),Homicídio doloso,Vicente de carvalho,Vicente de Carvalho
01823391-2022,2022,Morte por Intervenção de Agente do Estado,Morte por intervenção de agente do Estado,Vila isabel,Vila Isabel
14740331-2022,2022,Homicídio (outros),Homicídio doloso,Vargem grande,Vargem Grande
92973601-2022,2022,Homicídio (outros),Homicídio doloso,Costa barros,Costa Barros
14441721-2022,2022,Morte por Intervenção de Agente do Estado,Morte por intervenção de agente do Estado,Senador camara,Senador Camará
44704811-2022,2022,Homicídio Provocado por Projétil de Arma de Fogo,Homicídio doloso,Realengo,Realengo
96895022-2022,2022,Morte por Intervenção de Agente do Estado,Morte por intervenção de agente do Estado,Senador camara,Senador Camará
65877581-2022,2022,Homicídio Provocado por Projétil de Arma de Fogo,Homicídio doloso,Realengo,Realengo
82031331-2022,2022,Homicídio (outros),Homicídio doloso,Tanque,Tanque
84768801-2022,2022,Homicídio Provocado por Projétil de Arma de Fogo,Homicídio doloso,Bangu,Bangu
99104741-2022,2022,Homicídio Provocado por Emprego de Arma Branca,Homicídio doloso,Cascadura,Cascadura
23745021-2022,2022,Morte por Intervenção de Agente do Estado,Morte por intervenção de agente do Estado,Sao cristovao,São Cristóvão
94017891-2022,2022,Homicídio Provocado por Projétil de Arma de Fogo,Homicídio doloso,Cidade de deus,Cidade de Deus
15905491-2022,2022,Homicídio Provocado por Projétil de Arma de Fogo,Homicídio doloso,Campinho,Campinho
13902861-2022,2022,Morte por Intervenção de Agente do Estado,Morte por intervenção de agente do Estado,Guadalupe,Guadalupe
15349771-2022,2022,Homicídio Provocado por Projétil de Arma de Fogo,Homicídio doloso,Mare,Maré
58744151-2022,2022,Morte por Intervenção de Agente do Estado,Morte por intervenção de agente do Estado,Galeao - ilha do governador,Galeão
42458241-2022,2022,Morte por Intervenção de Agente do Estado,Morte por intervenção de agente do Estado,Jacare,Jacaré
42735661-2022,2022,Morte por Intervenção de Agente do Estado,Morte por intervenção de agente do Estado,Penha,Penha
92101491-2022,2022,Morte por Intervenção de Agente do Estado,Morte por intervenção de agente do Estado,Penha,Penha
92101491-2022,2022,Morte por Intervenção de Agente do Estado,Morte por intervenção de agente do Estado,Penha,Penha
92101491-2022,2022,Morte por Intervenção de Agente do Estado,Morte por intervenção de agente do Estado,Penha,Penha
92101491-2022,2022,Morte por Intervenção de Agente do Estado,Morte por intervenção de agente do Estado,Penha,Penha
92101491-2022,2022,Morte por Intervenção de Agente do Estado,Morte por intervenção de agente do Estado,Penha,Penha
92101491-2022,2022,Morte por Intervenção de Agente do Estado,Morte por intervenção de agente do Estado,Penha,Penha
92101491-2022,2022,Morte por Intervenção de Agente do Estado,Morte por intervenção de agente do Estado,Penha,Penha
92101491-2022,2022,Morte por Intervenção de Agente do Estado,Morte por intervenção de agente do Estado,Penha,Penha
01828771-2022,2022,Morte por Intervenção de Agente do Estado,Morte por intervenção de agente do Estado,Bras de pina,Brás de Pina
02803091-2022,2022,Homicídio (outros),Homicídio doloso,Campo grande,Campo Grande
21278181-2022,2022,Homicídio Provocado por Emprego de Arma Branca,Homicídio doloso,Santa cruz,Santa Cruz
21278181-2022,2022,Homicídio Provocado por Emprego de Arma Branca,Homicídio doloso,Santa cruz,Santa Cruz
32886811-2022,2022,Morte por Intervenção de Agente do Estado,Morte por intervenção de agente do Estado,Penha circular,Penha Circular
78226651-2022,2022,Homicídio Provocado por Projétil de Arma de Fogo,Homicídio doloso,Taquara,Taquara
78352661-2022,2022,Homicídio (outros),Homicídio doloso,Realengo,Realengo
53349781-2022,2022,Homicídio Provocado por Projétil de Arma de Fogo,Homicídio doloso,Cascadura,Cascadura
14865881-2022,2022,Homicídio (outros),Homicídio doloso,Campo grande,Campo Grande
32118711-2022,2022,Homicídio Provocado por Projétil de Arma de Fogo,Homicídio doloso,Cascadura,Cascadura
56979621-2022,2022,Homicídio (outros),Homicídio doloso,Lagoa,Lagoa
92933111-2022,2022,Homicídio Provocado por Projétil de Arma de Fogo,Homicídio doloso,Guaratiba,Guaratiba
04952141-2022,2022,Morte por Intervenção de Agente do Estado,Morte por intervenção de agente do Estado,Penha,Penha
04952141-2022,2022,Morte por Intervenção de Agente do Estado,Morte por intervenção de agente do Estado,Penha,Penha
04952141-2022,2022,Morte por Intervenção de Agente do Estado,Morte por intervenção de agente do Estado,Penha,Penha
04952141-2022,2022,Morte por Intervenção de Agente do Estado,Morte por intervenção de agente do Estado,Penha,Penha
84095231-2022,2022,Homicídio Provocado por Projétil de Arma de Fogo,Homicídio doloso,Colegio,Colégio
22050051-2022,2022,Morte por Intervenção de Agente do Estado,Morte por intervenção de agente do Estado,Colegio,Colégio
22050051-2022,2022,Morte por Intervenção de Agente do Estado,Morte por intervenção de agente do Estado,Colegio,Colégio
34984071-2022,2022,Homicídio Provocado por Projétil de Arma de Fogo,Homicídio doloso,Estacio,Estácio
58221051-2022,2022,Homicídio Provocado por Projétil de Arma de Fogo,Homicídio doloso,Iraja,Irajá
86844611-2022,2022,Morte por Intervenção de Agente do Estado,Morte por intervenção de agente do Estado,Vaz lobo,Vaz Lobo
47049301-2022,2022,Homicídio Provocado por Projétil de Arma de Fogo,Homicídio doloso,Cascadura,Cascadura
69557131-2022,2022,Homicídio Provocado por Projétil de Arma de Fogo,Homicídio doloso,Santa cruz,Santa Cruz
69557131-2022,2022,Homicídio Provocado por Projétil de Arma de Fogo,Homicídio doloso,Santa cruz,Santa Cruz
69557131-2022,2022,Homicídio Provocado por Projétil de Arma de Fogo,Homicídio doloso,Santa cruz,Santa Cruz
83826101-2022,2022,Roubo Seguido de Morte Provocado por Projétil de Arma de Fogo,Latrocínio (Roubo seguido de morte),Iraja,Irajá
92652761-2022,2022,Homicídio Provocado por Projétil de Arma de Fogo,Homicídio doloso,Bras de pina,Brás de Pina
93954881-2022,2022,Homicídio (outros),Homicídio doloso,Jardim guanabara,Jardim Guanabara
03990211-2022,2022,Homicídio Provocado por Projétil de Arma de Fogo,Homicídio doloso,Jacarepagua,Jacarepaguá
18343171-2022,2022,Homicídio Provocado por Projétil de Arma de Fogo,Homicídio doloso,Campo grande,Campo Grande
19618621-2022,2022,Homicídio (outros),Homicídio doloso,Guadalupe,Guadalupe
47749152-2022,2022,Homicídio Provocado por Projétil de Arma de Fogo,Homicídio doloso,Vigario geral,Vigário Geral
02592981-2022,2022,Homicídio Provocado por Projétil de Arma de Fogo,Homicídio doloso,Cavalcanti,Cavalcanti
28233581-2022,2022,Morte por Intervenção de Agente do Estado,Morte por intervenção de agente do Estado,Parada de lucas,Parada de Lucas
61911641-2022,2022,Homicídio Provocado por Projétil de Arma de Fogo,Homicídio doloso,Bras de pina,Brás de Pina
18605991-2022,2022,Homicídio Provocado por Projétil de Arma de Fogo,Homicídio doloso,Pavuna,Pavuna
52574612-2022,2022,Homicídio Provocado por Projétil de Arma de Fogo,Homicídio doloso,Inhauma,Inhaúma
02389161-2022,2022,Homicídio Provocado por Projétil de Arma de Fogo,Homicídio doloso,Santa cruz,Santa Cruz
13953941-2022,2022,Homicídio Provocado por Projétil de Arma de Fogo,Homicídio doloso,Portuguesa,Portuguesa
52657811-2022,2022,Morte por Intervenção de Agente do Estado,Morte por intervenção de agente do Estado,Mare,Maré
67206201-2022,2022,Homicídio Provocado por Projétil de Arma de Fogo,Homicídio doloso,Madureira,Madureira
85346841-2022,2022,Morte por Intervenção de Agente do Estado,Morte por intervenção de agente do Estado,Vicente de carvalho,Vicente de Carvalho
96527061-2022,2022,Homicídio (outros),Homicídio doloso,Mare,Maré
99407561-2022,2022,Homicídio Provocado por Projétil de Arma de Fogo,Homicídio doloso,Mare,Maré
48128461-2022,2022,Homicídio (outros),Homicídio doloso,Penha,Penha
51688621-2022,2022,Morte por Intervenção de Agente do Estado,Morte por intervenção de agente do Estado,Pilares,Pilares
78214591-2022,2022,Homicídio (outros),Homicídio doloso,Inhoaiba,Inhoaíba
83296951-2022,2022,Roubo Seguido de Morte Provocado por Projétil de Arma de Fogo,Latrocínio (Roubo seguido de morte),Bangu,Bangu
00596921-2022,2022,Homicídio (outros),Homicídio doloso,Cordovil,Cordovil
04391081-2022,2022,Morte por Intervenção de Agente do Estado,Morte por intervenção de agente do Estado,Bangu,Bangu
51824311-2022,2022,Homicídio Provocado por Emprego de Arma Branca,Homicídio doloso,Copacabana,Copacabana
99892761-2022,2022,Homicídio Provocado por Emprego de Arma Branca,Homicídio doloso,Sepetiba,Sepetiba
20048621-2022,2022,Homicídio (outros),Homicídio doloso,Sampaio,Sampaio
53252101-2022,2022,Homicídio Provocado por Projétil de Arma de Fogo,Homicídio doloso,Bonsucesso,Bonsucesso
53252101-2022,2022,Homicídio Provocado por Projétil de Arma de Fogo,Homicídio doloso,Bonsucesso,Bonsucesso
20256661-2022,2022,Homicídio Provocado por Projétil de Arma de Fogo,Homicídio doloso,Realengo,Realengo
66238312-2022,2022,Homicídio Provocado por Projétil de Arma de Fogo,Homicídio doloso,Paciencia,Paciência
96006681-2022,2022,Homicídio Provocado por Projétil de Arma de Fogo,Homicídio doloso,Mare,Maré
12601741-2022,2022,Homicídio Provocado por Projétil de Arma de Fogo,Homicídio doloso,Realengo,Realengo
81675321-2022,2022,Homicídio (outros),Homicídio doloso,Bonsucesso,Bonsucesso
84943361-2022,2022,Homicídio Provocado por Queimaduras,Homicídio doloso,Vicente de carvalho,Vicente de Carvalho
17257501-2022,2022,Homicídio Provocado por Projétil de Arma de Fogo,Homicídio doloso,Santa cruz,Santa Cruz
17257501-2022,2022,Homicídio Provocado por Projétil de Arma de Fogo,Homicídio doloso,Santa cruz,Santa Cruz
55121751-2022,2022,Morte por Intervenção de Agente do Estado,Morte por intervenção de agente do Estado,Barra da tijuca,Barra da Tijuca
77353292-2022,2022,Homicídio Provocado por Projétil de Arma de Fogo,Homicídio doloso,Honorio gurgel,Honório Gurgel
25086541-2022,2022,Homicídio (outros),Homicídio doloso,Meier,Méier
26407691-2022,2022,Morte por Intervenção de Agente do Estado,Morte por intervenção de agente do Estado,Penha,Penha
37597321-2022,2022,Homicídio Provocado por Projétil de Arma de Fogo,Homicídio doloso,Cascadura,Cascadura
07689301-2022,2022,Morte por Intervenção de Agente do Estado,Morte por intervenção de agente do Estado,Engenho de dentro,Engenho de Dentro
34481581-2022,2022,Homicídio Provocado por Projétil de Arma de Fogo,Homicídio doloso,Bras de pina,Brás de Pina
35942661-2022,2022,Homicídio Provocado por Projétil de Arma de Fogo,Homicídio doloso,Leme,Leme
87637351-2022,2022,Homicídio (outros),Homicídio doloso,Anchieta,Anchieta
19976281-2022,2022,Homicídio Provocado por Queimaduras,Homicídio doloso,Engenho de dentro,Engenho de Dentro
24428751-2022,2022,Homicídio Provocado por Projétil de Arma de Fogo,Homicídio doloso,Barra da de guaratiba,Barra de Guaratiba
26584441-2022,2022,Morte por Intervenção de Agente do Estado,Morte por intervenção de agente do Estado,Rio comprido,Rio Comprido
42648621-2022,2022,Morte por Intervenção de Agente do Estado,Morte por intervenção de agente do Estado,Anil,Anil
45191651-2022,2022,Morte por Intervenção de Agente do Estado,Morte por intervenção de agente do Estado,Cascadura,Cascadura
51165611-2022,2022,Homicídio (outros),Homicídio doloso,Copacabana,Copacabana
61446141-2022,2022,Homicídio Provocado por Projétil de Arma de Fogo,Homicídio doloso,Barra da tijuca,Barra da Tijuca
82968311-2022,2022,Homicídio (outros),Homicídio doloso,Centro,Centro
06403281-2022,2022,Homicídio Provocado por Projétil de Arma de Fogo,Homicídio doloso,Marechal hermes,Marechal Hermes
17664761-2022,2022,Homicídio (outros),Homicídio doloso,Estacio,Estácio
86469081-2022,2022,Homicídio (outros),Homicídio doloso,Penha,Penha
95867111-2022,2022,Homicídio (outros),Homicídio doloso,Jardim america,Jardim América
15808641-2022,2022,Homicídio Provocado por Projétil de Arma de Fogo,Homicídio doloso,Sepetiba,Sepetiba
40569671-2022,2022,Homicídio Provocado por Emprego de Arma Branca,Homicídio doloso,Campo grande,Campo Grande
61767901-2022,2022,Morte por Intervenção de Agente do Estado,Morte por intervenção de agente do Estado,Turiacu,Turiaçú
19394471-2022,2022,Morte por Intervenção de Agente do Estado,Morte por intervenção de agente do Estado,Pavuna,Pavuna
19394471-2022,2022,Morte por Intervenção de Agente do Estado,Morte por intervenção de agente do Estado,Pavuna,Pavuna
52627831-2022,2022,Homicídio Provocado por Projétil de Arma de Fogo,Homicídio doloso,Tanque,Tanque
55306611-2022,2022,Homicídio Provocado por Emprego de Arma Branca,Homicídio doloso,Tijuca,Tijuca
75992201-2022,2022,Roubo Seguido de Morte Provocado por Projétil de Arma de Fogo,Latrocínio (Roubo seguido de morte),Parada de lucas,Parada de Lucas
32610281-2022,2022,Homicídio (outros),Homicídio doloso,Recreio dos bandeirantes,Recreio dos Bandeirantes
68314861-2022,2022,Homicídio Provocado por Projétil de Arma de Fogo,Homicídio doloso,Bonsucesso,Bonsucesso
69037721-2022,2022,Homicídio Provocado por Projétil de Arma de Fogo,Homicídio doloso,Vista alegre,Vista Alegre
15252081-2022,2022,Homicídio Provocado por Projétil de Arma de Fogo,Homicídio doloso,Piedade,Piedade
30353251-2022,2022,Homicídio Provocado por Projétil de Arma de Fogo,Homicídio doloso,Bangu,Bangu
27194581-2022,2022,Morte por Intervenção de Agente do Estado,Morte por intervenção de agente do Estado,Jardim america,Jardim América
83718431-2022,2022,Morte por Intervenção de Agente do Estado,Morte por intervenção de agente do Estado,Tijuca,Tijuca
00022251-2022,2022,Morte por Intervenção de Agente do Estado,Morte por intervenção de agente do Estado,Vicente de carvalho,Vicente de Carvalho
00022251-2022,2022,Morte por Intervenção de Agente do Estado,Morte por intervenção de agente do Estado,Vicente de carvalho,Vicente de Carvalho
41568201-2022,2022,Homicídio Provocado por Projétil de Arma de Fogo,Homicídio doloso,Ramos,Ramos
53337721-2022,2022,Homicídio Provocado por Paulada,Homicídio doloso,Inhoaiba,Inhoaíba
59471061-2022,2022,Homicídio (outros),Homicídio doloso,Bangu,Bangu
89448321-2022,2022,Homicídio Provocado por Projétil de Arma de Fogo,Homicídio doloso,Tijuca,Tijuca
89448321-2022,2022,Homicídio Provocado por Projétil de Arma de Fogo,Homicídio doloso,Tijuca,Tijuca
27694871-2022,2022,Homicídio Provocado por Emprego de Arma Branca,Homicídio doloso,Recreio dos bandeirantes,Recreio dos Bandeirantes
29460241-2022,2022,Homicídio (outros),Homicídio doloso,Realengo,Realengo
42019781-2022,2022,Homicídio (outros),Homicídio doloso,Sao cristovao,São Cristóvão
66462331-2022,2022,Homicídio Provocado por Projétil de Arma de Fogo,Homicídio doloso,Manguinhos,Manguinhos
87771861-2022,2022,Homicídio Provocado por Projétil de Arma de Fogo,Homicídio doloso,Anchieta,Anchieta
88704421-2022,2022,Homicídio Provocado por Paulada,Homicídio doloso,Sao cristovao,São Cristóvão
00529491-2022,2022,Homicídio (outros),Homicídio doloso,Cdd,Cidade de Deus
01440171-2022,2022,Homicídio (outros),Homicídio doloso,Santa cruz,Santa Cruz
17774751-2022,2022,Morte por Intervenção de Agente do Estado,Morte por intervenção de agente do Estado,Iraja,Irajá
35301331-2022,2022,Morte por Intervenção de Agente do Estado,Morte por intervenção de agente do Estado,Praca da bandeira,Praça da Bandeira
57759941-2022,2022,Homicídio (outros),Homicídio doloso,Sao cristovao,São Cristóvão
01701641-2022,2022,Morte por Intervenção de Agente do Estado,Morte por intervenção de agente do Estado,Penha,Penha
37115081-2022,2022,Morte por Intervenção de Agente do Estado,Morte por intervenção de agente do Estado,Costa barros,Costa Barros
37115081-2022,2022,Morte por Intervenção de Agente do Estado,Morte por intervenção de agente do Estado,Costa barros,Costa Barros
46131511-2022,2022,Homicídio Provocado por Projétil de Arma de Fogo,Homicídio doloso,Bras de pina,Brás de Pina
78249261-2022,2022,Morte por Intervenção de Agente do Estado,Morte por intervenção de agente do Estado,Pavuna,Pavuna
78249261-2022,2022,Morte por Intervenção de Agente do Estado,Morte por intervenção de agente do Estado,Pavuna,Pavuna
79837821-2022,2022,Morte por Intervenção de Agente do Estado,Morte por intervenção de agente do Estado,Pavuna,Pavuna
19048071-2022,2022,Homicídio (outros),Homicídio doloso,Campo grande,Campo Grande
29391921-2022,2022,Homicídio Provocado por Projétil de Arma de Fogo,Homicídio doloso,Andarai,Andaraí
11256141-2022,2022,Roubo Seguido de Morte Provocado por Projétil de Arma de Fogo,Latrocínio (Roubo seguido de morte),Del castilho,Del Castilho
59494291-2022,2022,Homicídio Provocado por Projétil de Arma de Fogo,Homicídio doloso,Engenho da rainha,Engenho da Rainha
75644851-2022,2022,Morte por Intervenção de Agente do Estado,Morte por intervenção de agente do Estado,Magalhaes bastos,Magalhães Bastos
75644851-2022,2022,Morte por Intervenção de Agente do Estado,Morte por intervenção de agente do Estado,Magalhaes bastos,Magalhães Bastos
87232551-2022,2022,Morte por Intervenção de Agente do Estado,Morte por intervenção de agente do Estado,Rio comprido,Rio Comprido
88705981-2022,2022,Morte por Intervenção de Agente do Estado,Morte por intervenção de agente do Estado,Realengo,Realengo
88705981-2022,2022,Morte por Intervenção de Agente do Estado,Morte por intervenção de agente do Estado,Realengo,Realengo
75307601-2022,2022,Morte por Intervenção de Agente do Estado,Morte por intervenção de agente do Estado,Taquara,Taquara
42663471-2022,2022,Roubo Seguido de Morte Provocado por Projétil de Arma de Fogo,Latrocínio (Roubo seguido de morte),Tijuca,Tijuca
08575301-2022,2022,Homicídio Provocado por Projétil de Arma de Fogo,Homicídio doloso,Praca da bandeira,Praça da Bandeira
40819141-2022,2022,Homicídio Provocado por Projétil de Arma de Fogo,Homicídio doloso,Santa cruz,Santa Cruz
56175861-2022,2022,Morte por Intervenção de Agente do Estado,Morte por intervenção de agente do Estado,Barra da tijuca,Barra da Tijuca
69115401-2022,2022,Homicídio Provocado por Emprego de Arma Branca,Homicídio doloso,Guaratiba,Guaratiba
78626381-2022,2022,Homicídio Provocado por Projétil de Arma de Fogo,Homicídio doloso,Engenho de dentro,Engenho de Dentro
88659561-2022,2022,Morte por Intervenção de Agente do Estado,Morte por intervenção de agente do Estado,Jacarepagua,Jacarepaguá
93275692-2022,2022,Homicídio Provocado por Projétil de Arma de Fogo,Homicídio doloso,Vargem pequena,Vargem Pequena
05662621-2022,2022,Homicídio Provocado por Projétil de Arma de Fogo,Homicídio doloso,Rocha miranda,Rocha Miranda
23355981-2022,2022,Morte por Intervenção de Agente do Estado,Morte por intervenção de agente do Estado,Santa tereza,Santa Teresa
55539761-2022,2022,Homicídio Provocado por Projétil de Arma de Fogo,Homicídio doloso,Marechal hermes,Marechal Hermes
06258501-2022,2022,Homicídio Provocado por Projétil de Arma de Fogo,Homicídio doloso,Anchieta,Anchieta
06258501-2022,2022,Homicídio Provocado por Projétil de Arma de Fogo,Homicídio doloso,Anchieta,Anchieta
15268591-2022,2022,Homicídio Provocado por Projétil de Arma de Fogo,Homicídio doloso,Bonsucesso,Bonsucesso
91081131-2022,2022,Morte por Intervenção de Agente do Estado,Morte por intervenção de agente do Estado,Cordovil,Cordovil
02559081-2022,2022,Morte por Intervenção de Agente do Estado,Morte por intervenção de agente do Estado,Bras de pina,Brás de Pina
02559081-2022,2022,Morte por Intervenção de Agente do Estado,Morte por intervenção de agente do Estado,Bras de pina,Brás de Pina
64551251-2022,2022,Homicídio Provocado por Projétil de Arma de Fogo,Homicídio doloso,Penha circular,Penha Circular
01444191-2022,2022,Homicídio Provocado por Projétil de Arma de Fogo,Homicídio doloso,Costa barros,Costa Barros
01444191-2022,2022,Homicídio Provocado por Projétil de Arma de Fogo,Homicídio doloso,Costa barros,Costa Barros
65809351-2022,2022,Homicídio Provocado por Projétil de Arma de Fogo,Homicídio doloso,Copacabana,Copacabana
76306641-2022,2022,Homicídio Provocado por Projétil de Arma de Fogo,Homicídio doloso,Copacabana,Copacabana
76541221-2022,2022,Homicídio Provocado por Projétil de Arma de Fogo,Homicídio doloso,Barra da tijuca,Barra da Tijuca
76541221-2022,2022,Homicídio Provocado por Projétil de Arma de Fogo,Homicídio doloso,Barra da tijuca,Barra da Tijuca
34370381-2022,2022,Morte por Intervenção de Agente do Estado,Morte por intervenção de agente do Estado,Vigario geral,Vigário Geral
54512781-2022,2022,Morte por Intervenção de Agente do Estado,Morte por intervenção de agente do Estado,Bras de pina,Brás de Pina
13809901-2022,2022,Homicídio Provocado por Projétil de Arma de Fogo,Homicídio doloso,Paciencia,Paciência
36503091-2022,2022,Homicídio Provocado por Projétil de Arma de Fogo,Homicídio doloso,Itanhanga,Itanhangá
37222911-2022,2022,Homicídio Provocado por Emprego de Arma Branca,Homicídio doloso,Rocinha,Rocinha
33132521-2022,2022,Homicídio Provocado por Projétil de Arma de Fogo,Homicídio doloso,Magalhaes bastos,Magalhães Bastos
52677211-2022,2022,Homicídio Provocado por Projétil de Arma de Fogo,Homicídio doloso,Engenheiro leal,Engenheiro Leal
52677211-2022,2022,Homicídio Provocado por Projétil de Arma de Fogo,Homicídio doloso,Engenheiro leal,Engenheiro Leal
97901961-2022,2022,Homicídio Provocado por Asfixia,Homicídio doloso,Grumari,Grumari
03616241-2022,2022,Homicídio (outros),Homicídio doloso,Laranjeiras,Laranjeiras
34101891-2022,2022,Morte por Intervenção de Agente do Estado,Morte por intervenção de agente do Estado,Pitangueiras,Pitangueiras
34101891-2022,2022,Morte por Intervenção de Agente do Estado,Morte por intervenção de agente do Estado,Pitangueiras,Pitangueiras
42537881-2022,2022,Homicídio Provocado por Asfixia,Homicídio doloso,Engenho novo,Engenho Novo
57131141-2022,2022,Homicídio Provocado por Projétil de Arma de Fogo,Homicídio doloso,Mare,Maré
66955971-2022,2022,Homicídio Provocado por Projétil de Arma de Fogo,Homicídio doloso,Catumbi,Catumbi
67769141-2022,2022,Morte por Intervenção de Agente do Estado,Morte por intervenção de agente do Estado,Todos os santos,Todos os Santos
68833961-2022,2022,Morte por Intervenção de Agente do Estado,Morte por intervenção de agente do Estado,Vila isabel,Vila Isabel
92155661-2022,2022,Morte por Intervenção de Agente do Estado,Morte por intervenção de agente do Estado,Costa barros,Costa Barros
97651641-2022,2022,Morte por Intervenção de Agente do Estado,Morte por intervenção de agente do Estado,Cordovil,Cordovil
66461301-2022,2022,Homicídio Provocado por Paulada,Homicídio doloso,Centro,Centro
75092181-2022,2022,Homicídio (outros),Homicídio doloso,Paciencia,Paciência
92419441-2022,2022,Homicídio (outros),Homicídio doloso,Jacarepagua,Jacarepaguá
68825891-2022,2022,Morte por Intervenção de Agente do Estado,Morte por intervenção de agente do Estado,Penha,Penha
93686581-2022,2022,Homicídio (outros),Homicídio doloso,Costa barros,Costa Barros
21494311-2022,2022,Homicídio Provocado por Projétil de Arma de Fogo,Homicídio doloso,Vicente de carvalho,Vicente de Carvalho
93409941-2022,2022,Homicídio Provocado por Emprego de Arma Branca,Homicídio doloso,Pedra de guaratiba,Pedra de Guaratiba
96017701-2022,2022,Homicídio Provocado por Projétil de Arma de Fogo,Homicídio doloso,Vaz lobo,Vaz Lobo
98682451-2022,2022,Morte por Intervenção de Agente do Estado,Morte por intervenção de agente do Estado,Senador camara,Senador Camará
72473401-2022,2022,Homicídio (outros),Homicídio doloso,Vicente de carvalho,Vicente de Carvalho
52255341-2022,2022,Homicídio Provocado por Projétil de Arma de Fogo,Homicídio doloso,Bonsucesso,Bonsucesso
98609541-2022,2022,Homicídio Provocado por Asfixia,Homicídio doloso,Costa barros,Costa Barros
39370211-2022,2022,Homicídio (outros),Homicídio doloso,Manguinhos,Manguinhos
96853471-2022,2022,Homicídio Provocado por Projétil de Arma de Fogo,Homicídio doloso,Realengo,Realengo
74159271-2022,2022,Homicídio Provocado por Projétil de Arma de Fogo,Homicídio doloso,Tomas coelho,Tomás Coelho
14539321-2022,2022,Homicídio Provocado por Projétil de Arma de Fogo,Homicídio doloso,Rocha miranda,Rocha Miranda
33871622-2022,2022,Homicídio Provocado por Projétil de Arma de Fogo,Homicídio doloso,Vila do joao,Maré
13864711-2022,2022,Homicídio Provocado por Projétil de Arma de Fogo,Homicídio doloso,Del castilho,Del Castilho
32645641-2022,2022,Morte por Intervenção de Agente do Estado,Morte por intervenção de agente do Estado,Rocha miranda,Rocha Miranda
62675101-2022,2022,Homicídio (outros),Homicídio doloso,Jacare,Jacaré
50414631-2022,2022,Roubo Seguido de Morte Provocado por Projétil de Arma de Fogo,Latrocínio (Roubo seguido de morte),Rio comprido,Rio Comprido
33749361-2022,2022,Homicídio Provocado por Projétil de Arma de Fogo,Homicídio doloso,Praca seca,Praça Seca
64684931-2022,2022,Homicídio (outros),Homicídio doloso,Santa cruz,Santa Cruz
92327861-2022,2022,Homicídio (outros),Homicídio doloso,Inhauma,Inhaúma
94364141-2022,2022,Homicídio Provocado por Emprego de Arma Branca,Homicídio doloso,Realengo,Realengo
95500441-2022,2022,Homicídio Provocado por Paulada,Homicídio doloso,Senador vasconcelos,Senador Vasconcelos
97900881-2022,2022,Morte por Intervenção de Agente do Estado,Morte por intervenção de agente do Estado,Praca seca,Praça Seca
47851171-2022,2022,Homicídio Provocado por Projétil de Arma de Fogo,Homicídio doloso,Penha circular,Penha Circular
64552761-2022,2022,Morte por Intervenção de Agente do Estado,Morte por intervenção de agente do Estado,Vila cosmos,Vila Kosmos
64552761-2022,2022,Morte por Intervenção de Agente do Estado,Morte por intervenção de agente do Estado,Vila cosmos,Vila Kosmos
10946481-2022,2022,Homicídio (outros),Homicídio doloso,Penha,Penha
14311081-2022,2022,Homicídio Provocado por Projétil de Arma de Fogo,Homicídio doloso,Sepetiba,Sepetiba
16798531-2022,2022,Homicídio Provocado por Emprego de Arma Branca,Homicídio doloso,Freguesia (jacarepagua),Freguesia (Jacarepaguá)
26457061-2022,2022,Homicídio Provocado por Projétil de Arma de Fogo,Homicídio doloso,Tijuca,Tijuca
65145501-2022,2022,Homicídio (outros),Homicídio doloso,Mare,Maré
79845161-2022,2022,Morte por Intervenção de Agente do Estado,Morte por intervenção de agente do Estado,Barros filho,Barros Filho
83517361-2022,2022,Morte por Intervenção de Agente do Estado,Morte por intervenção de agente do Estado,Guadalupe,Guadalupe
26672911-2022,2022,Homicídio Provocado por Projétil de Arma de Fogo,Homicídio doloso,Bangu,Bangu
29703731-2022,2022,Homicídio Provocado por Projétil de Arma de Fogo,Homicídio doloso,Meier,Méier
39372021-2022,2022,Homicídio (outros),Homicídio doloso,Cidade nova,Cidade Nova
86649301-2022,2022,Homicídio Provocado por Paulada,Homicídio doloso,Mare,Maré
29195841-2022,2022,Homicídio Provocado por Projétil de Arma de Fogo,Homicídio doloso,Bras de pina,Brás de Pina
40874041-2022,2022,Homicídio Provocado por Projétil de Arma de Fogo,Homicídio doloso,Colegio,Colégio
10845941-2022,2022,Homicídio Provocado por Projétil de Arma de Fogo,Homicídio doloso,Colegio,Colégio
60707091-2022,2022,Homicídio Provocado por Projétil de Arma de Fogo,Homicídio doloso,Iraja,Irajá
92948111-2022,2022,Morte por Intervenção de Agente do Estado,Morte por intervenção de agente do Estado,Jacarezinho,Jacarezinho
04438091-2022,2022,Morte por Intervenção de Agente do Estado,Morte por intervenção de agente do Estado,Campo grande,Campo Grande
43386461-2022,2022,Homicídio Provocado por Projétil de Arma de Fogo,Homicídio doloso,Realengo,Realengo
89664461-2022,2022,Homicídio Provocado por Projétil de Arma de Fogo,Homicídio doloso,Vigario geral,Vigário Geral
32208401-2022,2022,Homicídio Provocado por Emprego de Arma Branca,Homicídio doloso,Pedra de guaratiba,Pedra de Guaratiba
40438281-2022,2022,Homicídio (outros),Homicídio doloso,Caucaia,Cacuia
50901731-2022,2022,Homicídio Provocado por Projétil de Arma de Fogo,Homicídio doloso,Fazenda botafogo,Coelho Neto
65706141-2022,2022,Morte por Intervenção de Agente do Estado,Morte por intervenção de agente do Estado,Acari,Acari
31949691-2022,2022,Homicídio Provocado por Projétil de Arma de Fogo,Homicídio doloso,Iraja,Irajá
48923711-2022,2022,Homicídio Provocado por Projétil de Arma de Fogo,Homicídio doloso,Acari,Acari
58539291-2022,2022,Homicídio (outros),Homicídio doloso,Cascadura,Cascadura
64548211-2022,2022,Homicídio Provocado por Projétil de Arma de Fogo,Homicídio doloso,Praca seca,Praça Seca
82259551-2022,2022,Homicídio Provocado por Projétil de Arma de Fogo,Homicídio doloso,Vaz lobo,Vaz Lobo
90112021-2022,2022,Homicídio Provocado por Projétil de Arma de Fogo,Homicídio doloso,Cascadura,Cascadura
92998881-2022,2022,Homicídio Provocado por Projétil de Arma de Fogo,Homicídio doloso,Senador vasconcelos,Senador Vasconcelos
44771431-2022,2022,Homicídio Provocado por Projétil de Arma de Fogo,Homicídio doloso,Jacarepagua,Jacarepaguá
53402502-2022,2022,Homicídio (outros),Homicídio doloso,Madureira,Madureira
40123501-2022,2022,Homicídio (outros),Homicídio doloso,Guaratiba,Guaratiba
86788481-2022,2022,Homicídio Provocado por Projétil de Arma de Fogo,Homicídio doloso,Senador camara,Senador Camará
56232531-2022,2022,Morte por Intervenção de Agente do Estado,Morte por intervenção de agente do Estado,Sao cristovao,São Cristóvão
64657902-2022,2022,Homicídio (outros),Homicídio doloso,Tomas coelho,Tomás Coelho
66454941-2022,2022,Morte por Intervenção de Agente do Estado,Morte por intervenção de agente do Estado,Realengo,Realengo
82191381-2022,2022,Morte por Intervenção de Agente do Estado,Morte por intervenção de agente do Estado,Bonsucesso,Bonsucesso
13271101-2022,2022,Morte por Intervenção de Agente do Estado,Morte por intervenção de agente do Estado,Caju,Caju
36442551-2022,2022,Homicídio Provocado por Projétil de Arma de Fogo,Homicídio doloso,Ilha de guaratiba,Guaratiba
12851911-2022,2022,Homicídio Provocado por Emprego de Arma Branca,Homicídio doloso,Jardim america,Jardim América
13643031-2022,2022,Homicídio (outros),Homicídio doloso,Vargem grande,Vargem Grande
02445641-2022,2022,Homicídio Provocado por Projétil de Arma de Fogo,Homicídio doloso,Complexo do alemao,Complexo do Alemão
62401641-2022,2022,Homicídio Provocado por Projétil de Arma de Fogo,Homicídio doloso,Jacare,Jacaré
64619131-2022,2022,Lesão Corporal Seguida de Morte (outros),Lesão corporal seguida de morte,Barros filho,Barros Filho
97329911-2022,2022,Morte por Intervenção de Agente do Estado,Morte por intervenção de agente do Estado,Itacolomi,Galeão
10221781-2022,2022,Homicídio Provocado por Projétil de Arma de Fogo,Homicídio doloso,Guaratiba,Guaratiba
13010091-2022,2022,Morte por Intervenção de Agente do Estado,Morte por intervenção de agente do Estado,Agua santa,Água Santa
32140981-2022,2022,Morte por Intervenção de Agente do Estado,Morte por intervenção de agente do Estado,Bangu,Bangu
91656691-2022,2022,Morte por Intervenção de Agente do Estado,Morte por intervenção de agente do Estado,Marechal hermes,Marechal Hermes
62027231-2022,2022,Morte por Intervenção de Agente do Estado,Morte por intervenção de agente do Estado,Honorio gurgel,Honório Gurgel
06081841-2022,2022,Morte por Intervenção de Agente do Estado,Morte por intervenção de agente do Estado,Rio comprido,Rio Comprido
22659121-2022,2022,Homicídio Provocado por Projétil de Arma de Fogo,Homicídio doloso,Vaz lobo,Vaz Lobo
23156461-2022,2022,Homicídio Provocado por Projétil de Arma de Fogo,Homicídio doloso,Ramos,Ramos
28771551-2022,2022,Homicídio Provocado por Projétil de Arma de Fogo,Homicídio doloso,Parque anchieta,Parque Anchieta
73101491-2022,2022,Homicídio Provocado por Projétil de Arma de Fogo,Homicídio doloso,Praca da bandeira,Praça da Bandeira
06741532-2022,2022,Homicídio Provocado por Projétil de Arma de Fogo,Homicídio doloso,Taquara,Taquara
06741532-2022,2022,Homicídio Provocado por Projétil de Arma de Fogo,Homicídio doloso,Taquara,Taquara
66459041-2022,2022,Morte por Intervenção de Agente do Estado,Morte por intervenção de agente do Estado,Bangu,Bangu
49739551-2022,2022,Homicídio Provocado por Projétil de Arma de Fogo,Homicídio doloso,Parada de lucas,Parada de Lucas
29837201-2022,2022,Morte por Intervenção de Agente do Estado,Morte por intervenção de agente do Estado,Jardim america,Jardim América
42005891-2022,2022,Morte por Intervenção de Agente do Estado,Morte por intervenção de agente do Estado,Santissimo,Santíssimo
56704501-2022,2022,Homicídio Provocado por Projétil de Arma de Fogo,Homicídio doloso,Jardim america,Jardim América
90304001-2022,2022,Morte por Intervenção de Agente do Estado,Morte por intervenção de agente do Estado,Padre miguel,Padre Miguel
55316792-2022,2022,Morte por Intervenção de Agente do Estado,Morte por intervenção de agente do Estado,Marechal hermes,Marechal Hermes
55316792-2022,2022,Morte por Intervenção de Agente do Estado,Morte por intervenção de agente do Estado,Marechal hermes,Marechal Hermes
63227211-2022,2022,Morte por Intervenção de Agente do Estado,Morte por intervenção de agente do Estado,Realengo,Realengo
50845301-2022,2022,Homicídio Provocado por Projétil de Arma de Fogo,Homicídio doloso,Coelho neto,Coelho Neto
08643551-2022,2022,Homicídio Provocado por Projétil de Arma de Fogo,Homicídio doloso,Colegio,Colégio
16870411-2022,2022,Morte por Intervenção de Agente do Estado,Morte por intervenção de agente do Estado,Comunidade do barbante - ilha,Galeão
77638691-2022,2022,Morte por Intervenção de Agente do Estado,Morte por intervenção de agente do Estado,Guadalupe,Guadalupe
17624301-2022,2022,Homicídio Provocado por Projétil de Arma de Fogo,Homicídio doloso,Andarai,Andaraí
10253791-2022,2022,Morte por Intervenção de Agente do Estado,Morte por intervenção de agente do Estado,Pavuna,Pavuna
26649391-2022,2022,Morte por Intervenção de Agente do Estado,Morte por intervenção de agente do Estado,Coelho neto,Coelho Neto
97316431-2022,2022,Morte por Intervenção de Agente do Estado,Morte por intervenção de agente do Estado,Vigario geral,Vigário Geral
47007051-2022,2022,Morte por Intervenção de Agente do Estado,Morte por intervenção de agente do Estado,Realengo,Realengo
48514281-2022,2022,Morte por Intervenção de Agente do Estado,Morte por intervenção de agente do Estado,Penha circular,Penha Circular
48514281-2022,2022,Morte por Intervenção de Agente do Estado,Morte por intervenção de agente do Estado,Penha circular,Penha Circular
48514281-2022,2022,Morte por Intervenção de Agente do Estado,Morte por intervenção de agente do Estado,Penha circular,Penha Circular
48514281-2022,2022,Morte por Intervenção de Agente do Estado,Morte por intervenção de agente do Estado,Penha circular,Penha Circular
48514281-2022,2022,Morte por Intervenção de Agente do Estado,Morte por intervenção de agente do Estado,Penha circular,Penha Circular
48514281-2022,2022,Morte por Intervenção de Agente do Estado,Morte por intervenção de agente do Estado,Penha circular,Penha Circular
48514281-2022,2022,Morte por Intervenção de Agente do Estado,Morte por intervenção de agente do Estado,Penha circular,Penha Circular
48514281-2022,2022,Morte por Intervenção de Agente do Estado,Morte por intervenção de agente do Estado,Penha circular,Penha Circular
48514281-2022,2022,Morte por Intervenção de Agente do Estado,Morte por intervenção de agente do Estado,Penha circular,Penha Circular
48514281-2022,2022,Morte por Intervenção de Agente do Estado,Morte por intervenção de agente do Estado,Penha circular,Penha Circular
52077841-2022,2022,Homicídio Provocado por Projétil de Arma de Fogo,Homicídio doloso,Penha,Penha
64701851-2022,2022,Morte por Intervenção de Agente do Estado,Morte por intervenção de agente do Estado,Penha,Penha
64701851-2022,2022,Morte por Intervenção de Agente do Estado,Morte por intervenção de agente do Estado,Penha,Penha
64701851-2022,2022,Morte por Intervenção de Agente do Estado,Morte por intervenção de agente do Estado,Penha,Penha
64701851-2022,2022,Morte por Intervenção de Agente do Estado,Morte por intervenção de agente do Estado,Penha,Penha
64701851-2022,2022,Morte por Intervenção de Agente do Estado,Morte por intervenção de agente do Estado,Penha,Penha
64701851-2022,2022,Morte por Intervenção de Agente do Estado,Morte por intervenção de agente do Estado,Penha,Penha
64701851-2022,2022,Morte por Intervenção de Agente do Estado,Morte por intervenção de agente do Estado,Penha,Penha
64701851-2022,2022,Morte por Intervenção de Agente do Estado,Morte por intervenção de agente do Estado,Penha,Penha
64701851-2022,2022,Morte por Intervenção de Agente do Estado,Morte por intervenção de agente do Estado,Penha,Penha
64701851-2022,2022,Morte por Intervenção de Agente do Estado,Morte por intervenção de agente do Estado,Penha,Penha
65559861-2022,2022,Homicídio Provocado por Projétil de Arma de Fogo,Homicídio doloso,Penha circular,Penha Circular
67928121-2022,2022,Homicídio Provocado por Projétil de Arma de Fogo,Homicídio doloso,Ramos,Ramos
72297261-2022,2022,Homicídio Provocado por Projétil de Arma de Fogo,Homicídio doloso,Penha,Penha
85953481-2022,2022,Homicídio Provocado por Projétil de Arma de Fogo,Homicídio doloso,Vicente de carvalho,Vicente de Carvalho
27407661-2022,2022,Homicídio Provocado por Projétil de Arma de Fogo,Homicídio doloso,Barros filho,Barros Filho
32169621-2022,2022,Homicídio Provocado por Projétil de Arma de Fogo,Homicídio doloso,Jacarepagua,Jacarepaguá
30127441-2022,2022,Homicídio Provocado por Projétil de Arma de Fogo,Homicídio doloso,Oswaldo cruz,Oswaldo Cruz
30127441-2022,2022,Homicídio Provocado por Projétil de Arma de Fogo,Homicídio doloso,Oswaldo cruz,Oswaldo Cruz
95665211-2022,2022,Roubo Seguido de Morte Provocado por Projétil de Arma de Fogo,Latrocínio (Roubo seguido de morte),Meier,Méier
34692741-2022,2022,Homicídio Provocado por Paulada,Homicídio doloso,Senador camara,Senador Camará
43434071-2022,2022,Morte por Intervenção de Agente do Estado,Morte por intervenção de agente do Estado,Senador camara,Senador Camará
43434071-2022,2022,Morte por Intervenção de Agente do Estado,Morte por intervenção de agente do Estado,Senador camara,Senador Camará
65268591-2022,2022,Homicídio Provocado por Projétil de Arma de Fogo,Homicídio doloso,Vargem grande,Vargem Grande
83240171-2022,2022,Homicídio Provocado por Projétil de Arma de Fogo,Homicídio doloso,Vila isabel,Vila Isabel
86418711-2022,2022,Homicídio Provocado por Paulada,Homicídio doloso,Vila isabel,Vila Isabel
02975381-2022,2022,Homicídio Provocado por Projétil de Arma de Fogo,Homicídio doloso,Pavuna,Pavuna
27451411-2022,2022,Roubo Seguido de Morte Provocado por Projétil de Arma de Fogo,Latrocínio (Roubo seguido de morte),Pavuna,Pavuna
51662971-2022,2022,Morte por Intervenção de Agente do Estado,Morte por intervenção de agente do Estado,Realengo,Realengo
17955211-2022,2022,Roubo Seguido de Morte Provocado por Arma Branca,Latrocínio (Roubo seguido de morte),Maria da graca,Maria da Graça
22370921-2022,2022,Roubo Seguido de Morte Provocado por Projétil de Arma de Fogo,Latrocínio (Roubo seguido de morte),Inhauma,Inhaúma
29065081-2022,2022,Homicídio (outros),Homicídio doloso,Cidade universitaria,Cidade Universitária
89373971-2022,2022,Homicídio Provocado por Projétil de Arma de Fogo,Homicídio doloso,Realengo,Realengo
43235651-2022,2022,Morte por Intervenção de Agente do Estado,Morte por intervenção de agente do Estado,Engenho de dentro,Engenho de Dentro
43235651-2022,2022,Morte por Intervenção de Agente do Estado,Morte por intervenção de agente do Estado,Engenho de dentro,Engenho de Dentro
91621331-2022,2022,Homicídio (outros),Homicídio doloso,Thomas coelho,Tomás Coelho
91621331-2022,2022,Homicídio (outros),Homicídio doloso,Thomas coelho,Tomás Coelho
42777131-2022,2022,Morte por Intervenção de Agente do Estado,Morte por intervenção de agente do Estado,Tijuca,Tijuca
54987321-2022,2022,Homicídio (outros),Homicídio doloso,Estacio,Estácio
03267821-2022,2022,Homicídio Provocado por Projétil de Arma de Fogo,Homicídio doloso,Penha circular,Penha Circular
20974581-2022,2022,Homicídio Provocado por Asfixia,Homicídio doloso,Santissimo,Santíssimo
41979761-2022,2022,Homicídio Provocado por Projétil de Arma de Fogo,Homicídio doloso,Rio das pedras - jacarepagua,Jacarepaguá
50826851-2022,2022,Roubo Seguido de Morte (outros),Latrocínio (Roubo seguido de morte),Flamengo,Flamengo
50826851-2022,2022,Roubo Seguido de Morte (outros),Latrocínio (Roubo seguido de morte),Flamengo,Flamengo
36564581-2022,2022,Homicídio (outros),Homicídio doloso,Bangu,Bangu
50635411-2022,2022,Morte por Intervenção de Agente do Estado,Morte por intervenção de agente do Estado,Grajau,Grajaú
52130201-2022,2022,Homicídio Provocado por Projétil de Arma de Fogo,Homicídio doloso,Senador camara,Senador Camará
78986291-2022,2022,Homicídio Provocado por Projétil de Arma de Fogo,Homicídio doloso,Iraja,Irajá
87869591-2022,2022,Homicídio Provocado por Projétil de Arma de Fogo,Homicídio doloso,Bras de pina,Brás de Pina
98125811-2022,2022,Homicídio Provocado por Projétil de Arma de Fogo,Homicídio doloso,Taquara,Taquara
02379151-2022,2022,Roubo Seguido de Morte Provocado por Projétil de Arma de Fogo,Latrocínio (Roubo seguido de morte),Deodoro,Deodoro
32006841-2022,2022,Homicídio (outros),Homicídio doloso,Madureira,Madureira
27943221-2022,2022,Homicídio Provocado por Projétil de Arma de Fogo,Homicídio doloso,Estacio.,Estácio
44922411-2022,2022,Homicídio Provocado por Projétil de Arma de Fogo,Homicídio doloso,Campo grande,Campo Grande
62827391-2022,2022,Homicídio (outros),Homicídio doloso,Realengo,Realengo
66730382-2022,2022,Morte por Intervenção de Agente do Estado,Morte por intervenção de agente do Estado,Campo grande,Campo Grande
86150171-2022,2022,Homicídio (outros),Homicídio doloso,Vicente de carvalho,Vicente de Carvalho
29064241-2022,2022,Morte por Intervenção de Agente do Estado,Morte por intervenção de agente do Estado,Engenho novo,Engenho Novo
64748571-2022,2022,Morte por Intervenção de Agente do Estado,Morte por intervenção de agente do Estado,Del castilho,Del Castilho
95011751-2022,2022,Morte por Intervenção de Agente do Estado,Morte por intervenção de agente do Estado,Pilares,Pilares
30387061-2022,2022,Homicídio Provocado por Projétil de Arma de Fogo,Homicídio doloso,Vila isabel,Vila Isabel
49699761-2022,2022,Morte por Intervenção de Agente do Estado,Morte por intervenção de agente do Estado,Taquara,Taquara
96498451-2022,2022,Homicídio Provocado por Projétil de Arma de Fogo,Homicídio doloso,Meier,Méier
59886971-2022,2022,Homicídio Provocado por Projétil de Arma de Fogo,Homicídio doloso,Cordovil,Cordovil
18508781-2022,2022,Homicídio Provocado por Projétil de Arma de Fogo,Homicídio doloso,Piedade,Piedade
84736951-2022,2022,Homicídio Provocado por Projétil de Arma de Fogo,Homicídio doloso,Guadalupe,Guadalupe
41439111-2022,2022,Homicídio (outros),Homicídio doloso,Bangu,Bangu
21573401-2022,2022,Homicídio Provocado por Projétil de Arma de Fogo,Homicídio doloso,Coelho neto,Coelho Neto
29645451-2022,2022,Homicídio Provocado por Projétil de Arma de Fogo,Homicídio doloso,Realengo,Realengo
24395521-2022,2022,Morte por Intervenção de Agente do Estado,Morte por intervenção de agente do Estado,Portuguesa,Portuguesa
29437321-2022,2022,Roubo Seguido de Morte Provocado por Projétil de Arma de Fogo,Latrocínio (Roubo seguido de morte),Marechal hermes,Marechal Hermes
77488301-2022,2022,Morte por Intervenção de Agente do Estado,Morte por intervenção de agente do Estado,Vicente de carvalho,Vicente de Carvalho
93875771-2022,2022,Homicídio (outros),Homicídio doloso,Iraja,Irajá
36967161-2022,2022,Homicídio Provocado por Projétil de Arma de Fogo,Homicídio doloso,Ricardo de albuquerque,Ricardo de Albuquerque
45019981-2022,2022,Morte por Intervenção de Agente do Estado,Morte por intervenção de agente do Estado,Centro,Centro
21332351-2022,2022,Roubo Seguido de Morte Provocado por Projétil de Arma de Fogo,Latrocínio (Roubo seguido de morte),Inhauma,Inhaúma
31555051-2022,2022,Homicídio Provocado por Projétil de Arma de Fogo,Homicídio doloso,Realengo,Realengo
40257311-2022,2022,Homicídio Provocado por Projétil de Arma de Fogo,Homicídio doloso,Itanhanga,Itanhangá
17591121-2022,2022,Morte por Intervenção de Agente do Estado,Morte por intervenção de agente do Estado,Bras de pina,Brás de Pina
40691051-2022,2022,Morte por Intervenção de Agente do Estado,Morte por intervenção de agente do Estado,Tijuca,Tijuca
46905151-2022,2022,Homicídio Provocado por Projétil de Arma de Fogo,Homicídio doloso,Jacarepagua,Jacarepaguá
51502791-2022,2022,Homicídio (outros),Homicídio doloso,Freguesia (jacarepagua),Freguesia (Jacarepaguá)
54942961-2022,2022,Homicídio Provocado por Projétil de Arma de Fogo,Homicídio doloso,Taquara,Taquara
70942661-2022,2022,Homicídio (outros),Homicídio doloso,Pavuna,Pavuna
99565851-2022,2022,Morte por Intervenção de Agente do Estado,Morte por intervenção de agente do Estado,Piedade,Piedade
01306212-2022,2022,Homicídio Provocado por Projétil de Arma de Fogo,Homicídio doloso,Santissimo - campo grande,Santíssimo
20093741-2022,2022,Homicídio Provocado por Projétil de Arma de Fogo,Homicídio doloso,Penha,Penha
35153831-2022,2022,Homicídio Provocado por Projétil de Arma de Fogo,Homicídio doloso,Vicente de carvalho,Vicente de Carvalho
35153831-2022,2022,Homicídio Provocado por Projétil de Arma de Fogo,Homicídio doloso,Vicente de carvalho,Vicente de Carvalho
39637921-2022,2022,Homicídio Provocado por Emprego de Arma Branca,Homicídio doloso,Centro,Centro
58843131-2022,2022,Homicídio Provocado por Projétil de Arma de Fogo,Homicídio doloso,Vila kennedy,Bangu
73264731-2022,2022,Homicídio Provocado por Projétil de Arma de Fogo,Homicídio doloso,Santa cruz,Santa Cruz
82897761-2022,2022,Roubo Seguido de Morte (outros),Latrocínio (Roubo seguido de morte),Barra da tijuca,Barra da Tijuca
25606111-2022,2022,Homicídio Provocado por Projétil de Arma de Fogo,Homicídio doloso,Del castilho,Del Castilho
01610721-2022,2022,Homicídio Provocado por Projétil de Arma de Fogo,Homicídio doloso,Honorio gurgel,Honório Gurgel
41325501-2022,2022,Homicídio Provocado por Emprego de Arma Branca,Homicídio doloso,Cachambi,Cachambi
52147301-2022,2022,Homicídio Provocado por Projétil de Arma de Fogo,Homicídio doloso,Deodoro,Deodoro
66906481-2022,2022,Homicídio Provocado por Emprego de Arma Branca,Homicídio doloso,Centro,Centro
98979441-2022,2022,Homicídio Provocado por Projétil de Arma de Fogo,Homicídio doloso,Curicica,Curicica
32624661-2022,2022,Homicídio Provocado por Projétil de Arma de Fogo,Homicídio doloso,Oswaldo cruz,Oswaldo Cruz
69232571-2022,2022,Morte por Intervenção de Agente do Estado,Morte por intervenção de agente do Estado,Parada de lucas,Parada de Lucas
70792591-2022,2022,Homicídio (outros),Homicídio doloso,Barra de guaratiba,Barra de Guaratiba
71792091-2022,2022,Homicídio Provocado por Projétil de Arma de Fogo,Homicídio doloso,Vila joao,Maré
84967041-2022,2022,Homicídio Provocado por Projétil de Arma de Fogo,Homicídio doloso,Mare,Maré
37573611-2022,2022,Morte por Intervenção de Agente do Estado,Morte por intervenção de agente do Estado,Taquara,Taquara
44340131-2022,2022,Homicídio Provocado por Projétil de Arma de Fogo,Homicídio doloso,Anchieta,Anchieta
58145831-2022,2022,Morte por Intervenção de Agente do Estado,Morte por intervenção de agente do Estado,Ricardo de albuquerque,Ricardo de Albuquerque
64312631-2022,2022,Morte por Intervenção de Agente do Estado,Morte por intervenção de agente do Estado,Jardim america,Jardim América
02910621-2022,2022,Morte por Intervenção de Agente do Estado,Morte por intervenção de agente do Estado,Caju,Caju
02910621-2022,2022,Morte por Intervenção de Agente do Estado,Morte por intervenção de agente do Estado,Caju,Caju
02910621-2022,2022,Morte por Intervenção de Agente do Estado,Morte por intervenção de agente do Estado,Caju,Caju
41192781-2022,2022,Morte por Intervenção de Agente do Estado,Morte por intervenção de agente do Estado,Anchieta,Anchieta
51974671-2022,2022,Homicídio Provocado por Projétil de Arma de Fogo,Homicídio doloso,Cascadura,Cascadura
53478861-2022,2022,Homicídio Provocado por Projétil de Arma de Fogo,Homicídio doloso,Quintino bocaiuva,Quintino Bocaiúva
63257281-2022,2022,Homicídio Provocado por Projétil de Arma de Fogo,Homicídio doloso,Penha,Penha
85429181-2022,2022,Homicídio Provocado por Projétil de Arma de Fogo,Homicídio doloso,Padre miguel,Padre Miguel
91214851-2022,2022,Homicídio Provocado por Projétil de Arma de Fogo,Homicídio doloso,Campo grande,Campo Grande
51291981-2022,2022,Homicídio (outros),Homicídio doloso,Engenho novo,Engenho Novo
57440211-2022,2022,Homicídio Provocado por Projétil de Arma de Fogo,Homicídio doloso,Tomas coelho,Tomás Coelho
63945041-2022,2022,Morte por Intervenção de Agente do Estado,Morte por intervenção de agente do Estado,Tanque,Tanque
22347001-2022,2022,Homicídio Provocado por Projétil de Arma de Fogo,Homicídio doloso,Sao cristovao,São Cristóvão
22347001-2022,2022,Homicídio Provocado por Projétil de Arma de Fogo,Homicídio doloso,Sao cristovao,São Cristóvão
38478701-2022,2022,Morte por Intervenção de Agente do Estado,Morte por intervenção de agente do Estado,Realengo,Realengo
94053891-2022,2022,Homicídio Provocado por Projétil de Arma de Fogo,Homicídio doloso,Tanque,Tanque
97474211-2022,2022,Homicídio (outros),Homicídio doloso,Conjunto tijolinho - sepetiba,Sepetiba
07934021-2022,2022,Morte por Intervenção de Agente do Estado,Morte por intervenção de agente do Estado,Barros filho,Barros Filho
73259161-2022,2022,Morte por Intervenção de Agente do Estado,Morte por intervenção de agente do Estado,Barros filho,Barros Filho
24092571-2022,2022,Homicídio (outros),Homicídio doloso,Marechal hermes,Marechal Hermes
03320891-2022,2022,Homicídio Provocado por Projétil de Arma de Fogo,Homicídio doloso,Sampaio,Sampaio
39559291-2022,2022,Homicídio Provocado por Projétil de Arma de Fogo,Homicídio doloso,Bangu,Bangu
84327501-2022,2022,Homicídio (outros),Homicídio doloso,Realengo,Realengo
86084341-2022,2022,Morte por Intervenção de Agente do Estado,Morte por intervenção de agente do Estado,Pavuna,Pavuna
86084341-2022,2022,Morte por Intervenção de Agente do Estado,Morte por intervenção de agente do Estado,Pavuna,Pavuna
17765511-2022,2022,Homicídio Provocado por Projétil de Arma de Fogo,Homicídio doloso,Meier,Méier
74225361-2022,2022,Morte por Intervenção de Agente do Estado,Morte por intervenção de agente do Estado,Meier,Méier
89189791-2022,2022,Homicídio (outros),Homicídio doloso,Santa cruz,Santa Cruz
20046261-2022,2022,Roubo Seguido de Morte Provocado por Projétil de Arma de Fogo,Latrocínio (Roubo seguido de morte),Sao cristovao,São Cristóvão
41126161-2022,2022,Morte por Intervenção de Agente do Estado,Morte por intervenção de agente do Estado,Praca seca,Praça Seca
47655281-2022,2022,Homicídio (outros),Homicídio doloso,Manguinhos,Manguinhos
77403731-2022,2022,Homicídio Provocado por Projétil de Arma de Fogo,Homicídio doloso,Bras de pina,Brás de Pina
42630021-2022,2022,Homicídio (outros),Homicídio doloso,Penha circular,Penha Circular
80982851-2022,2022,Homicídio Provocado por Emprego de Arma Branca,Homicídio doloso,Rocinha,Rocinha
17155902-2022,2022,Morte por Intervenção de Agente do Estado,Morte por intervenção de agente do Estado,Jacarepagua,Jacarepaguá
41676231-2022,2022,"Lesão Corporal Seguida de Morte Provocada por Socos, Tapas ou Pontapés",Lesão corporal seguida de morte,Campo grande,Campo Grande
01016741-2022,2022,Homicídio Provocado por Asfixia,Homicídio doloso,Santa cruz,Santa Cruz
14525891-2022,2022,Morte por Intervenção de Agente do Estado,Morte por intervenção de agente do Estado,Colegio,Colégio
17517861-2022,2022,Homicídio Provocado por Projétil de Arma de Fogo,Homicídio doloso,Coelho neto,Coelho Neto
35747611-2022,2022,Morte por Intervenção de Agente do Estado,Morte por intervenção de agente do Estado,Colegio,Colégio
90192761-2022,2022,Homicídio Provocado por Projétil de Arma de Fogo,Homicídio doloso,Padre miguel,Padre Miguel
92074111-2022,2022,Homicídio Provocado por Projétil de Arma de Fogo,Homicídio doloso,Ramos,Ramos
97704581-2022,2022,Homicídio Provocado por Emprego de Arma Branca,Homicídio doloso,Jacarepagua,Jacarepaguá
17217501-2022,2022,Morte por Intervenção de Agente do Estado,Morte por intervenção de agente do Estado,Benfica,Benfica
17217501-2022,2022,Morte por Intervenção de Agente do Estado,Morte por intervenção de agente do Estado,Benfica,Benfica
17217501-2022,2022,Morte por Intervenção de Agente do Estado,Morte por intervenção de agente do Estado,Benfica,Benfica
17217501-2022,2022,Morte por Intervenção de Agente do Estado,Morte por intervenção de agente do Estado,Benfica,Benfica
17217501-2022,2022,Morte por Intervenção de Agente do Estado,Morte por intervenção de agente do Estado,Benfica,Benfica
17217501-2022,2022,Morte por Intervenção de Agente do Estado,Morte por intervenção de agente do Estado,Benfica,Benfica
17217501-2022,2022,Morte por Intervenção de Agente do Estado,Morte por intervenção de agente do Estado,Benfica,Benfica
24415931-2022,2022,Homicídio Provocado por Projétil de Arma de Fogo,Homicídio doloso,Praca seca,Praça Seca
60425771-2022,2022,Homicídio (outros),Homicídio doloso,Padre miguel,Padre Miguel
63391731-2022,2022,Homicídio (outros),Homicídio doloso,Bonsucesso,Bonsucesso
78365571-2022,2022,Homicídio (outros),Homicídio doloso,Bonsucesso,Bonsucesso
78521731-2022,2022,Homicídio (outros),Homicídio doloso,Curicica,Curicica
87042001-2022,2022,Morte por Intervenção de Agente do Estado,Morte por intervenção de agente do Estado,Bangu,Bangu
99008941-2022,2022,Homicídio (outros),Homicídio doloso,Copacabana - tabajara,Copacabana
47025241-2022,2022,Morte por Intervenção de Agente do Estado,Morte por intervenção de agente do Estado,Inhauma,Inhaúma
63019261-2022,2022,Morte por Intervenção de Agente do Estado,Morte por intervenção de agente do Estado,Cidade de deus,Cidade de Deus
75345391-2022,2022,Homicídio Provocado por Projétil de Arma de Fogo,Homicídio doloso,Sao cristovao,São Cristóvão
08048211-2022,2022,Homicídio Provocado por Projétil de Arma de Fogo,Homicídio doloso,Campo grande,Campo Grande
87513661-2022,2022,Homicídio (outros),Homicídio doloso,Engenho da rainha,Engenho da Rainha
89800881-2022,2022,Homicídio Provocado por Projétil de Arma de Fogo,Homicídio doloso,Cosmos,Cosmos
89800881-2022,2022,Homicídio Provocado por Projétil de Arma de Fogo,Homicídio doloso,Cosmos,Cosmos
03970491-2022,2022,Homicídio (outros),Homicídio doloso,Leblon,Leblon
52226801-2022,2022,Morte por Intervenção de Agente do Estado,Morte por intervenção de agente do Estado,Lins,Lins de Vasconcelos
52998691-2022,2022,Homicídio Provocado por Projétil de Arma de Fogo,Homicídio doloso,Realengo,Realengo
70519101-2022,2022,Homicídio Provocado por Projétil de Arma de Fogo,Homicídio doloso,Sulacap,Jardim Sulacap
47030321-2022,2022,Homicídio Provocado por Projétil de Arma de Fogo,Homicídio doloso,Praca seca,Praça Seca
47030321-2022,2022,Homicídio Provocado por Projétil de Arma de Fogo,Homicídio doloso,Praca seca,Praça Seca
64104621-2022,2022,Homicídio Provocado por Emprego de Arma Branca,Homicídio doloso,Centro,Centro
98472001-2022,2022,Homicídio Provocado por Projétil de Arma de Fogo,Homicídio doloso,Senador camara,Senador Camará
13116541-2022,2022,Homicídio Provocado por Projétil de Arma de Fogo,Homicídio doloso,Guadalupe,Guadalupe
32134051-2022,2022,Morte por Intervenção de Agente do Estado,Morte por intervenção de agente do Estado,Barros filho,Barros Filho
32134051-2022,2022,Morte por Intervenção de Agente do Estado,Morte por intervenção de agente do Estado,Barros filho,Barros Filho
60460621-2022,2022,Morte por Intervenção de Agente do Estado,Morte por intervenção de agente do Estado,Centro,Centro
66064271-2022,2022,Morte por Intervenção de Agente do Estado,Morte por intervenção de agente do Estado,Bangu,Bangu
76633221-2022,2022,Homicídio (outros),Homicídio doloso,Campo grande,Campo Grande
76920841-2022,2022,Morte por Intervenção de Agente do Estado,Morte por intervenção de agente do Estado,Bangu,Bangu
65929161-2022,2022,Morte por Intervenção de Agente do Estado,Morte por intervenção de agente do Estado,Rio comprido,Rio Comprido
65929161-2022,2022,Morte por Intervenção de Agente do Estado,Morte por intervenção de agente do Estado,Rio comprido,Rio Comprido
12020441-2022,2022,Morte por Intervenção de Agente do Estado,Morte por intervenção de agente do Estado,Ramos,Ramos
12020441-2022,2022,Morte por Intervenção de Agente do Estado,Morte por intervenção de agente do Estado,Ramos,Ramos
12020441-2022,2022,Morte por Intervenção de Agente do Estado,Morte por intervenção de agente do Estado,Ramos,Ramos
12020441-2022,2022,Morte por Intervenção de Agente do Estado,Morte por intervenção de agente do Estado,Ramos,Ramos
12020441-2022,2022,Morte por Intervenção de Agente do Estado,Morte por intervenção de agente do Estado,Ramos,Ramos
12020441-2022,2022,Morte por Intervenção de Agente do Estado,Morte por intervenção de agente do Estado,Ramos,Ramos
12020441-2022,2022,Morte por Intervenção de Agente do Estado,Morte por intervenção de agente do Estado,Ramos,Ramos
12020441-2022,2022,Morte por Intervenção de Agente do Estado,Morte por intervenção de agente do Estado,Ramos,Ramos
12020441-2022,2022,Morte por Intervenção de Agente do Estado,Morte por intervenção de agente do Estado,Ramos,Ramos
12020441-2022,2022,Morte por Intervenção de Agente do Estado,Morte por intervenção de agente do Estado,Ramos,Ramos
12020441-2022,2022,Morte por Intervenção de Agente do Estado,Morte por intervenção de agente do Estado,Ramos,Ramos
12020441-2022,2022,Morte por Intervenção de Agente do Estado,Morte por intervenção de agente do Estado,Ramos,Ramos
12020441-2022,2022,Morte por Intervenção de Agente do Estado,Morte por intervenção de agente do Estado,Ramos,Ramos
12020441-2022,2022,Morte por Intervenção de Agente do Estado,Morte por intervenção de agente do Estado,Ramos,Ramos
15171791-2022,2022,Homicídio Provocado por Projétil de Arma de Fogo,Homicídio doloso,Complexo do alemao,Complexo do Alemão
55422531-2022,2022,Morte por Intervenção de Agente do Estado,Morte por intervenção de agente do Estado,Complexo do alemao,Complexo do Alemão
80236461-2022,2022,Homicídio Provocado por Projétil de Arma de Fogo,Homicídio doloso,Ramos,Ramos
80236461-2022,2022,Homicídio Provocado por Projétil de Arma de Fogo,Homicídio doloso,Ramos,Ramos
21688171-2022,2022,Homicídio Provocado por Projétil de Arma de Fogo,Homicídio doloso,Nova brasilia,Complexo do Alemão
39686371-2022,2022,Homicídio (outros),Homicídio doloso,Catete,Catete
17108551-2022,2022,Homicídio Provocado por Projétil de Arma de Fogo,Homicídio doloso,Parque anchieta,Parque Anchieta
76029891-2022,2022,Roubo Seguido de Morte Provocado por Arma Branca,Latrocínio (Roubo seguido de morte),Centro,Centro
96031061-2022,2022,Morte por Intervenção de Agente do Estado,Morte por intervenção de agente do Estado,Tanque,Tanque
03234171-2022,2022,Homicídio (outros),Homicídio doloso,Copacabana,Copacabana
18727571-2022,2022,Morte por Intervenção de Agente do Estado,Morte por intervenção de agente do Estado,Anchieta,Anchieta
61369351-2022,2022,Homicídio Provocado por Projétil de Arma de Fogo,Homicídio doloso,Vicente de carvalho,Vicente de Carvalho
48076601-2022,2022,Morte por Intervenção de Agente do Estado,Morte por intervenção de agente do Estado,Bangu,Bangu
96151661-2022,2022,Morte por Intervenção de Agente do Estado,Morte por intervenção de agente do Estado,Marechal hermes,Marechal Hermes
83255841-2022,2022,Morte por Intervenção de Agente do Estado,Morte por intervenção de agente do Estado,Marechal hermes,Marechal Hermes
92861291-2022,2022,Homicídio Provocado por Emprego de Arma Branca,Homicídio doloso,Penha,Penha
00403921-2022,2022,Homicídio (outros),Homicídio doloso,Padre miguel,Padre Miguel
30643691-2022,2022,Homicídio (outros),Homicídio doloso,Realengo,Realengo
12270921-2022,2022,Homicídio Provocado por Projétil de Arma de Fogo,Homicídio doloso,Santa cruz,Santa Cruz
40523731-2022,2022,Homicídio Provocado por Projétil de Arma de Fogo,Homicídio doloso,Del castilho,Del Castilho
97259791-2022,2022,Morte por Intervenção de Agente do Estado,Morte por intervenção de agente do Estado,Pavuna,Pavuna
02152791-2022,2022,Homicídio (outros),Homicídio doloso,Barra da tijuca,Barra da Tijuca
02431081-2022,2022,Morte por Intervenção de Agente do Estado,Morte por intervenção de agente do Estado,Anchieta,Anchieta
48853441-2022,2022,Homicídio Provocado por Projétil de Arma de Fogo,Homicídio doloso,Paciencia,Paciência
74704011-2022,2022,Homicídio Provocado por Projétil de Arma de Fogo,Homicídio doloso,Vicente de carvalho,Vicente de Carvalho
96821551-2022,2022,Morte por Intervenção de Agente do Estado,Morte por intervenção de agente do Estado,Jacarepagua,Jacarepaguá
30136141-2022,2022,Homicídio (outros),Homicídio doloso,Guaratiba,Guaratiba
56491831-2022,2022,Homicídio Provocado por Emprego de Arma Branca,Homicídio doloso,Guadalupe,Guadalupe
99659712-2022,2022,Morte por Intervenção de Agente do Estado,Morte por intervenção de agente do Estado,Vigario geral,Vigário Geral
38114191-2022,2022,Morte por Intervenção de Agente do Estado,Morte por intervenção de agente do Estado,Guadalupe,Guadalupe
63200791-2022,2022,Homicídio (outros),Homicídio doloso,Taua,Tauá
89138671-2022,2022,Homicídio Provocado por Projétil de Arma de Fogo,Homicídio doloso,Recreio dos bandeirantes,Recreio dos Bandeirantes
09961201-2022,2022,Homicídio (outros),Homicídio doloso,Ipanema,Ipanema
22609821-2022,2022,Homicídio Provocado por Projétil de Arma de Fogo,Homicídio doloso,Costa barros,Costa Barros
76212631-2022,2022,Roubo Seguido de Morte Provocado por Projétil de Arma de Fogo,Latrocínio (Roubo seguido de morte),Taquara,Taquara
12977881-2022,2022,Morte por Intervenção de Agente do Estado,Morte por intervenção de agente do Estado,Realengo,Realengo
12977881-2022,2022,Morte por Intervenção de Agente do Estado,Morte por intervenção de agente do Estado,Realengo,Realengo
14782361-2022,2022,Morte por Intervenção de Agente do Estado,Morte por intervenção de agente do Estado,Penha circular,Penha Circular
34095871-2022,2022,Morte por Intervenção de Agente do Estado,Morte por intervenção de agente do Estado,Costa barros,Costa Barros
01373141-2022,2022,Homicídio Provocado por Projétil de Arma de Fogo,Homicídio doloso,Bento ribeiro.,Bento Ribeiro
02554191-2022,2022,Homicídio Provocado por Projétil de Arma de Fogo,Homicídio doloso,Inhauma,Inhaúma
34762161-2022,2022,Morte por Intervenção de Agente do Estado,Morte por intervenção de agente do Estado,Estacio,Estácio
76556911-2022,2022,Roubo Seguido de Morte Provocado por Projétil de Arma de Fogo,Latrocínio (Roubo seguido de morte),Penha,Penha
56961901-2022,2022,Homicídio Provocado por Projétil de Arma de Fogo,Homicídio doloso,Taquara - jacarepagua,Taquara
41573121-2022,2022,Homicídio (outros),Homicídio doloso,Leblon,Leblon
42434371-2022,2022,Homicídio (outros),Homicídio doloso,Cosmos,Cosmos
61790891-2022,2022,Homicídio (outros),Homicídio doloso,Cascadura,Cascadura
66538891-2022,2022,Homicídio (outros),Homicídio doloso,Meier,Méier
89293521-2022,2022,Morte por Intervenção de Agente do Estado,Morte por intervenção de agente do Estado,Santa teresa,Santa Teresa
12894121-2022,2022,Homicídio Provocado por Projétil de Arma de Fogo,Homicídio doloso,Cascadura,Cascadura
47728991-2022,2022,Morte por Intervenção de Agente do Estado,Morte por intervenção de agente do Estado,Engenho de dentro,Engenho de Dentro
47728991-2022,2022,Morte por Intervenção de Agente do Estado,Morte por intervenção de agente do Estado,Engenho de dentro,Engenho de Dentro
97625271-2022,2022,Homicídio Provocado por Projétil de Arma de Fogo,Homicídio doloso,Senador camara,Senador Camará
21305861-2022,2022,Morte por Intervenção de Agente do Estado,Morte por intervenção de agente do Estado,Mare,Maré
25438631-2022,2022,Homicídio Provocado por Projétil de Arma de Fogo,Homicídio doloso,Vicente de carvalho,Vicente de Carvalho
60006451-2022,2022,Homicídio Provocado por Projétil de Arma de Fogo,Homicídio doloso,Vila do joao,Maré
19351731-2022,2022,Lesão Corporal Seguida de Morte (outros),Lesão corporal seguida de morte,Complexo da mare,Maré
36698141-2022,2022,Homicídio Provocado por Projétil de Arma de Fogo,Homicídio doloso,Ricardo de albuquerque,Ricardo de Albuquerque
54212591-2022,2022,Morte por Intervenção de Agente do Estado,Morte por intervenção de agente do Estado,Jardim america,Jardim América
88090051-2022,2022,Homicídio Provocado por Paulada,Homicídio doloso,Centro,Centro
91436101-2022,2022,Morte por Intervenção de Agente do Estado,Morte por intervenção de agente do Estado,Maracana,Maracanã
72169572-2022,2022,Morte por Intervenção de Agente do Estado,Morte por intervenção de agente do Estado,Leblon,Leblon
05552741-2022,2022,Homicídio (outros),Homicídio doloso,Portuguesa,Portuguesa
10978061-2022,2022,Homicídio Provocado por Projétil de Arma de Fogo,Homicídio doloso,Penha,Penha
32131731-2022,2022,Homicídio Provocado por Projétil de Arma de Fogo,Homicídio doloso,Rocha miranda,Rocha Miranda
09860841-2022,2022,Morte por Intervenção de Agente do Estado,Morte por intervenção de agente do Estado,Manguinhos,Manguinhos
24474031-2022,2022,Morte por Intervenção de Agente do Estado,Morte por intervenção de agente do Estado,Cordovil,Cordovil
48538381-2022,2022,Morte por Intervenção de Agente do Estado,Morte por intervenção de agente do Estado,Madureira,Madureira
04170561-2022,2022,Homicídio Provocado por Paulada,Homicídio doloso,Bangu,Bangu
21969061-2022,2022,Homicídio Provocado por Emprego de Arma Branca,Homicídio doloso,Itanhanga,Itanhangá
71625361-2022,2022,Homicídio (outros),Homicídio doloso,Honorio gurgel,Honório Gurgel
36453461-2022,2022,Homicídio (outros),Homicídio doloso,Anchieta,Anchieta
37492871-2022,2022,Homicídio Provocado por Projétil de Arma de Fogo,Homicídio doloso,Penha,Penha
40788371-2022,2022,Morte por Intervenção de Agente do Estado,Morte por intervenção de agente do Estado,Del castilho,Del Castilho
88760621-2022,2022,Homicídio Provocado por Projétil de Arma de Fogo,Homicídio doloso,Penha,Penha
09866761-2022,2022,Homicídio Provocado por Projétil de Arma de Fogo,Homicídio doloso,Mare,Maré
09866761-2022,2022,Homicídio Provocado por Projétil de Arma de Fogo,Homicídio doloso,Mare,Maré
09866761-2022,2022,Homicídio Provocado por Projétil de Arma de Fogo,Homicídio doloso,Mare,Maré
40721681-2022,2022,Morte por Intervenção de Agente do Estado,Morte por intervenção de agente do Estado,Vila isabel,Vila Isabel
48247121-2022,2022,Homicídio Provocado por Projétil de Arma de Fogo,Homicídio doloso,Anchieta,Anchieta
82105421-2022,2022,Morte por Intervenção de Agente do Estado,Morte por intervenção de agente do Estado,Manguinhos,Manguinhos
75890301-2022,2022,Homicídio Provocado por Projétil de Arma de Fogo,Homicídio doloso,Sao cristovao,São Cristóvão
41917471-2022,2022,Homicídio Provocado por Projétil de Arma de Fogo,Homicídio doloso,Guadalupe,Guadalupe
45097991-2022,2022,Homicídio Provocado por Projétil de Arma de Fogo,Homicídio doloso,Coelho neto,Coelho Neto
56081431-2022,2022,Morte por Intervenção de Agente do Estado,Morte por intervenção de agente do Estado,Marechal hermes,Marechal Hermes
57142891-2022,2022,Morte por Intervenção de Agente do Estado,Morte por intervenção de agente do Estado,Bangu,Bangu
57682231-2022,2022,Roubo Seguido de Morte Provocado por Projétil de Arma de Fogo,Latrocínio (Roubo seguido de morte),Ramos,Ramos
87059361-2022,2022,Homicídio Provocado por Projétil de Arma de Fogo,Homicídio doloso,Pavuna,Pavuna
34328471-2022,2022,Homicídio Provocado por Projétil de Arma de Fogo,Homicídio doloso,Manguinhos,Manguinhos
43860761-2022,2022,Homicídio Provocado por Projétil de Arma de Fogo,Homicídio doloso,Andarai,Andaraí
48903031-2022,2022,Morte por Intervenção de Agente do Estado,Morte por intervenção de agente do Estado,Quintino,Quintino Bocaiúva
83362111-2022,2022,Morte por Intervenção de Agente do Estado,Morte por intervenção de agente do Estado,Bangu,Bangu
83362111-2022,2022,Morte por Intervenção de Agente do Estado,Morte por intervenção de agente do Estado,Bangu,Bangu
62871631-2022,2022,Morte por Intervenção de Agente do Estado,Morte por intervenção de agente do Estado,Bangu,Bangu
62871631-2022,2022,Morte por Intervenção de Agente do Estado,Morte por intervenção de agente do Estado,Bangu,Bangu
67886811-2022,2022,Morte por Intervenção de Agente do Estado,Morte por intervenção de agente do Estado,Pavuna,Pavuna
03621311-2022,2022,Morte por Intervenção de Agente do Estado,Morte por intervenção de agente do Estado,Tomas coelho,Tomás Coelho
25927311-2022,2022,Roubo Seguido de Morte Provocado por Projétil de Arma de Fogo,Latrocínio (Roubo seguido de morte),Iraja,Irajá
40204171-2022,2022,Homicídio (outros),Homicídio doloso,Bangu,Bangu
66335971-2022,2022,Morte por Intervenção de Agente do Estado,Morte por intervenção de agente do Estado,Jacarepagua,Jacarepaguá
25911521-2022,2022,Homicídio (outros),Homicídio doloso,Senador camara,Senador Camará
60184291-2022,2022,Homicídio Provocado por Projétil de Arma de Fogo,Homicídio doloso,Muzema,Itanhangá
81102911-2022,2022,Morte por Intervenção de Agente do Estado,Morte por intervenção de agente do Estado,Catete,Catete
36193082-2022,2022,Homicídio (outros),Homicídio doloso,Vaz lobo,Vaz Lobo
62961721-2022,2022,Homicídio (outros),Homicídio doloso,Praca seca,Praça Seca
62961721-2022,2022,Homicídio (outros),Homicídio doloso,Praca seca,Praça Seca
74919921-2022,2022,Homicídio (outros),Homicídio doloso,Campo grande,Campo Grande
85506801-2022,2022,Homicídio (outros),Homicídio doloso,Barra de guaratiba,Barra de Guaratiba
18045291-2022,2022,Homicídio Provocado por Projétil de Arma de Fogo,Homicídio doloso,Grajau,Grajaú
33601191-2022,2022,Homicídio Provocado por Projétil de Arma de Fogo,Homicídio doloso,Guaratiba,Guaratiba
99651181-2022,2022,Homicídio Provocado por Projétil de Arma de Fogo,Homicídio doloso,Realengo,Realengo
01241381-2022,2022,Morte por Intervenção de Agente do Estado,Morte por intervenção de agente do Estado,Coelho neto,Coelho Neto
35761331-2022,2022,Morte por Intervenção de Agente do Estado,Morte por intervenção de agente do Estado,Vaz lobo,Vaz Lobo
75768051-2022,2022,Homicídio Provocado por Projétil de Arma de Fogo,Homicídio doloso,Senador camara,Senador Camará
34811081-2022,2022,Homicídio Provocado por Projétil de Arma de Fogo,Homicídio doloso,Anil,Anil
38994251-2022,2022,Homicídio Provocado por Projétil de Arma de Fogo,Homicídio doloso,Iraja,Irajá
57968391-2022,2022,Homicídio Provocado por Projétil de Arma de Fogo,Homicídio doloso,Bonsucesso,Bonsucesso
64182371-2022,2022,Morte por Intervenção de Agente do Estado,Morte por intervenção de agente do Estado,Realengo,Realengo
81283411-2022,2022,Homicídio (outros),Homicídio doloso,Campo grande,Campo Grande
35828661-2022,2022,Homicídio Provocado por Projétil de Arma de Fogo,Homicídio doloso,Jacarepagua,Jacarepaguá
79290581-2022,2022,Homicídio Provocado por Projétil de Arma de Fogo,Homicídio doloso,Bangu,Bangu
07882131-2022,2022,Homicídio Provocado por Emprego de Arma Branca,Homicídio doloso,Barros filho,Barros Filho
59666131-2022,2022,Homicídio Provocado por Projétil de Arma de Fogo,Homicídio doloso,Barra da tijuca,Barra da Tijuca
71704591-2022,2022,Homicídio Provocado por Projétil de Arma de Fogo,Homicídio doloso,Bras de pina,Brás de Pina
24847431-2022,2022,Morte por Intervenção de Agente do Estado,Morte por intervenção de agente do Estado,Costa barros,Costa Barros
72715831-2022,2022,Morte por Intervenção de Agente do Estado,Morte por intervenção de agente do Estado,Pavuna,Pavuna
72715831-2022,2022,Morte por Intervenção de Agente do Estado,Morte por intervenção de agente do Estado,Pavuna,Pavuna
08831281-2022,2022,Morte por Intervenção de Agente do Estado,Morte por intervenção de agente do Estado,Deodoro,Deodoro
08831281-2022,2022,Morte por Intervenção de Agente do Estado,Morte por intervenção de agente do Estado,Deodoro,Deodoro
93224231-2022,2022,Morte por Intervenção de Agente do Estado,Morte por intervenção de agente do Estado,Bangu,Bangu
93224231-2022,2022,Morte por Intervenção de Agente do Estado,Morte por intervenção de agente do Estado,Bangu,Bangu
11382201-2022,2022,Homicídio Provocado por Projétil de Arma de Fogo,Homicídio doloso,Bangu,Bangu
61194091-2022,2022,Homicídio (outros),Homicídio doloso,Penha,Penha
61194091-2022,2022,Homicídio (outros),Homicídio doloso,Penha,Penha
61194091-2022,2022,Homicídio (outros),Homicídio doloso,Penha,Penha
95614061-2022,2022,Homicídio Provocado por Projétil de Arma de Fogo,Homicídio doloso,Mal. hermes,Marechal Hermes
03318291-2022,2022,Homicídio Provocado por Projétil de Arma de Fogo,Homicídio doloso,Taquara,Taquara
38420041-2022,2022,Homicídio Provocado por Projétil de Arma de Fogo,Homicídio doloso,Padre miguel,Padre Miguel
29404781-2022,2022,Homicídio Provocado por Projétil de Arma de Fogo,Homicídio doloso,Barros filho,Barros Filho
57793491-2022,2022,Homicídio Provocado por Asfixia,Homicídio doloso,Penha,Penha
03731431-2022,2022,Homicídio Provocado por Projétil de Arma de Fogo,Homicídio doloso,Pilares,Pilares
03731431-2022,2022,Homicídio Provocado por Projétil de Arma de Fogo,Homicídio doloso,Pilares,Pilares
23018021-2022,2022,Homicídio Provocado por Projétil de Arma de Fogo,Homicídio doloso,Cascadura,Cascadura
09079081-2022,2022,Morte por Intervenção de Agente do Estado,Morte por intervenção de agente do Estado,Pavuna,Pavuna
86235471-2022,2022,Homicídio Provocado por Projétil de Arma de Fogo,Homicídio doloso,Cavalcanti,Cavalcanti
86862361-2022,2022,"Lesão Corporal Seguida de Morte Provocada por Socos, Tapas ou Pontapés",Lesão corporal seguida de morte,Realengo,Realengo
59351281-2022,2022,Morte por Intervenção de Agente do Estado,Morte por intervenção de agente do Estado,Estacio,Estácio
62855401-2022,2022,Morte por Intervenção de Agente do Estado,Morte por intervenção de agente do Estado,Bangu,Bangu
62855401-2022,2022,Morte por Intervenção de Agente do Estado,Morte por intervenção de agente do Estado,Bangu,Bangu
62855401-2022,2022,Morte por Intervenção de Agente do Estado,Morte por intervenção de agente do Estado,Bangu,Bangu
86625101-2022,2022,Homicídio Provocado por Projétil de Arma de Fogo,Homicídio doloso,Piedade,Piedade
31594341-2022,2022,Morte por Intervenção de Agente do Estado,Morte por intervenção de agente do Estado,Bras de pina,Brás de Pina
32121601-2022,2022,Morte por Intervenção de Agente do Estado,Morte por intervenção de agente do Estado,Anchieta,Anchieta
37918121-2022,2022,Homicídio (outros),Homicídio doloso,Portuguesa,Portuguesa
52042851-2022,2022,Homicídio Provocado por Projétil de Arma de Fogo,Homicídio doloso,Cocota,Cocotá
06155131-2022,2022,Homicídio Provocado por Projétil de Arma de Fogo,Homicídio doloso,Tijuca,Tijuca
11738121-2022,2022,Morte por Intervenção de Agente do Estado,Morte por intervenção de agente do Estado,Anchieta,Anchieta
11738121-2022,2022,Morte por Intervenção de Agente do Estado,Morte por intervenção de agente do Estado,Anchieta,Anchieta
35653311-2022,2022,Homicídio Provocado por Projétil de Arma de Fogo,Homicídio doloso,Anil,Anil
48890861-2022,2022,Homicídio Provocado por Projétil de Arma de Fogo,Homicídio doloso,Barra da tijuca,Barra da Tijuca
90798741-2022,2022,Homicídio (outros),Homicídio doloso,Bonsucesso,Bonsucesso
49435481-2022,2022,Homicídio Provocado por Projétil de Arma de Fogo,Homicídio doloso,Penha circular,Penha Circular
95353121-2022,2022,Roubo Seguido de Morte Provocado por Arma Branca,Latrocínio (Roubo seguido de morte),Santa cruz,Santa Cruz
63884981-2022,2022,Homicídio Provocado por Projétil de Arma de Fogo,Homicídio doloso,Cascadura,Cascadura
05747291-2022,2022,Morte por Intervenção de Agente do Estado,Morte por intervenção de agente do Estado,Taquara,Taquara
06052661-2022,2022,Homicídio Provocado por Projétil de Arma de Fogo,Homicídio doloso,Santa cruz,Santa Cruz
70818191-2022,2022,Homicídio Provocado por Projétil de Arma de Fogo,Homicídio doloso,Penha,Penha
75764761-2022,2022,Homicídio Provocado por Projétil de Arma de Fogo,Homicídio doloso,Campo grande,Campo Grande
73652711-2022,2022,Homicídio Provocado por Projétil de Arma de Fogo,Homicídio doloso,Engenho novo,Engenho Novo
79694761-2022,2022,Homicídio (outros),Homicídio doloso,Campo grande,Campo Grande
89189911-2022,2022,Homicídio Provocado por Paulada,Homicídio doloso,Madureira,Madureira
02977311-2022,2022,Homicídio Provocado por Emprego de Arma Branca,Homicídio doloso,Centro,Centro
16298431-2022,2022,Homicídio (outros),Homicídio doloso,Costa barros,Costa Barros
16481771-2022,2022,Morte por Intervenção de Agente do Estado,Morte por intervenção de agente do Estado,Vila isabel,Vila Isabel
77084501-2022,2022,Homicídio (outros),Homicídio doloso,Vila joao,Maré
54719841-2022,2022,Homicídio (outros),Homicídio doloso,Realengo,Realengo
24284151-2022,2022,Morte por Intervenção de Agente do Estado,Morte por intervenção de agente do Estado,Cordovil,Cordovil
24284151-2022,2022,Morte por Intervenção de Agente do Estado,Morte por intervenção de agente do Estado,Cordovil,Cordovil
89338381-2022,2022,Homicídio Provocado por Emprego de Arma Branca,Homicídio doloso,Cordovil,Cordovil
56110691-2022,2022,Morte por Intervenção de Agente do Estado,Morte por intervenção de agente do Estado,Quintino bocaiuva,Quintino Bocaiúva
77812441-2022,2022,Homicídio Provocado por Projétil de Arma de Fogo,Homicídio doloso,Realengo,Realengo
13430781-2022,2022,Homicídio Provocado por Projétil de Arma de Fogo,Homicídio doloso,Catumbi,Catumbi
36662981-2022,2022,Homicídio Provocado por Projétil de Arma de Fogo,Homicídio doloso,Freguesia,Freguesia (Jacarepaguá)
47626382-2022,2022,Homicídio Provocado por Projétil de Arma de Fogo,Homicídio doloso,Barra da tijuca,Barra da Tijuca
96797621-2022,2022,Homicídio Provocado por Projétil de Arma de Fogo,Homicídio doloso,Benfica,Benfica
48914091-2022,2022,Homicídio Provocado por Projétil de Arma de Fogo,Homicídio doloso,Colegio,Colégio
51649221-2022,2022,Homicídio (outros),Homicídio doloso,Thomaz coelho,Tomás Coelho
67796561-2022,2022,Morte por Intervenção de Agente do Estado,Morte por intervenção de agente do Estado,Bonsucesso,Bonsucesso
69371071-2022,2022,Homicídio (outros),Homicídio doloso,Santissimo,Santíssimo
71787901-2022,2022,Morte por Intervenção de Agente do Estado,Morte por intervenção de agente do Estado,Bonsucesso,Bonsucesso
80222791-2022,2022,Morte por Intervenção de Agente do Estado,Morte por intervenção de agente do Estado,Bonsucesso,Bonsucesso
80222791-2022,2022,Morte por Intervenção de Agente do Estado,Morte por intervenção de agente do Estado,Bonsucesso,Bonsucesso
85574871-2022,2022,Morte por Intervenção de Agente do Estado,Morte por intervenção de agente do Estado,Bonsucesso,Bonsucesso
85574871-2022,2022,Morte por Intervenção de Agente do Estado,Morte por intervenção de agente do Estado,Bonsucesso,Bonsucesso
03311411-2022,2022,Lesão Corporal Seguida de Morte (outros),Lesão corporal seguida de morte,Realengo,Realengo
36614691-2022,2022,Homicídio (outros),Homicídio doloso,Bonsucesso,Bonsucesso
64255001-2022,2022,Homicídio (outros),Homicídio doloso,Bangu,Bangu
68888691-2022,2022,Homicídio Provocado por Projétil de Arma de Fogo,Homicídio doloso,Ricardo de albuquerque,Ricardo de Albuquerque
14838111-2022,2022,Homicídio (outros),Homicídio doloso,Tomas coelho,Tomás Coelho
11995281-2022,2022,Homicídio Provocado por Projétil de Arma de Fogo,Homicídio doloso,Piedade,Piedade
18635141-2022,2022,Homicídio Provocado por Projétil de Arma de Fogo,Homicídio doloso,Benfica,Benfica
61898121-2022,2022,Homicídio Provocado por Projétil de Arma de Fogo,Homicídio doloso,Senador camara,Senador Camará
66095391-2022,2022,Morte por Intervenção de Agente do Estado,Morte por intervenção de agente do Estado,Bangu,Bangu
71547551-2022,2022,Homicídio Provocado por Projétil de Arma de Fogo,Homicídio doloso,Lins de vasconcelos,Lins de Vasconcelos
81253821-2022,2022,Homicídio Provocado por Emprego de Arma Branca,Homicídio doloso,Pedra de guaratiba,Pedra de Guaratiba
28401491-2022,2022,Homicídio Provocado por Projétil de Arma de Fogo,Homicídio doloso,Mare,Maré
30430321-2022,2022,Morte por Intervenção de Agente do Estado,Morte por intervenção de agente do Estado,Parque columbia,Parque Colúmbia
95789241-2022,2022,Morte por Intervenção de Agente do Estado,Morte por intervenção de agente do Estado,Marechal hermes,Marechal Hermes
90234301-2022,2022,Homicídio Provocado por Projétil de Arma de Fogo,Homicídio doloso,Campo grande,Campo Grande
45495571-2022,2022,Homicídio Provocado por Projétil de Arma de Fogo,Homicídio doloso,Vicente de carvalho,Vicente de Carvalho
48306921-2022,2022,Morte por Intervenção de Agente do Estado,Morte por intervenção de agente do Estado,Portuguesa,Portuguesa
95419671-2022,2022,Homicídio Provocado por Projétil de Arma de Fogo,Homicídio doloso,Rio comprido,Rio Comprido
96160941-2022,2022,Homicídio Provocado por Projétil de Arma de Fogo,Homicídio doloso,Costa barros,Costa Barros
96160941-2022,2022,Homicídio Provocado por Projétil de Arma de Fogo,Homicídio doloso,Costa barros,Costa Barros
18053031-2022,2022,Homicídio Provocado por Projétil de Arma de Fogo,Homicídio doloso,Inhauma,Inhaúma
37045951-2022,2022,Morte por Intervenção de Agente do Estado,Morte por intervenção de agente do Estado,Pilares,Pilares
03594931-2022,2022,Morte por Intervenção de Agente do Estado,Morte por intervenção de agente do Estado,Madureira,Madureira
09812301-2022,2022,Roubo Seguido de Morte Provocado por Projétil de Arma de Fogo,Latrocínio (Roubo seguido de morte),Penha,Penha
39712171-2022,2022,Homicídio Provocado por Projétil de Arma de Fogo,Homicídio doloso,Andarai,Andaraí
23694002-2022,2022,Morte por Intervenção de Agente do Estado,Morte por intervenção de agente do Estado,Vicente de carvalho,Vicente de Carvalho
28523731-2022,2022,Lesão Corporal Seguida de Morte (outros),Lesão corporal seguida de morte,Senador vasconcelos,Senador Vasconcelos
41888711-2022,2022,Morte por Intervenção de Agente do Estado,Morte por intervenção de agente do Estado,Bras de pina,Brás de Pina
58702961-2022,2022,Homicídio (outros),Homicídio doloso,Manguinhos,Manguinhos
75078421-2022,2022,Homicídio Provocado por Projétil de Arma de Fogo,Homicídio doloso,Turiacu,Turiaçú
79492721-2022,2022,Morte por Intervenção de Agente do Estado,Morte por intervenção de agente do Estado,Penha,Penha
04550821-2022,2022,Morte por Intervenção de Agente do Estado,Morte por intervenção de agente do Estado,Rio comprido,Rio Comprido
95029551-2022,2022,Morte por Intervenção de Agente do Estado,Morte por intervenção de agente do Estado,Realengo,Realengo
95463571-2022,2022,Homicídio Provocado por Projétil de Arma de Fogo,Homicídio doloso,Benfica,Benfica
35105411-2022,2022,Morte por Intervenção de Agente do Estado,Morte por intervenção de agente do Estado,Coelho neto,Coelho Neto
51008821-2022,2022,Homicídio (outros),Homicídio doloso,Manguinhos,Manguinhos
95110491-2022,2022,Homicídio (outros),Homicídio doloso,Centro,Centro
16459091-2022,2022,Homicídio (outros),Homicídio doloso,Gardenia azul,Gardênia Azul
68579261-2022,2022,Homicídio (outros),Homicídio doloso,Penha,Penha
95216051-2022,2022,Homicídio Provocado por Projétil de Arma de Fogo,Homicídio doloso,Coelho neto,Coelho Neto
42608711-2022,2022,Homicídio Provocado por Projétil de Arma de Fogo,Homicídio doloso,Coelho neto,Coelho Neto
54484851-2022,2022,Morte por Intervenção de Agente do Estado,Morte por intervenção de agente do Estado,Iraja,Irajá
18641731-2022,2022,Homicídio Provocado por Projétil de Arma de Fogo,Homicídio doloso,Penha circular,Penha Circular
02812081-2022,2022,Homicídio (outros),Homicídio doloso,Sepetiba,Sepetiba
10488491-2022,2022,Homicídio Provocado por Projétil de Arma de Fogo,Homicídio doloso,Magalhaes bastos,Magalhães Bastos
46891571-2022,2022,Homicídio (outros),Homicídio doloso,Penha,Penha
62545681-2022,2022,Morte por Intervenção de Agente do Estado,Morte por intervenção de agente do Estado,Flamengo,Flamengo
92534291-2022,2022,Homicídio Provocado por Projétil de Arma de Fogo,Homicídio doloso,Ricardo de albuquerque,Ricardo de Albuquerque
51790901-2022,2022,Morte por Intervenção de Agente do Estado,Morte por intervenção de agente do Estado,Coelho neto,Coelho Neto
16194391-2022,2022,Homicídio Provocado por Projétil de Arma de Fogo,Homicídio doloso,Madureira,Madureira
28329311-2022,2022,Morte por Intervenção de Agente do Estado,Morte por intervenção de agente do Estado,Campo grande,Campo Grande
42922762-2022,2022,Homicídio Provocado por Projétil de Arma de Fogo,Homicídio doloso,Realengo,Realengo
51895681-2022,2022,Homicídio Provocado por Projétil de Arma de Fogo,Homicídio doloso,Manguinhos,Manguinhos
62291071-2022,2022,Homicídio Provocado por Projétil de Arma de Fogo,Homicídio doloso,Santa cruz,Santa Cruz
69498551-2022,2022,Homicídio (outros),Homicídio doloso,Padre miguel,Padre Miguel
51048161-2022,2022,Homicídio (outros),Homicídio doloso,Taquara,Taquara
62718181-2022,2022,Homicídio Provocado por Projétil de Arma de Fogo,Homicídio doloso,Bonsucesso,Bonsucesso
10510341-2022,2022,Homicídio Provocado por Projétil de Arma de Fogo,Homicídio doloso,Itanhanga,Itanhangá
48107271-2022,2022,Homicídio Provocado por Emprego de Arma Branca,Homicídio doloso,Praca seca,Praça Seca
84417451-2022,2022,Roubo Seguido de Morte (outros),Latrocínio (Roubo seguido de morte),Bonsucesso,Bonsucesso
89948471-2022,2022,Roubo Seguido de Morte Provocado por Projétil de Arma de Fogo,Latrocínio (Roubo seguido de morte),Colegio,Colégio
93982331-2022,2022,Homicídio Provocado por Projétil de Arma de Fogo,Homicídio doloso,Centro,Centro
15447041-2022,2022,Roubo Seguido de Morte Provocado por Projétil de Arma de Fogo,Latrocínio (Roubo seguido de morte),Bras de pina,Brás de Pina
17139871-2022,2022,Homicídio (outros),Homicídio doloso,Ramos,Ramos
29511241-2022,2022,Homicídio Provocado por Projétil de Arma de Fogo,Homicídio doloso,Tanque,Tanque
29870681-2022,2022,Homicídio (outros),Homicídio doloso,Senador camara,Senador Camará
71787651-2022,2022,Homicídio Provocado por Projétil de Arma de Fogo,Homicídio doloso,Inhauma,Inhaúma
80061701-2022,2022,Homicídio Provocado por Projétil de Arma de Fogo,Homicídio doloso,Vargem grande,Vargem Grande
80061701-2022,2022,Homicídio Provocado por Projétil de Arma de Fogo,Homicídio doloso,Vargem grande,Vargem Grande
05371991-2022,2022,Homicídio Provocado por Emprego de Arma Branca,Homicídio doloso,Jacarepagua,Jacarepaguá
18774521-2022,2022,Homicídio Provocado por Projétil de Arma de Fogo,Homicídio doloso,Rocha miranda,Rocha Miranda
40708391-2022,2022,Morte por Intervenção de Agente do Estado,Morte por intervenção de agente do Estado,Realengo,Realengo
40708391-2022,2022,Morte por Intervenção de Agente do Estado,Morte por intervenção de agente do Estado,Realengo,Realengo
75358491-2022,2022,Homicídio Provocado por Projétil de Arma de Fogo,Homicídio doloso,Piedade,Piedade
13119381-2022,2022,Homicídio (outros),Homicídio doloso,Meier,Méier
37183031-2022,2022,Morte por Intervenção de Agente do Estado,Morte por intervenção de agente do Estado,Bangu,Bangu
37183031-2022,2022,Morte por Intervenção de Agente do Estado,Morte por intervenção de agente do Estado,Bangu,Bangu
39510221-2022,2022,Morte por Intervenção de Agente do Estado,Morte por intervenção de agente do Estado,Bras de pina,Brás de Pina
62442071-2022,2022,Morte por Intervenção de Agente do Estado,Morte por intervenção de agente do Estado,Guadalupe,Guadalupe
01981891-2022,2022,Morte por Intervenção de Agente do Estado,Morte por intervenção de agente do Estado,Tomas coelho,Tomás Coelho
14342681-2022,2022,Homicídio Provocado por Projétil de Arma de Fogo,Homicídio doloso,Guadalupe,Guadalupe
21803331-2022,2022,Homicídio Provocado por Projétil de Arma de Fogo,Homicídio doloso,Coelho neto,Coelho Neto
46830681-2022,2022,Homicídio Provocado por Projétil de Arma de Fogo,Homicídio doloso,Bonsucesso,Bonsucesso
52307421-2022,2022,Homicídio Provocado por Projétil de Arma de Fogo,Homicídio doloso,Realengo,Realengo
69597371-2022,2022,Homicídio Provocado por Projétil de Arma de Fogo,Homicídio doloso,Mare,Maré
11761221-2022,2022,Roubo Seguido de Morte Provocado por Projétil de Arma de Fogo,Latrocínio (Roubo seguido de morte),Grajau,Grajaú
77415771-2022,2022,Roubo Seguido de Morte Provocado por Projétil de Arma de Fogo,Latrocínio (Roubo seguido de morte),Vila militar,Vila Militar
24491421-2022,2022,Homicídio Provocado por Projétil de Arma de Fogo,Homicídio doloso,Rocha miranda,Rocha Miranda
24491421-2022,2022,Homicídio Provocado por Projétil de Arma de Fogo,Homicídio doloso,Rocha miranda,Rocha Miranda
39581372-2022,2022,Morte por Intervenção de Agente do Estado,Morte por intervenção de agente do Estado,Praca seca,Praça Seca
40122501-2022,2022,Morte por Intervenção de Agente do Estado,Morte por intervenção de agente do Estado,Tanque,Tanque
79766021-2022,2022,Homicídio (outros),Homicídio doloso,Jacarepagua,Jacarepaguá
88586922-2022,2022,Homicídio (outros),Homicídio doloso,Quintino bocaiuva,Quintino Bocaiúva
90235131-2022,2022,Homicídio Provocado por Projétil de Arma de Fogo,Homicídio doloso,Penha,Penha
90497731-2022,2022,Homicídio Provocado por Projétil de Arma de Fogo,Homicídio doloso,Costa barros,Costa Barros
90002841-2022,2022,Homicídio Provocado por Projétil de Arma de Fogo,Homicídio doloso,Iraja,Irajá
07276661-2022,2022,Homicídio (outros),Homicídio doloso,Thomaz coelho,Tomás Coelho
27858271-2022,2022,Homicídio Provocado por Projétil de Arma de Fogo,Homicídio doloso,Cascadura,Cascadura
36094801-2022,2022,Homicídio Provocado por Projétil de Arma de Fogo,Homicídio doloso,Penha,Penha
36927891-2022,2022,Homicídio Provocado por Projétil de Arma de Fogo,Homicídio doloso,Bangu,Bangu
52763831-2022,2022,Homicídio Provocado por Projétil de Arma de Fogo,Homicídio doloso,Bangu,Bangu
52506531-2022,2022,Homicídio Provocado por Projétil de Arma de Fogo,Homicídio doloso,"Gardenia azul, jacarepagua",Gardênia Azul
63905461-2022,2022,Homicídio (outros),Homicídio doloso,Costa barros,Costa Barros
72931111-2022,2022,Morte por Intervenção de Agente do Estado,Morte por intervenção de agente do Estado,Costa barros,Costa Barros
98255961-2022,2022,Morte por Intervenção de Agente do Estado,Morte por intervenção de agente do Estado,Benfica,Benfica
99903881-2022,2022,Homicídio (outros),Homicídio doloso,Colegio,Colégio
99632151-2022,2022,Homicídio (outros),Homicídio doloso,Bonsucesso,Bonsucesso
06301621-2022,2022,Homicídio (outros),Homicídio doloso,Curicica,Curicica
36954901-2022,2022,Lesão Corporal Seguida de Morte Provocada por Paulada,Lesão corporal seguida de morte,Colegio,Colégio
46809951-2022,2022,Homicídio Provocado por Projétil de Arma de Fogo,Homicídio doloso,Iraja,Irajá
70951291-2022,2022,Homicídio (outros),Homicídio doloso,Penha,Penha
52700701-2022,2022,Morte por Intervenção de Agente do Estado,Morte por intervenção de agente do Estado,Cidade nova,Cidade Nova
52700701-2022,2022,Roubo Seguido de Morte Provocado por Projétil de Arma de Fogo,Latrocínio (Roubo seguido de morte),Cidade nova,Cidade Nova
48975851-2022,2022,Homicídio Provocado por Projétil de Arma de Fogo,Homicídio doloso,Bangu,Bangu
67416551-2022,2022,Homicídio (outros),Homicídio doloso,Taquara,Taquara
80604811-2022,2022,Homicídio Provocado por Projétil de Arma de Fogo,Homicídio doloso,Vicente carvalho,Vicente de Carvalho
20169471-2022,2022,Homicídio Provocado por Projétil de Arma de Fogo,Homicídio doloso,Costa barros,Costa Barros
69339861-2022,2022,Homicídio Provocado por Projétil de Arma de Fogo,Homicídio doloso,Centro,Centro
07674621-2022,2022,Homicídio Provocado por Projétil de Arma de Fogo,Homicídio doloso,Mare,Maré
09975581-2022,2022,Roubo Seguido de Morte Provocado por Projétil de Arma de Fogo,Latrocínio (Roubo seguido de morte),Vila da penha,Vila da Penha
23262911-2022,2022,Homicídio Provocado por Projétil de Arma de Fogo,Homicídio doloso,Piedade,Piedade
73797371-2022,2022,Homicídio Provocado por Projétil de Arma de Fogo,Homicídio doloso,Costa barros,Costa Barros
74319291-2022,2022,Morte por Intervenção de Agente do Estado,Morte por intervenção de agente do Estado,Praca seca,Praça Seca
06464781-2022,2022,Homicídio (outros),Homicídio doloso,Penha,Penha
14163671-2022,2022,Homicídio Provocado por Projétil de Arma de Fogo,Homicídio doloso,Barra da tijuca,Barra da Tijuca
41715231-2022,2022,Morte por Intervenção de Agente do Estado,Morte por intervenção de agente do Estado,Taquara,Taquara
41715231-2022,2022,Morte por Intervenção de Agente do Estado,Morte por intervenção de agente do Estado,Taquara,Taquara
79537431-2022,2022,Roubo Seguido de Morte Provocado por Projétil de Arma de Fogo,Latrocínio (Roubo seguido de morte),Grajau,Grajaú
18555831-2022,2022,Homicídio (outros),Homicídio doloso,Iraja,Irajá
22210042-2022,2022,Morte por Intervenção de Agente do Estado,Morte por intervenção de agente do Estado,Ramos,Ramos
29343821-2022,2022,Homicídio (outros),Homicídio doloso,Pitangueiras,Pitangueiras
36043941-2022,2022,Homicídio Provocado por Projétil de Arma de Fogo,Homicídio doloso,Ramos,Ramos
92016691-2022,2022,Homicídio Provocado por Asfixia,Homicídio doloso,Santissimo,Santíssimo
33560101-2022,2022,Morte por Intervenção de Agente do Estado,Morte por intervenção de agente do Estado,Rio comprido,Rio Comprido
33560101-2022,2022,Morte por Intervenção de Agente do Estado,Morte por intervenção de agente do Estado,Rio comprido,Rio Comprido
57435901-2022,2022,Homicídio (outros),Homicídio doloso,Santa cruz,Santa Cruz
64332671-2022,2022,Homicídio Provocado por Projétil de Arma de Fogo,Homicídio doloso,Santissimo,Santíssimo
76833011-2022,2022,Homicídio (outros),Homicídio doloso,Costa barros,Costa Barros
95793991-2022,2022,Homicídio Provocado por Projétil de Arma de Fogo,Homicídio doloso,Realengo,Realengo
08596421-2022,2022,Homicídio (outros),Homicídio doloso,Caju,Caju
32024521-2022,2022,Homicídio Provocado por Projétil de Arma de Fogo,Homicídio doloso,Cascadura,Cascadura
69603021-2022,2022,Roubo Seguido de Morte Provocado por Projétil de Arma de Fogo,Latrocínio (Roubo seguido de morte),Pavuna,Pavuna
86876641-2022,2022,Homicídio Provocado por Emprego de Arma Branca,Homicídio doloso,Cidade nova,Cidade Nova
18792121-2022,2022,Morte por Intervenção de Agente do Estado,Morte por intervenção de agente do Estado,Acari,Acari
19401161-2022,2022,Homicídio Provocado por Projétil de Arma de Fogo,Homicídio doloso,Pavuna,Pavuna
31668381-2022,2022,Homicídio Provocado por Projétil de Arma de Fogo,Homicídio doloso,Bonsucesso,Bonsucesso
61950941-2022,2022,Homicídio Provocado por Projétil de Arma de Fogo,Homicídio doloso,Coelho neto,Coelho Neto
63304091-2022,2022,Morte por Intervenção de Agente do Estado,Morte por intervenção de agente do Estado,Sao conrado,São Conrado
70952881-2022,2022,Homicídio (outros),Homicídio doloso,Olaria,Olaria
25519931-2022,2022,Homicídio (outros),Homicídio doloso,Santa cruz,Santa Cruz
29575971-2022,2022,Homicídio Provocado por Projétil de Arma de Fogo,Homicídio doloso,Iraja,Irajá
09819201-2022,2022,Homicídio (outros),Homicídio doloso,Parque columbia,Parque Colúmbia
49470211-2022,2022,Morte por Intervenção de Agente do Estado,Morte por intervenção de agente do Estado,Bangu,Bangu
06544251-2022,2022,Morte por Intervenção de Agente do Estado,Morte por intervenção de agente do Estado,Anchieta,Anchieta
13460431-2022,2022,Homicídio Provocado por Projétil de Arma de Fogo,Homicídio doloso,Campo grande,Campo Grande
13460431-2022,2022,Homicídio Provocado por Projétil de Arma de Fogo,Homicídio doloso,Campo grande,Campo Grande
24749611-2022,2022,Homicídio Provocado por Emprego de Arma Branca,Homicídio doloso,Vila valqueire,Vila Valqueire
77396652-2022,2022,Homicídio Provocado por Projétil de Arma de Fogo,Homicídio doloso,Portuguesa,Portuguesa
92400891-2022,2022,Homicídio Provocado por Projétil de Arma de Fogo,Homicídio doloso,Madureira,Madureira
07419812-2022,2022,Morte por Intervenção de Agente do Estado,Morte por intervenção de agente do Estado,Anchieta,Anchieta
07419812-2022,2022,Morte por Intervenção de Agente do Estado,Morte por intervenção de agente do Estado,Anchieta,Anchieta
51190491-2022,2022,Morte por Intervenção de Agente do Estado,Morte por intervenção de agente do Estado,Portuguesa,Portuguesa
78658811-2022,2022,Homicídio Provocado por Projétil de Arma de Fogo,Homicídio doloso,Realengo,Realengo
78791001-2022,2022,Homicídio Provocado por Projétil de Arma de Fogo,Homicídio doloso,Bangu,Bangu
14128401-2022,2022,Homicídio (outros),Homicídio doloso,Santa cruz,Santa Cruz
26015431-2022,2022,Morte por Intervenção de Agente do Estado,Morte por intervenção de agente do Estado,Rocinha,Rocinha
37984611-2022,2022,Homicídio Provocado por Projétil de Arma de Fogo,Homicídio doloso,Inhauma,Inhaúma
67059321-2022,2022,Homicídio (outros),Homicídio doloso,Benfica,Benfica
84383911-2022,2022,Homicídio Provocado por Projétil de Arma de Fogo,Homicídio doloso,Campo grande,Campo Grande
85481841-2022,2022,Homicídio (outros),Homicídio doloso,Cidade nova,Cidade Nova
14854741-2022,2022,Homicídio Provocado por Projétil de Arma de Fogo,Homicídio doloso,Vicente de carvalho,Vicente de Carvalho
40992101-2022,2022,Homicídio Provocado por Projétil de Arma de Fogo,Homicídio doloso,Iraja,Irajá
69450481-2022,2022,Homicídio Provocado por Projétil de Arma de Fogo,Homicídio doloso,Taquara,Taquara
78560691-2022,2022,Homicídio Provocado por Projétil de Arma de Fogo,Homicídio doloso,Rio comprido,Rio Comprido
91268811-2022,2022,Homicídio Provocado por Projétil de Arma de Fogo,Homicídio doloso,Manguinhos,Manguinhos
94418161-2022,2022,Homicídio Provocado por Projétil de Arma de Fogo,Homicídio doloso,Delcastilho,Del Castilho
15545301-2022,2022,Lesão Corporal Seguida de Morte (outros),Lesão corporal seguida de morte,Santa cruz,Santa Cruz
17222721-2022,2022,Morte por Intervenção de Agente do Estado,Morte por intervenção de agente do Estado,Bangu,Bangu
51820411-2022,2022,Homicídio Provocado por Projétil de Arma de Fogo,Homicídio doloso,Vicente de carvalho,Vicente de Carvalho
78203321-2022,2022,Morte por Intervenção de Agente do Estado,Morte por intervenção de agente do Estado,Engenho de dentro,Engenho de Dentro
14288181-2022,2022,Morte por Intervenção de Agente do Estado,Morte por intervenção de agente do Estado,Meier,Méier
14288181-2022,2022,Morte por Intervenção de Agente do Estado,Morte por intervenção de agente do Estado,Meier,Méier
16781091-2022,2022,Morte por Intervenção de Agente do Estado,Morte por intervenção de agente do Estado,Realengo,Realengo
63977961-2022,2022,Homicídio Provocado por Projétil de Arma de Fogo,Homicídio doloso,Mariopolis,Anchieta
94018301-2022,2022,Homicídio (outros),Homicídio doloso,Marechal hermes,Marechal Hermes
97177151-2022,2022,Homicídio Provocado por Projétil de Arma de Fogo,Homicídio doloso,Bangu,Bangu
24713211-2022,2022,Homicídio Provocado por Projétil de Arma de Fogo,Homicídio doloso,Costa barros,Costa Barros
38064291-2022,2022,Homicídio Provocado por Projétil de Arma de Fogo,Homicídio doloso,Bangu,Bangu
45144491-2022,2022,Homicídio Provocado por Projétil de Arma de Fogo,Homicídio doloso,Bangu,Bangu
52496291-2022,2022,Morte por Intervenção de Agente do Estado,Morte por intervenção de agente do Estado,Piedade,Piedade
89239301-2022,2022,Morte por Intervenção de Agente do Estado,Morte por intervenção de agente do Estado,Cosme velho,Cosme Velho
51872191-2022,2022,Homicídio Provocado por Projétil de Arma de Fogo,Homicídio doloso,Deodoro,Deodoro
64887521-2022,2022,Homicídio Provocado por Projétil de Arma de Fogo,Homicídio doloso,Vigario geral,Vigário Geral
73341151-2022,2022,Homicídio Provocado por Projétil de Arma de Fogo,Homicídio doloso,Praca seca,Praça Seca
36469731-2022,2022,Morte por Intervenção de Agente do Estado,Morte por intervenção de agente do Estado,Vicente de carvalho,Vicente de Carvalho
42762481-2022,2022,Morte por Intervenção de Agente do Estado,Morte por intervenção de agente do Estado,Ramos,Ramos
42762481-2022,2022,Morte por Intervenção de Agente do Estado,Morte por intervenção de agente do Estado,Ramos,Ramos
42762481-2022,2022,Morte por Intervenção de Agente do Estado,Morte por intervenção de agente do Estado,Ramos,Ramos
43445021-2022,2022,Morte por Intervenção de Agente do Estado,Morte por intervenção de agente do Estado,Nova holanda,Maré
64312101-2022,2022,Morte por Intervenção de Agente do Estado,Morte por intervenção de agente do Estado,Ramos,Ramos
69178801-2022,2022,Morte por Intervenção de Agente do Estado,Morte por intervenção de agente do Estado,Vicente de carvalho,Vicente de Carvalho
69178801-2022,2022,Morte por Intervenção de Agente do Estado,Morte por intervenção de agente do Estado,Vicente de carvalho,Vicente de Carvalho
69178801-2022,2022,Morte por Intervenção de Agente do Estado,Morte por intervenção de agente do Estado,Vicente de carvalho,Vicente de Carvalho
69178801-2022,2022,Morte por Intervenção de Agente do Estado,Morte por intervenção de agente do Estado,Vicente de carvalho,Vicente de Carvalho
69178801-2022,2022,Morte por Intervenção de Agente do Estado,Morte por intervenção de agente do Estado,Vicente de carvalho,Vicente de Carvalho
78329031-2022,2022,Morte por Intervenção de Agente do Estado,Morte por intervenção de agente do Estado,Ramos,Ramos
84634741-2022,2022,Homicídio Provocado por Projétil de Arma de Fogo,Homicídio doloso,Pilares,Pilares
96153761-2022,2022,Homicídio Provocado por Projétil de Arma de Fogo,Homicídio doloso,Bonsucesso,Bonsucesso
96811031-2022,2022,Morte por Intervenção de Agente do Estado,Morte por intervenção de agente do Estado,Bras de pina,Brás de Pina
29532861-2022,2022,Homicídio Provocado por Projétil de Arma de Fogo,Homicídio doloso,Campo grande,Campo Grande
39698011-2022,2022,Morte por Intervenção de Agente do Estado,Morte por intervenção de agente do Estado,Iraja,Irajá
02450801-2022,2022,Morte por Intervenção de Agente do Estado,Morte por intervenção de agente do Estado,Grajau,Grajaú
24745701-2022,2022,Roubo Seguido de Morte Provocado por Projétil de Arma de Fogo,Latrocínio (Roubo seguido de morte),Mariopolis,Anchieta
59559511-2022,2022,Homicídio Provocado por Emprego de Arma Branca,Homicídio doloso,Centro,Centro
98037651-2022,2022,Homicídio Provocado por Projétil de Arma de Fogo,Homicídio doloso,Estacio,Estácio
08917991-2022,2022,Homicídio Provocado por Projétil de Arma de Fogo,Homicídio doloso,Cordovil,Cordovil
61302351-2022,2022,Morte por Intervenção de Agente do Estado,Morte por intervenção de agente do Estado,Realengo,Realengo
75294661-2022,2022,Homicídio Provocado por Projétil de Arma de Fogo,Homicídio doloso,Paciencia,Paciência
76519361-2022,2022,Morte por Intervenção de Agente do Estado,Morte por intervenção de agente do Estado,Bangu,Bangu
76519361-2022,2022,Morte por Intervenção de Agente do Estado,Morte por intervenção de agente do Estado,Bangu,Bangu
41031271-2022,2022,Morte por Intervenção de Agente do Estado,Morte por intervenção de agente do Estado,Penha circular,Penha Circular
41031271-2022,2022,Morte por Intervenção de Agente do Estado,Morte por intervenção de agente do Estado,Penha circular,Penha Circular
41031271-2022,2022,Morte por Intervenção de Agente do Estado,Morte por intervenção de agente do Estado,Penha circular,Penha Circular
41031271-2022,2022,Morte por Intervenção de Agente do Estado,Morte por intervenção de agente do Estado,Penha circular,Penha Circular
41031271-2022,2022,Morte por Intervenção de Agente do Estado,Morte por intervenção de agente do Estado,Penha circular,Penha Circular
02948031-2022,2022,Morte por Intervenção de Agente do Estado,Morte por intervenção de agente do Estado,Bras de pina,Brás de Pina
89689671-2022,2022,Homicídio Provocado por Projétil de Arma de Fogo,Homicídio doloso,Ricardo de albuquerque,Ricardo de Albuquerque
34567001-2022,2022,Homicídio (outros),Homicídio doloso,Campo grande,Campo Grande
97705351-2022,2022,Homicídio (outros),Homicídio doloso,Jacarepagua,Jacarepaguá
99663811-2022,2022,Homicídio Provocado por Projétil de Arma de Fogo,Homicídio doloso,Iraja,Irajá
21163101-2022,2022,Morte por Intervenção de Agente do Estado,Morte por intervenção de agente do Estado,Tomas coelho,Tomás Coelho
21163101-2022,2022,Morte por Intervenção de Agente do Estado,Morte por intervenção de agente do Estado,Tomas coelho,Tomás Coelho
21163101-2022,2022,Morte por Intervenção de Agente do Estado,Morte por intervenção de agente do Estado,Tomas coelho,Tomás Coelho
33938251-2022,2022,Homicídio Provocado por Projétil de Arma de Fogo,Homicídio doloso,Bangu,Bangu
73382961-2022,2022,Homicídio Provocado por Projétil de Arma de Fogo,Homicídio doloso,Colonia,Jacarepaguá
74117541-2022,2022,Homicídio Provocado por Projétil de Arma de Fogo,Homicídio doloso,Del castilho,Del Castilho
95754661-2022,2022,Homicídio Provocado por Emprego de Arma Branca,Homicídio doloso,Santa cruz,Santa Cruz
15221601-2022,2022,Morte por Intervenção de Agente do Estado,Morte por intervenção de agente do Estado,Realengo,Realengo
15221601-2022,2022,Morte por Intervenção de Agente do Estado,Morte por intervenção de agente do Estado,Realengo,Realengo
15221601-2022,2022,Morte por Intervenção de Agente do Estado,Morte por intervenção de agente do Estado,Realengo,Realengo
30512441-2022,2022,Homicídio Provocado por Projétil de Arma de Fogo,Homicídio doloso,Catiri - bangu,Bangu
30512441-2022,2022,Homicídio Provocado por Projétil de Arma de Fogo,Homicídio doloso,Catiri - bangu,Bangu
72917071-2022,2022,Homicídio Provocado por Projétil de Arma de Fogo,Homicídio doloso,Praca seca,Praça Seca
17491521-2022,2022,Homicídio (outros),Homicídio doloso,Bangu,Bangu
79203071-2022,2022,Homicídio Provocado por Projétil de Arma de Fogo,Homicídio doloso,Cidade de deus,Cidade de Deus
37237261-2022,2022,Homicídio Provocado por Projétil de Arma de Fogo,Homicídio doloso,Pitangueiras,Pitangueiras
96971191-2022,2022,Morte por Intervenção de Agente do Estado,Morte por intervenção de agente do Estado,Bras de pina,Brás de Pina
13773401-2022,2022,Homicídio (outros),Homicídio doloso,Realengo,Realengo
59031911-2022,2022,Homicídio Provocado por Emprego de Arma Branca,Homicídio doloso,Guaratiba,Guaratiba
06955721-2022,2022,Morte por Intervenção de Agente do Estado,Morte por intervenção de agente do Estado,Marechal hermes,Marechal Hermes
12998721-2022,2022,Morte por Intervenção de Agente do Estado,Morte por intervenção de agente do Estado,Taquara - santa maria,Taquara
12998721-2022,2022,Morte por Intervenção de Agente do Estado,Morte por intervenção de agente do Estado,Taquara - santa maria,Taquara
21086311-2022,2022,Homicídio Provocado por Projétil de Arma de Fogo,Homicídio doloso,Realengo,Realengo
94491431-2022,2022,Homicídio Provocado por Projétil de Arma de Fogo,Homicídio doloso,Manguinhos,Manguinhos
42803211-2022,2022,Homicídio Provocado por Projétil de Arma de Fogo,Homicídio doloso,Thomaz coelho,Tomás Coelho
60622971-2022,2022,Homicídio Provocado por Projétil de Arma de Fogo,Homicídio doloso,Bangu,Bangu
63770261-2022,2022,Homicídio Provocado por Projétil de Arma de Fogo,Homicídio doloso,Campo grande,Campo Grande
05922091-2022,2022,Morte por Intervenção de Agente do Estado,Morte por intervenção de agente do Estado,Magalhaes bastos,Magalhães Bastos
13679891-2022,2022,Homicídio Provocado por Emprego de Arma Branca,Homicídio doloso,Rocha miranda,Rocha Miranda
73838901-2022,2022,Morte por Intervenção de Agente do Estado,Morte por intervenção de agente do Estado,Penha circular,Penha Circular
73838901-2022,2022,Morte por Intervenção de Agente do Estado,Morte por intervenção de agente do Estado,Penha circular,Penha Circular
99413931-2022,2022,Homicídio Provocado por Projétil de Arma de Fogo,Homicídio doloso,Vaz lobo,Vaz Lobo
08646841-2022,2022,Homicídio Provocado por Projétil de Arma de Fogo,Homicídio doloso,Rio comprido,Rio Comprido
08646841-2022,2022,Homicídio Provocado por Projétil de Arma de Fogo,Homicídio doloso,Rio comprido,Rio Comprido
36109511-2022,2022,Morte por Intervenção de Agente do Estado,Morte por intervenção de agente do Estado,Manguinhos,Manguinhos
41887401-2022,2022,Morte por Intervenção de Agente do Estado,Morte por intervenção de agente do Estado,Grajau,Grajaú
45620941-2022,2022,Homicídio Provocado por Projétil de Arma de Fogo,Homicídio doloso,Guaratiba,Guaratiba
67553771-2022,2022,Homicídio Provocado por Projétil de Arma de Fogo,Homicídio doloso,Fazenda botafogo,Coelho Neto
22576511-2022,2022,Morte por Intervenção de Agente do Estado,Morte por intervenção de agente do Estado,Bangu,Bangu
04351701-2022,2022,Homicídio Provocado por Projétil de Arma de Fogo,Homicídio doloso,Pilares,Pilares
10496381-2022,2022,Homicídio Provocado por Projétil de Arma de Fogo,Homicídio doloso,Flamengo,Flamengo
36756901-2022,2022,Homicídio Provocado por Projétil de Arma de Fogo,Homicídio doloso,Bonsucesso,Bonsucesso
67279011-2022,2022,Homicídio (outros),Homicídio doloso,Maria da graca,Maria da Graça
21069952-2022,2022,Homicídio Provocado por Projétil de Arma de Fogo,Homicídio doloso,Del castilho,Del Castilho
40468181-2022,2022,Morte por Intervenção de Agente do Estado,Morte por intervenção de agente do Estado,Bras de pina,Brás de Pina
86552691-2022,2022,Homicídio Provocado por Projétil de Arma de Fogo,Homicídio doloso,Tanque,Tanque
29124951-2022,2022,Homicídio Provocado por Projétil de Arma de Fogo,Homicídio doloso,Penha,Penha
78407441-2022,2022,Homicídio Provocado por Emprego de Arma Branca,Homicídio doloso,Guadalupe,Guadalupe
89846141-2022,2022,Morte por Intervenção de Agente do Estado,Morte por intervenção de agente do Estado,Anchieta,Anchieta
11276521-2022,2022,Homicídio (outros),Homicídio doloso,Cacuia - ilha do governador,Cacuia
17771571-2022,2022,Homicídio (outros),Homicídio doloso,Centro,Centro
42321481-2022,2022,Homicídio Provocado por Projétil de Arma de Fogo,Homicídio doloso,Recreio dos bandeirantes,Recreio dos Bandeirantes
49497861-2022,2022,Homicídio Provocado por Emprego de Arma Branca,Homicídio doloso,Penha,Penha
33231811-2022,2022,Homicídio Provocado por Projétil de Arma de Fogo,Homicídio doloso,Engenheiro leal,Engenheiro Leal
36751511-2022,2022,Roubo Seguido de Morte Provocado por Projétil de Arma de Fogo,Latrocínio (Roubo seguido de morte),Bangu,Bangu
43861011-2022,2022,Homicídio (outros),Homicídio doloso,Campo grande,Campo Grande
63503291-2022,2022,Homicídio Provocado por Projétil de Arma de Fogo,Homicídio doloso,Manguinhos,Manguinhos
12192371-2022,2022,Homicídio Provocado por Emprego de Arma Branca,Homicídio doloso,Rocinha,Rocinha
32700441-2022,2022,Homicídio Provocado por Projétil de Arma de Fogo,Homicídio doloso,Tanque,Tanque
65351171-2022,2022,Morte por Intervenção de Agente do Estado,Morte por intervenção de agente do Estado,Santo cristo,Santo Cristo
65863471-2022,2022,Homicídio (outros),Homicídio doloso,Bonsucesso,Bonsucesso
72615961-2022,2022,Homicídio (outros),Homicídio doloso,Praca seca,Praça Seca
10000931-2022,2022,Homicídio (outros),Homicídio doloso,Caju,Caju
76707751-2022,2022,Homicídio (outros),Homicídio doloso,Penha,Penha
17772251-2023,2023,Homicídio (outros),Homicídio doloso,Copacabana,Copacabana
32693652-2023,2023,Homicídio Provocado por Projétil de Arma de Fogo,Homicídio doloso,Catumbi,Catumbi
33856531-2023,2023,Homicídio Provocado por Projétil de Arma de Fogo,Homicídio doloso,Catumbi,Catumbi
59723001-2023,2023,Homicídio Provocado por Projétil de Arma de Fogo,Homicídio doloso,Jacarepagua,Jacarepaguá
29555721-2023,2023,Homicídio Provocado por Projétil de Arma de Fogo,Homicídio doloso,Madureira,Madureira
75122021-2023,2023,Homicídio (outros),Homicídio doloso,Realengo,Realengo
71143071-2023,2023,Morte por Intervenção de Agente do Estado,Morte por intervenção de agente do Estado,Penha circular,Penha Circular
76111591-2023,2023,Homicídio Provocado por Projétil de Arma de Fogo,Homicídio doloso,Taquara,Taquara
81058071-2023,2023,Roubo Seguido de Morte Provocado por Arma Branca,Latrocínio (Roubo seguido de morte),Centro,Centro
82974481-2023,2023,Morte por Intervenção de Agente do Estado,Morte por intervenção de agente do Estado,Bangu,Bangu
78430031-2023,2023,Morte por Intervenção de Agente do Estado,Morte por intervenção de agente do Estado,Jacarepagua,Jacarepaguá
74625841-2023,2023,Homicídio Provocado por Emprego de Arma Branca,Homicídio doloso,Vigario geral,Vigário Geral
31501521-2023,2023,Homicídio Provocado por Projétil de Arma de Fogo,Homicídio doloso,Bangu,Bangu
08067291-2023,2023,Homicídio Provocado por Emprego de Arma Branca,Homicídio doloso,Maria lorosa,Santa Cruz
26557971-2023,2023,Homicídio Provocado por Projétil de Arma de Fogo,Homicídio doloso,Portuguesa -ilha do governador,Portuguesa
36418171-2023,2023,Homicídio Provocado por Emprego de Arma Branca,Homicídio doloso,Jacarepagua,Jacarepaguá
92166091-2023,2023,Homicídio (outros),Homicídio doloso,Rocinha,Rocinha
63764731-2023,2023,Homicídio (outros),Homicídio doloso,Jardim guanabara,Jardim Guanabara
22488771-2023,2023,Homicídio Provocado por Projétil de Arma de Fogo,Homicídio doloso,Campo grande,Campo Grande
32747981-2023,2023,Homicídio Provocado por Projétil de Arma de Fogo,Homicídio doloso,Rio das pedras,Itanhangá
40970661-2023,2023,Homicídio Provocado por Projétil de Arma de Fogo,Homicídio doloso,Realengo,Realengo
55095741-2023,2023,Homicídio Provocado por Projétil de Arma de Fogo,Homicídio doloso,Jacarepagua,Jacarepaguá
43934391-2023,2023,Homicídio (outros),Homicídio doloso,Penha,Penha
69591492-2023,2023,Homicídio Provocado por Projétil de Arma de Fogo,Homicídio doloso,Caju,Caju
96831261-2023,2023,Morte por Intervenção de Agente do Estado,Morte por intervenção de agente do Estado,Pavuna,Pavuna
96947671-2023,2023,Morte por Intervenção de Agente do Estado,Morte por intervenção de agente do Estado,Vicente de carvalho,Vicente de Carvalho
01918441-2023,2023,Morte por Intervenção de Agente do Estado,Morte por intervenção de agente do Estado,Campinho,Campinho
01918441-2023,2023,Morte por Intervenção de Agente do Estado,Morte por intervenção de agente do Estado,Campinho,Campinho
11661331-2023,2023,Morte por Intervenção de Agente do Estado,Morte por intervenção de agente do Estado,Realengo,Realengo
39624061-2023,2023,Homicídio Provocado por Projétil de Arma de Fogo,Homicídio doloso,Taquara,Taquara
41194701-2023,2023,Homicídio (outros),Homicídio doloso,Sepetiba,Sepetiba
89858761-2023,2023,Homicídio Provocado por Projétil de Arma de Fogo,Homicídio doloso,Campo grande,Campo Grande
06078891-2023,2023,Homicídio (outros),Homicídio doloso,Costa barros,Costa Barros
08555351-2023,2023,Homicídio Provocado por Projétil de Arma de Fogo,Homicídio doloso,Itanhanga,Itanhangá
30019431-2023,2023,Homicídio Provocado por Emprego de Arma Branca,Homicídio doloso,Penha circular,Penha Circular
30714821-2023,2023,Homicídio (outros),Homicídio doloso,Realengo,Realengo
60309051-2023,2023,Morte por Intervenção de Agente do Estado,Morte por intervenção de agente do Estado,Ramos,Ramos
60309051-2023,2023,Morte por Intervenção de Agente do Estado,Morte por intervenção de agente do Estado,Ramos,Ramos
83564991-2023,2023,Homicídio Provocado por Projétil de Arma de Fogo,Homicídio doloso,Vargem grande,Vargem Grande
06856941-2023,2023,Homicídio Provocado por Projétil de Arma de Fogo,Homicídio doloso,Gardenia azul,Gardênia Azul
41816211-2023,2023,Homicídio Provocado por Projétil de Arma de Fogo,Homicídio doloso,Bangu,Bangu
90521181-2023,2023,Homicídio Provocado por Projétil de Arma de Fogo,Homicídio doloso,Anchieta,Anchieta
79678041-2023,2023,Homicídio Provocado por Projétil de Arma de Fogo,Homicídio doloso,Andarai,Andaraí
90009101-2023,2023,Homicídio (outros),Homicídio doloso,Coelho neto,Coelho Neto
40561981-2023,2023,Homicídio Provocado por Projétil de Arma de Fogo,Homicídio doloso,Lins de vasconcelos,Lins de Vasconcelos
50883141-2023,2023,Homicídio Provocado por Projétil de Arma de Fogo,Homicídio doloso,Senador camara,Senador Camará
72155841-2023,2023,Homicídio Provocado por Projétil de Arma de Fogo,Homicídio doloso,Penha circular,Penha Circular
58787701-2023,2023,Homicídio Provocado por Projétil de Arma de Fogo,Homicídio doloso,Engenho de dentro,Engenho de Dentro
05288841-2023,2023,Homicídio Provocado por Projétil de Arma de Fogo,Homicídio doloso,Santissimo,Santíssimo
20957281-2023,2023,Homicídio Provocado por Projétil de Arma de Fogo,Homicídio doloso,Realengo,Realengo
93649561-2023,2023,Morte por Intervenção de Agente do Estado,Morte por intervenção de agente do Estado,Madureira,Madureira
56088021-2023,2023,Homicídio (outros),Homicídio doloso,Pilares,Pilares
98920552-2023,2023,Homicídio Provocado por Projétil de Arma de Fogo,Homicídio doloso,Guaratiba,Guaratiba
36441481-2023,2023,Homicídio Provocado por Projétil de Arma de Fogo,Homicídio doloso,Taquara,Taquara
36441481-2023,2023,Homicídio Provocado por Projétil de Arma de Fogo,Homicídio doloso,Taquara,Taquara
63327031-2023,2023,Morte por Intervenção de Agente do Estado,Morte por intervenção de agente do Estado,Anil,Anil
64622121-2023,2023,Homicídio Provocado por Projétil de Arma de Fogo,Homicídio doloso,Andarai,Andaraí
90312771-2023,2023,Lesão Corporal Seguida de Morte (outros),Lesão corporal seguida de morte,Madureira,Madureira
07919061-2023,2023,Homicídio Provocado por Projétil de Arma de Fogo,Homicídio doloso,Tanque,Tanque
29236681-2023,2023,Lesão Corporal Seguida de Morte (outros),Lesão corporal seguida de morte,Senador vasconcelos,Senador Vasconcelos
71275351-2023,2023,Homicídio Provocado por Emprego de Arma Branca,Homicídio doloso,Ramos,Ramos
24282511-2023,2023,Morte por Intervenção de Agente do Estado,Morte por intervenção de agente do Estado,Caju,Caju
29297651-2023,2023,Homicídio (outros),Homicídio doloso,Bonsucesso,Bonsucesso
29617531-2023,2023,Homicídio Provocado por Projétil de Arma de Fogo,Homicídio doloso,Itanhanga,Itanhangá
55059091-2023,2023,Homicídio Provocado por Projétil de Arma de Fogo,Homicídio doloso,Pavuna,Pavuna
72624581-2023,2023,Homicídio Provocado por Projétil de Arma de Fogo,Homicídio doloso,Guadalupe,Guadalupe
44174151-2023,2023,Morte por Intervenção de Agente do Estado,Morte por intervenção de agente do Estado,Senador camara,Senador Camará
44174151-2023,2023,Morte por Intervenção de Agente do Estado,Morte por intervenção de agente do Estado,Senador camara,Senador Camará
44174151-2023,2023,Morte por Intervenção de Agente do Estado,Morte por intervenção de agente do Estado,Senador camara,Senador Camará
55189861-2023,2023,Morte por Intervenção de Agente do Estado,Morte por intervenção de agente do Estado,Costa barros,Costa Barros
55189861-2023,2023,Morte por Intervenção de Agente do Estado,Morte por intervenção de agente do Estado,Costa barros,Costa Barros
84250001-2023,2023,Homicídio Provocado por Projétil de Arma de Fogo,Homicídio doloso,Bangu,Bangu
87034681-2023,2023,Homicídio Provocado por Emprego de Arma Branca,Homicídio doloso,Bras de pina,Brás de Pina
39587131-2023,2023,Homicídio Provocado por Projétil de Arma de Fogo,Homicídio doloso,Rocha miranda,Rocha Miranda
39587131-2023,2023,Homicídio Provocado por Projétil de Arma de Fogo,Homicídio doloso,Rocha miranda,Rocha Miranda
60215331-2023,2023,Homicídio Provocado por Projétil de Arma de Fogo,Homicídio doloso,Iraja,Irajá
92894031-2023,2023,Homicídio Provocado por Projétil de Arma de Fogo,Homicídio doloso,Pavuna,Pavuna
46083581-2023,2023,Morte por Intervenção de Agente do Estado,Morte por intervenção de agente do Estado,Ramos,Ramos
58564871-2023,2023,Morte por Intervenção de Agente do Estado,Morte por intervenção de agente do Estado,Engenho novo,Engenho Novo
44399532-2023,2023,Homicídio Provocado por Projétil de Arma de Fogo,Homicídio doloso,Bangu,Bangu
44399532-2023,2023,Homicídio Provocado por Projétil de Arma de Fogo,Homicídio doloso,Bangu,Bangu
48374831-2023,2023,Morte por Intervenção de Agente do Estado,Morte por intervenção de agente do Estado,Gardenia azul,Gardênia Azul
67428791-2023,2023,Homicídio (outros),Homicídio doloso,Penha,Penha
34717081-2023,2023,Homicídio (outros),Homicídio doloso,Taquara,Taquara
77419021-2023,2023,Lesão Corporal Seguida de Morte (outros),Lesão corporal seguida de morte,Senador camara,Senador Camará
77910581-2023,2023,Homicídio Provocado por Projétil de Arma de Fogo,Homicídio doloso,Manguinhos,Manguinhos
08611421-2023,2023,Morte por Intervenção de Agente do Estado,Morte por intervenção de agente do Estado,Tanque,Tanque
45714971-2023,2023,Homicídio Provocado por Projétil de Arma de Fogo,Homicídio doloso,Cascadura,Cascadura
46077721-2023,2023,Homicídio Provocado por Projétil de Arma de Fogo,Homicídio doloso,Pavuna,Pavuna
85201231-2023,2023,Homicídio Provocado por Projétil de Arma de Fogo,Homicídio doloso,Rocha miranda,Rocha Miranda
10929741-2023,2023,Homicídio (outros),Homicídio doloso,Cavalcanti,Cavalcanti
25877281-2023,2023,Homicídio (outros),Homicídio doloso,Lapa,Centro
43089771-2023,2023,Homicídio Provocado por Projétil de Arma de Fogo,Homicídio doloso,Taquara,Taquara
76501081-2023,2023,Homicídio Provocado por Projétil de Arma de Fogo,Homicídio doloso,Bangu,Bangu
86955561-2023,2023,Homicídio Provocado por Projétil de Arma de Fogo,Homicídio doloso,Rio das pedras,Itanhangá
91892061-2023,2023,Homicídio Provocado por Projétil de Arma de Fogo,Homicídio doloso,Rio das pedras,Itanhangá
14616201-2023,2023,Morte por Intervenção de Agente do Estado,Morte por intervenção de agente do Estado,Bangu,Bangu
64958231-2023,2023,Morte por Intervenção de Agente do Estado,Morte por intervenção de agente do Estado,Madureira,Madureira
73309711-2023,2023,Morte por Intervenção de Agente do Estado,Morte por intervenção de agente do Estado,Paciecnia,Paciência
79696491-2023,2023,Morte por Intervenção de Agente do Estado,Morte por intervenção de agente do Estado,Madureira,Madureira
91579241-2023,2023,Homicídio Provocado por Projétil de Arma de Fogo,Homicídio doloso,Cascadura,Cascadura
84984431-2023,2023,Morte por Intervenção de Agente do Estado,Morte por intervenção de agente do Estado,Vigario geral,Vigário Geral
10656001-2023,2023,Homicídio Provocado por Projétil de Arma de Fogo,Homicídio doloso,Deodoro,Deodoro
11264191-2023,2023,Homicídio Provocado por Projétil de Arma de Fogo,Homicídio doloso,Senador camara,Senador Camará
47535731-2023,2023,Homicídio Provocado por Projétil de Arma de Fogo,Homicídio doloso,Costa barros,Costa Barros
48771121-2023,2023,Homicídio Provocado por Projétil de Arma de Fogo,Homicídio doloso,Costa barros,Costa Barros
67914801-2023,2023,Morte por Intervenção de Agente do Estado,Morte por intervenção de agente do Estado,Freguesia (jacarepagua),Freguesia (Jacarepaguá)
80514801-2023,2023,Roubo Seguido de Morte Provocado por Projétil de Arma de Fogo,Latrocínio (Roubo seguido de morte),Centro,Centro
25041781-2023,2023,Homicídio Provocado por Emprego de Arma Branca,Homicídio doloso,Cosmos,Cosmos
26405261-2023,2023,Morte por Intervenção de Agente do Estado,Morte por intervenção de agente do Estado,Caju,Caju
26405261-2023,2023,Homicídio Provocado por Projétil de Arma de Fogo,Homicídio doloso,Caju,Caju
27331291-2023,2023,Morte por Intervenção de Agente do Estado,Morte por intervenção de agente do Estado,Senador camara,Senador Camará
76713821-2023,2023,Morte por Intervenção de Agente do Estado,Morte por intervenção de agente do Estado,Colegio,Colégio
93205681-2023,2023,Homicídio Provocado por Projétil de Arma de Fogo,Homicídio doloso,Barra de guaratiba,Barra de Guaratiba
97175011-2023,2023,Homicídio Provocado por Projétil de Arma de Fogo,Homicídio doloso,Recreio dos bandeirantes,Recreio dos Bandeirantes
01821721-2023,2023,Homicídio Provocado por Projétil de Arma de Fogo,Homicídio doloso,Rocha miranda,Rocha Miranda
15604981-2023,2023,Morte por Intervenção de Agente do Estado,Morte por intervenção de agente do Estado,Vigario geral,Vigário Geral
16517581-2023,2023,Homicídio Provocado por Projétil de Arma de Fogo,Homicídio doloso,Caju,Caju
62189741-2023,2023,Homicídio Provocado por Projétil de Arma de Fogo,Homicídio doloso,Copacabana,Copacabana
71186991-2023,2023,Morte por Intervenção de Agente do Estado,Morte por intervenção de agente do Estado,Cavalcante,Cavalcanti
74928871-2023,2023,Homicídio Provocado por Projétil de Arma de Fogo,Homicídio doloso,Copacabana,Copacabana
22147541-2023,2023,Homicídio Provocado por Projétil de Arma de Fogo,Homicídio doloso,Cascadura,Cascadura
65498582-2023,2023,Homicídio (outros),Homicídio doloso,Deodoro,Deodoro
22193011-2023,2023,Homicídio Provocado por Projétil de Arma de Fogo,Homicídio doloso,Centro,Centro
81516651-2023,2023,Homicídio Provocado por Projétil de Arma de Fogo,Homicídio doloso,Barros filho,Barros Filho
85353511-2023,2023,Homicídio Provocado por Projétil de Arma de Fogo,Homicídio doloso,Vargem grande,Vargem Grande
15947881-2023,2023,Morte por Intervenção de Agente do Estado,Morte por intervenção de agente do Estado,Curicica,Curicica
15947881-2023,2023,Morte por Intervenção de Agente do Estado,Morte por intervenção de agente do Estado,Curicica,Curicica
15947881-2023,2023,Morte por Intervenção de Agente do Estado,Morte por intervenção de agente do Estado,Curicica,Curicica
15947881-2023,2023,Morte por Intervenção de Agente do Estado,Morte por intervenção de agente do Estado,Curicica,Curicica
23643011-2023,2023,Morte por Intervenção de Agente do Estado,Morte por intervenção de agente do Estado,Engenho novo,Engenho Novo
59468001-2023,2023,Morte por Intervenção de Agente do Estado,Morte por intervenção de agente do Estado,Bangu,Bangu
62893241-2023,2023,Homicídio Provocado por Emprego de Arma Branca,Homicídio doloso,Bangu,Bangu
84233061-2023,2023,Morte por Intervenção de Agente do Estado,Morte por intervenção de agente do Estado,Cascadura,Cascadura
04792981-2023,2023,Homicídio Provocado por Projétil de Arma de Fogo,Homicídio doloso,Rio comprido,Rio Comprido
18335161-2023,2023,Homicídio Provocado por Projétil de Arma de Fogo,Homicídio doloso,Cidade de deus,Cidade de Deus
27063091-2023,2023,Homicídio (outros),Homicídio doloso,Jacare,Jacaré
27788191-2023,2023,Morte por Intervenção de Agente do Estado,Morte por intervenção de agente do Estado,Guadalupe,Guadalupe
48143881-2023,2023,Morte por Intervenção de Agente do Estado,Morte por intervenção de agente do Estado,Campinho,Campinho
63697071-2023,2023,Morte por Intervenção de Agente do Estado,Morte por intervenção de agente do Estado,Rio comprido,Rio Comprido
80871781-2023,2023,Morte por Intervenção de Agente do Estado,Morte por intervenção de agente do Estado,Rio comprido,Rio Comprido
55010691-2023,2023,Morte por Intervenção de Agente do Estado,Morte por intervenção de agente do Estado,Cdd jacarepagua,Cidade de Deus
72556691-2023,2023,Homicídio (outros),Homicídio doloso,Campo grande,Campo Grande
77467431-2023,2023,Morte por Intervenção de Agente do Estado,Morte por intervenção de agente do Estado,Jacarepagua,Jacarepaguá
80160851-2023,2023,Homicídio Provocado por Projétil de Arma de Fogo,Homicídio doloso,Anil,Anil
80160851-2023,2023,Homicídio Provocado por Projétil de Arma de Fogo,Homicídio doloso,Anil,Anil
80731181-2023,2023,Homicídio (outros),Homicídio doloso,Centro,Centro
10708081-2023,2023,Homicídio Provocado por Projétil de Arma de Fogo,Homicídio doloso,Anil,Anil
57111581-2023,2023,Homicídio Provocado por Asfixia,Homicídio doloso,Realengo,Realengo
79703051-2023,2023,Homicídio Provocado por Emprego de Arma Branca,Homicídio doloso,Pavuna,Pavuna
23455601-2023,2023,Homicídio Provocado por Projétil de Arma de Fogo,Homicídio doloso,Realengo,Realengo
23455601-2023,2023,Homicídio Provocado por Projétil de Arma de Fogo,Homicídio doloso,Realengo,Realengo
23455601-2023,2023,Homicídio Provocado por Projétil de Arma de Fogo,Homicídio doloso,Realengo,Realengo
28981711-2023,2023,Homicídio Provocado por Projétil de Arma de Fogo,Homicídio doloso,Taquara,Taquara
47483041-2023,2023,Homicídio (outros),Homicídio doloso,Turiacu,Turiaçú
02361701-2023,2023,Homicídio Provocado por Projétil de Arma de Fogo,Homicídio doloso,Padre miguel,Padre Miguel
10423681-2023,2023,Homicídio Provocado por Projétil de Arma de Fogo,Homicídio doloso,Bangu,Bangu
41450341-2023,2023,Homicídio Provocado por Projétil de Arma de Fogo,Homicídio doloso,Padre miguel,Padre Miguel
42459561-2023,2023,Morte por Intervenção de Agente do Estado,Morte por intervenção de agente do Estado,Pechincha,Pechincha
42459561-2023,2023,Morte por Intervenção de Agente do Estado,Morte por intervenção de agente do Estado,Pechincha,Pechincha
93963531-2023,2023,Homicídio Provocado por Projétil de Arma de Fogo,Homicídio doloso,Bangu,Bangu
27905491-2023,2023,Morte por Intervenção de Agente do Estado,Morte por intervenção de agente do Estado,Itanhanga,Itanhangá
40112041-2023,2023,Morte por Intervenção de Agente do Estado,Morte por intervenção de agente do Estado,Cachambi,Cachambi
40112041-2023,2023,Morte por Intervenção de Agente do Estado,Morte por intervenção de agente do Estado,Cachambi,Cachambi
50311092-2023,2023,Homicídio Provocado por Projétil de Arma de Fogo,Homicídio doloso,Jacarepagua,Jacarepaguá
62594691-2023,2023,Morte por Intervenção de Agente do Estado,Morte por intervenção de agente do Estado,Agua santa,Água Santa
62594691-2023,2023,Morte por Intervenção de Agente do Estado,Morte por intervenção de agente do Estado,Agua santa,Água Santa
68709761-2023,2023,Homicídio (outros),Homicídio doloso,Caju,Caju
87659731-2023,2023,Morte por Intervenção de Agente do Estado,Morte por intervenção de agente do Estado,Pavuna,Pavuna
92773911-2023,2023,Morte por Intervenção de Agente do Estado,Morte por intervenção de agente do Estado,Cascadura,Cascadura
97472491-2023,2023,Homicídio Provocado por Projétil de Arma de Fogo,Homicídio doloso,Senador camara,Senador Camará
26712241-2023,2023,Morte por Intervenção de Agente do Estado,Morte por intervenção de agente do Estado,Bangu,Bangu
43820651-2023,2023,Morte por Intervenção de Agente do Estado,Morte por intervenção de agente do Estado,Jacare,Jacaré
50377571-2023,2023,Morte por Intervenção de Agente do Estado,Morte por intervenção de agente do Estado,Leblon,Leblon
55800051-2023,2023,Homicídio Provocado por Projétil de Arma de Fogo,Homicídio doloso,Realengo,Realengo
59101591-2023,2023,Morte por Intervenção de Agente do Estado,Morte por intervenção de agente do Estado,Agua santa,Água Santa
78443291-2023,2023,Homicídio Provocado por Projétil de Arma de Fogo,Homicídio doloso,Barros filho,Barros Filho
85637671-2023,2023,Morte por Intervenção de Agente do Estado,Morte por intervenção de agente do Estado,Iraja,Irajá
85637671-2023,2023,Morte por Intervenção de Agente do Estado,Morte por intervenção de agente do Estado,Iraja,Irajá
85637671-2023,2023,Morte por Intervenção de Agente do Estado,Morte por intervenção de agente do Estado,Iraja,Irajá
86356951-2023,2023,Morte por Intervenção de Agente do Estado,Morte por intervenção de agente do Estado,Itanhanga,Itanhangá
86356951-2023,2023,Morte por Intervenção de Agente do Estado,Morte por intervenção de agente do Estado,Itanhanga,Itanhangá
94327381-2023,2023,Morte por Intervenção de Agente do Estado,Morte por intervenção de agente do Estado,Leblon,Leblon
60028071-2023,2023,Morte por Intervenção de Agente do Estado,Morte por intervenção de agente do Estado,Bangu,Bangu
60028071-2023,2023,Morte por Intervenção de Agente do Estado,Morte por intervenção de agente do Estado,Bangu,Bangu
60028071-2023,2023,Morte por Intervenção de Agente do Estado,Morte por intervenção de agente do Estado,Bangu,Bangu
77309791-2023,2023,Homicídio Provocado por Asfixia,Homicídio doloso,Recreio dos bandeirantes,Recreio dos Bandeirantes
77309791-2023,2023,Homicídio Provocado por Projétil de Arma de Fogo,Homicídio doloso,Recreio dos bandeirantes,Recreio dos Bandeirantes
87926641-2023,2023,Homicídio (outros),Homicídio doloso,Cosmos,Cosmos
04309532-2023,2023,Homicídio (outros),Homicídio doloso,Pavuna,Pavuna
87538011-2023,2023,Homicídio (outros),Homicídio doloso,Deodoro,Deodoro
10278291-2023,2023,Homicídio Provocado por Emprego de Arma Branca,Homicídio doloso,Bangu,Bangu
41756711-2023,2023,Homicídio Provocado por Emprego de Arma Branca,Homicídio doloso,Anchieta,Anchieta
51576361-2023,2023,Homicídio Provocado por Projétil de Arma de Fogo,Homicídio doloso,Praca seca,Praça Seca
54897321-2023,2023,Morte por Intervenção de Agente do Estado,Morte por intervenção de agente do Estado,Freguesia de jacarepagua,Freguesia (Jacarepaguá)
13991602-2023,2023,Homicídio Provocado por Projétil de Arma de Fogo,Homicídio doloso,Colegio,Colégio
93285351-2023,2023,Homicídio Provocado por Projétil de Arma de Fogo,Homicídio doloso,Rocha miranda,Rocha Miranda
36060501-2023,2023,Homicídio Provocado por Projétil de Arma de Fogo,Homicídio doloso,Bangu,Bangu
61653341-2023,2023,Homicídio Provocado por Paulada,Homicídio doloso,Marechal hermes,Marechal Hermes
82780971-2023,2023,Homicídio Provocado por Projétil de Arma de Fogo,Homicídio doloso,Oswaldo cruz,Oswaldo Cruz
30275291-2023,2023,Homicídio (outros),Homicídio doloso,Penha circular,Penha Circular
36417241-2023,2023,Homicídio Provocado por Emprego de Arma Branca,Homicídio doloso,Centro,Centro
63440771-2023,2023,Homicídio (outros),Homicídio doloso,Ipanema,Ipanema
55755081-2023,2023,Homicídio (outros),Homicídio doloso,Engenho da rainha,Engenho da Rainha
62407121-2023,2023,"Lesão Corporal Seguida de Morte Provocada por Socos, Tapas ou Pontapés",Lesão corporal seguida de morte,Campo grande,Campo Grande
70961921-2023,2023,Homicídio Provocado por Projétil de Arma de Fogo,Homicídio doloso,Coelho neto,Coelho Neto
31096581-2023,2023,Homicídio Provocado por Projétil de Arma de Fogo,Homicídio doloso,Rocha miranda,Rocha Miranda
77667471-2023,2023,Homicídio Provocado por Projétil de Arma de Fogo,Homicídio doloso,Pilares,Pilares
08082601-2023,2023,Homicídio Provocado por Projétil de Arma de Fogo,Homicídio doloso,Campo grande,Campo Grande
13136162-2023,2023,Homicídio Provocado por Projétil de Arma de Fogo,Homicídio doloso,Jacarepagua,Jacarepaguá
18209801-2023,2023,Homicídio Provocado por Projétil de Arma de Fogo,Homicídio doloso,Senador camara,Senador Camará
50070461-2023,2023,Morte por Intervenção de Agente do Estado,Morte por intervenção de agente do Estado,Praca seca,Praça Seca
59824691-2023,2023,Homicídio Provocado por Projétil de Arma de Fogo,Homicídio doloso,Cachambi,Cachambi
25902521-2023,2023,Homicídio (outros),Homicídio doloso,Madureira,Madureira
91640771-2023,2023,Homicídio Provocado por Projétil de Arma de Fogo,Homicídio doloso,Freguesia,Freguesia (Jacarepaguá)
71507391-2023,2023,Homicídio (outros),Homicídio doloso,Vicente de carvalho,Vicente de Carvalho
97456041-2023,2023,Homicídio (outros),Homicídio doloso,Realengo,Realengo
01096962-2023,2023,Homicídio Provocado por Projétil de Arma de Fogo,Homicídio doloso,Cordovil,Cordovil
02018951-2023,2023,Homicídio Provocado por Projétil de Arma de Fogo,Homicídio doloso,Realengo,Realengo
07494351-2023,2023,Morte por Intervenção de Agente do Estado,Morte por intervenção de agente do Estado,Bangu,Bangu
07494351-2023,2023,Morte por Intervenção de Agente do Estado,Morte por intervenção de agente do Estado,Bangu,Bangu
07681311-2023,2023,Homicídio Provocado por Projétil de Arma de Fogo,Homicídio doloso,Realengo,Realengo
09218341-2023,2023,Homicídio Provocado por Projétil de Arma de Fogo,Homicídio doloso,Mangueira,Mangueira
37490291-2023,2023,Homicídio Provocado por Projétil de Arma de Fogo,Homicídio doloso,Marechal hermes,Marechal Hermes
68677541-2023,2023,Homicídio Provocado por Projétil de Arma de Fogo,Homicídio doloso,Sepetiba,Sepetiba
68677541-2023,2023,Homicídio Provocado por Projétil de Arma de Fogo,Homicídio doloso,Sepetiba,Sepetiba
32946581-2023,2023,Morte por Intervenção de Agente do Estado,Morte por intervenção de agente do Estado,Bangu,Bangu
43385921-2023,2023,Homicídio Provocado por Asfixia,Homicídio doloso,Jacare,Jacaré
74857411-2023,2023,Homicídio Provocado por Projétil de Arma de Fogo,Homicídio doloso,Barra da tijuca,Barra da Tijuca
74857411-2023,2023,Homicídio Provocado por Projétil de Arma de Fogo,Homicídio doloso,Barra da tijuca,Barra da Tijuca
74857411-2023,2023,Homicídio Provocado por Projétil de Arma de Fogo,Homicídio doloso,Barra da tijuca,Barra da Tijuca
74857411-2023,2023,Homicídio Provocado por Projétil de Arma de Fogo,Homicídio doloso,Barra da tijuca,Barra da Tijuca
82358781-2023,2023,Homicídio (outros),Homicídio doloso,Curicica,Curicica
93387431-2023,2023,Homicídio Provocado por Projétil de Arma de Fogo,Homicídio doloso,Penha,Penha
94549041-2023,2023,Morte por Intervenção de Agente do Estado,Morte por intervenção de agente do Estado,Praca seca,Praça Seca
94549041-2023,2023,Morte por Intervenção de Agente do Estado,Morte por intervenção de agente do Estado,Praca seca,Praça Seca
95470961-2023,2023,Homicídio Provocado por Projétil de Arma de Fogo,Homicídio doloso,Senador camara,Senador Camará
01705561-2023,2023,Homicídio Provocado por Projétil de Arma de Fogo,Homicídio doloso,Rio das pedras,Itanhangá
33993001-2023,2023,Homicídio Provocado por Projétil de Arma de Fogo,Homicídio doloso,Jacarepagua,Jacarepaguá
53703991-2023,2023,Morte por Intervenção de Agente do Estado,Morte por intervenção de agente do Estado,Bangu,Bangu
96596291-2023,2023,Morte por Intervenção de Agente do Estado,Morte por intervenção de agente do Estado,Lins de vasconcelos,Lins de Vasconcelos
07679081-2023,2023,Homicídio Provocado por Projétil de Arma de Fogo,Homicídio doloso,Piedade,Piedade
31913141-2023,2023,Homicídio Provocado por Projétil de Arma de Fogo,Homicídio doloso,Praca seca,Praça Seca
34504501-2023,2023,Homicídio Provocado por Projétil de Arma de Fogo,Homicídio doloso,Vila isabel,Vila Isabel
35483821-2023,2023,Homicídio Provocado por Projétil de Arma de Fogo,Homicídio doloso,Bangu,Bangu
35483821-2023,2023,Homicídio Provocado por Projétil de Arma de Fogo,Homicídio doloso,Bangu,Bangu
90468701-2023,2023,Homicídio Provocado por Projétil de Arma de Fogo,Homicídio doloso,Encantado,Encantado
23489541-2023,2023,Morte por Intervenção de Agente do Estado,Morte por intervenção de agente do Estado,Praca seca,Praça Seca
23489541-2023,2023,Morte por Intervenção de Agente do Estado,Morte por intervenção de agente do Estado,Praca seca,Praça Seca
30798561-2023,2023,Morte por Intervenção de Agente do Estado,Morte por intervenção de agente do Estado,Bras de pina,Brás de Pina
36235281-2023,2023,Homicídio Provocado por Projétil de Arma de Fogo,Homicídio doloso,Gardenia,Gardênia Azul
48316901-2023,2023,Morte por Intervenção de Agente do Estado,Morte por intervenção de agente do Estado,Penha circular,Penha Circular
68888481-2023,2023,Morte por Intervenção de Agente do Estado,Morte por intervenção de agente do Estado,Bras de pina,Brás de Pina
68888481-2023,2023,Morte por Intervenção de Agente do Estado,Morte por intervenção de agente do Estado,Bras de pina,Brás de Pina
88641921-2023,2023,Homicídio Provocado por Emprego de Arma Branca,Homicídio doloso,Cosmos,Cosmos
13930991-2023,2023,Homicídio (outros),Homicídio doloso,Campo grande,Campo Grande
43852621-2023,2023,Homicídio Provocado por Projétil de Arma de Fogo,Homicídio doloso,Jacarepagua,Jacarepaguá
51278311-2023,2023,Homicídio Provocado por Projétil de Arma de Fogo,Homicídio doloso,Jacarepagua,Jacarepaguá
62773621-2023,2023,Homicídio Provocado por Projétil de Arma de Fogo,Homicídio doloso,Rocha miranda,Rocha Miranda
67129191-2023,2023,Homicídio (outros),Homicídio doloso,Sao cristovao,São Cristóvão
67320051-2023,2023,Homicídio Provocado por Projétil de Arma de Fogo,Homicídio doloso,Rio das pedras,Itanhangá
36384671-2023,2023,Homicídio (outros),Homicídio doloso,Penha,Penha
55303621-2023,2023,Homicídio Provocado por Projétil de Arma de Fogo,Homicídio doloso,Cavalcanti,Cavalcanti
55303621-2023,2023,Homicídio Provocado por Projétil de Arma de Fogo,Homicídio doloso,Cavalcanti,Cavalcanti
57237801-2023,2023,Homicídio Provocado por Projétil de Arma de Fogo,Homicídio doloso,Leblon,Leblon
66479311-2023,2023,Morte por Intervenção de Agente do Estado,Morte por intervenção de agente do Estado,Vicente de carvalho,Vicente de Carvalho
74914381-2023,2023,Homicídio Provocado por Projétil de Arma de Fogo,Homicídio doloso,Jacarepagua,Jacarepaguá
82490411-2023,2023,Homicídio (outros),Homicídio doloso,Sao cristovao,São Cristóvão
19684141-2023,2023,Morte por Intervenção de Agente do Estado,Morte por intervenção de agente do Estado,Coelho neto,Coelho Neto
38400821-2023,2023,Homicídio Provocado por Projétil de Arma de Fogo,Homicídio doloso,Anil,Anil
28131161-2023,2023,Homicídio Provocado por Projétil de Arma de Fogo,Homicídio doloso,Senador camara,Senador Camará
31567561-2023,2023,Morte por Intervenção de Agente do Estado,Morte por intervenção de agente do Estado,Jacarepagua,Jacarepaguá
31567561-2023,2023,Morte por Intervenção de Agente do Estado,Morte por intervenção de agente do Estado,Jacarepagua,Jacarepaguá
34038001-2023,2023,Morte por Intervenção de Agente do Estado,Morte por intervenção de agente do Estado,Anil,Anil
34038001-2023,2023,Morte por Intervenção de Agente do Estado,Morte por intervenção de agente do Estado,Anil,Anil
75542051-2023,2023,Morte por Intervenção de Agente do Estado,Morte por intervenção de agente do Estado,Barros filho,Barros Filho
02874431-2023,2023,Homicídio Provocado por Projétil de Arma de Fogo,Homicídio doloso,Campinho,Campinho
18604181-2023,2023,Homicídio Provocado por Projétil de Arma de Fogo,Homicídio doloso,Itanhanga,Itanhangá
27650961-2023,2023,Homicídio (outros),Homicídio doloso,Guaratiba,Guaratiba
35864631-2023,2023,Homicídio Provocado por Projétil de Arma de Fogo,Homicídio doloso,Vaz lobo,Vaz Lobo
95014741-2023,2023,Roubo Seguido de Morte Provocado por Projétil de Arma de Fogo,Latrocínio (Roubo seguido de morte),Campinho,Campinho
01309241-2023,2023,Homicídio Provocado por Projétil de Arma de Fogo,Homicídio doloso,Bangu,Bangu
05240041-2023,2023,Homicídio (outros),Homicídio doloso,Pavuna,Pavuna
07354671-2023,2023,Lesão Corporal Seguida de Morte (outros),Lesão corporal seguida de morte,Recreio dos bandeirantes,Recreio dos Bandeirantes
21133011-2023,2023,Homicídio Provocado por Projétil de Arma de Fogo,Homicídio doloso,Iraja,Irajá
37300231-2023,2023,Homicídio Provocado por Projétil de Arma de Fogo,Homicídio doloso,Curicica,Curicica
45022561-2023,2023,Homicídio Provocado por Projétil de Arma de Fogo,Homicídio doloso,Flamengo,Flamengo
63226511-2023,2023,Homicídio Provocado por Emprego de Arma Branca,Homicídio doloso,Bangu,Bangu
65074881-2023,2023,Homicídio Provocado por Emprego de Arma Branca,Homicídio doloso,Grajau,Grajaú
90594351-2023,2023,Homicídio (outros),Homicídio doloso,Humaita,Humaitá
41784831-2023,2023,Homicídio Provocado por Projétil de Arma de Fogo,Homicídio doloso,Penha circular,Penha Circular
49738011-2023,2023,Homicídio Provocado por Projétil de Arma de Fogo,Homicídio doloso,Penha,Penha
74484761-2023,2023,Morte por Intervenção de Agente do Estado,Morte por intervenção de agente do Estado,Bangu,Bangu
22465351-2023,2023,Morte por Intervenção de Agente do Estado,Morte por intervenção de agente do Estado,Tanque,Tanque
25180352-2023,2023,Homicídio Provocado por Projétil de Arma de Fogo,Homicídio doloso,Costa barros,Costa Barros
25180352-2023,2023,Homicídio Provocado por Projétil de Arma de Fogo,Homicídio doloso,Costa barros,Costa Barros
89549591-2023,2023,Homicídio Provocado por Projétil de Arma de Fogo,Homicídio doloso,Senador camara,Senador Camará
91453671-2023,2023,Homicídio Provocado por Projétil de Arma de Fogo,Homicídio doloso,Itanhanga,Itanhangá
94993341-2023,2023,Homicídio Provocado por Projétil de Arma de Fogo,Homicídio doloso,Penha,Penha
15617601-2023,2023,Homicídio Provocado por Projétil de Arma de Fogo,Homicídio doloso,Madureira,Madureira
25364091-2023,2023,Morte por Intervenção de Agente do Estado,Morte por intervenção de agente do Estado,Tanque,Tanque
31937981-2023,2023,Homicídio Provocado por Projétil de Arma de Fogo,Homicídio doloso,Rio das pedras,Itanhangá
45770151-2023,2023,Homicídio (outros),Homicídio doloso,Inhauma,Inhaúma
57156921-2023,2023,Morte por Intervenção de Agente do Estado,Morte por intervenção de agente do Estado,Tanque,Tanque
59669381-2023,2023,Homicídio Provocado por Projétil de Arma de Fogo,Homicídio doloso,Anil,Anil
88109071-2023,2023,Morte por Intervenção de Agente do Estado,Morte por intervenção de agente do Estado,Santa cruz,Santa Cruz
06768821-2023,2023,Homicídio Provocado por Projétil de Arma de Fogo,Homicídio doloso,Anil,Anil
33546221-2023,2023,Homicídio Provocado por Emprego de Arma Branca,Homicídio doloso,Sao cristovao,São Cristóvão
44771841-2023,2023,Homicídio Provocado por Projétil de Arma de Fogo,Homicídio doloso,Realengo,Realengo
72617891-2023,2023,Morte por Intervenção de Agente do Estado,Morte por intervenção de agente do Estado,Padre miguel,Padre Miguel
77491442-2023,2023,Homicídio (outros),Homicídio doloso,Centro,Centro
35425631-2023,2023,Homicídio (outros),Homicídio doloso,Complexo do alemao,Complexo do Alemão
76198141-2023,2023,Homicídio Provocado por Projétil de Arma de Fogo,Homicídio doloso,Realengo,Realengo
78620741-2023,2023,Morte por Intervenção de Agente do Estado,Morte por intervenção de agente do Estado,Cidade de deus,Cidade de Deus
78620741-2023,2023,Morte por Intervenção de Agente do Estado,Morte por intervenção de agente do Estado,Cidade de deus,Cidade de Deus
78620741-2023,2023,Morte por Intervenção de Agente do Estado,Morte por intervenção de agente do Estado,Cidade de deus,Cidade de Deus
95495351-2023,2023,Morte por Intervenção de Agente do Estado,Morte por intervenção de agente do Estado,Maria da graca,Maria da Graça
13963381-2023,2023,Morte por Intervenção de Agente do Estado,Morte por intervenção de agente do Estado,Jacarezinho,Jacarezinho
81231091-2023,2023,Homicídio Provocado por Asfixia,Homicídio doloso,Santa tereza,Santa Teresa
98555381-2023,2023,Homicídio Provocado por Projétil de Arma de Fogo,Homicídio doloso,Barra de guaratiba,Barra de Guaratiba
65692321-2023,2023,Homicídio Provocado por Projétil de Arma de Fogo,Homicídio doloso,Costa barros,Costa Barros
66161502-2023,2023,Homicídio Provocado por Projétil de Arma de Fogo,Homicídio doloso,Jacarezinho,Jacarezinho
71628862-2023,2023,Homicídio Provocado por Projétil de Arma de Fogo,Homicídio doloso,Costa barros,Costa Barros
78224201-2023,2023,Homicídio Provocado por Projétil de Arma de Fogo,Homicídio doloso,Centro,Centro
81947331-2023,2023,Homicídio Provocado por Emprego de Arma Branca,Homicídio doloso,Estacio,Estácio
18382001-2023,2023,Homicídio Provocado por Projétil de Arma de Fogo,Homicídio doloso,Meier,Méier
23801241-2023,2023,Homicídio Provocado por Projétil de Arma de Fogo,Homicídio doloso,Rocha miranda,Rocha Miranda
64189041-2023,2023,Homicídio Provocado por Projétil de Arma de Fogo,Homicídio doloso,Muzema,Itanhangá
99736321-2023,2023,Homicídio Provocado por Projétil de Arma de Fogo,Homicídio doloso,Realengo,Realengo
05083491-2023,2023,Homicídio Provocado por Projétil de Arma de Fogo,Homicídio doloso,Piedade,Piedade
29180971-2023,2023,Homicídio Provocado por Emprego de Arma Branca,Homicídio doloso,Pilares,Pilares
57702951-2023,2023,Homicídio Provocado por Projétil de Arma de Fogo,Homicídio doloso,Recreio dos bandeirantes,Recreio dos Bandeirantes
78740181-2023,2023,Morte por Intervenção de Agente do Estado,Morte por intervenção de agente do Estado,Bonsucesso,Bonsucesso
78740181-2023,2023,Morte por Intervenção de Agente do Estado,Morte por intervenção de agente do Estado,Bonsucesso,Bonsucesso
03233791-2023,2023,Homicídio Provocado por Projétil de Arma de Fogo,Homicídio doloso,Coelho neto,Coelho Neto
18731351-2023,2023,Morte por Intervenção de Agente do Estado,Morte por intervenção de agente do Estado,Cascadura,Cascadura
21569151-2023,2023,Morte por Intervenção de Agente do Estado,Morte por intervenção de agente do Estado,Agua santa,Água Santa
21569151-2023,2023,Morte por Intervenção de Agente do Estado,Morte por intervenção de agente do Estado,Agua santa,Água Santa
27513221-2023,2023,Homicídio Provocado por Projétil de Arma de Fogo,Homicídio doloso,Ricardo de albuquerque,Ricardo de Albuquerque
38593151-2023,2023,Morte por Intervenção de Agente do Estado,Morte por intervenção de agente do Estado,Jacarepagua,Jacarepaguá
61281751-2023,2023,Homicídio (outros),Homicídio doloso,Cidade de deus,Cidade de Deus
63616821-2023,2023,Homicídio (outros),Homicídio doloso,Jacarepagua,Jacarepaguá
77310651-2023,2023,Homicídio Provocado por Projétil de Arma de Fogo,Homicídio doloso,Paciencia - jardim palmares,Paciência
81890501-2023,2023,Morte por Intervenção de Agente do Estado,Morte por intervenção de agente do Estado,Iraja,Irajá
34258821-2023,2023,Homicídio Provocado por Projétil de Arma de Fogo,Homicídio doloso,Gardenia azul,Gardênia Azul
54298971-2023,2023,Morte por Intervenção de Agente do Estado,Morte por intervenção de agente do Estado,Vigario geral,Vigário Geral
54821361-2023,2023,Homicídio (outros),Homicídio doloso,Bras de pina,Brás de Pina
87599481-2023,2023,Morte por Intervenção de Agente do Estado,Morte por intervenção de agente do Estado,Engenho da rainha,Engenho da Rainha
04797652-2023,2023,Homicídio Provocado por Projétil de Arma de Fogo,Homicídio doloso,Senador camara,Senador Camará
52671791-2023,2023,Homicídio Provocado por Projétil de Arma de Fogo,Homicídio doloso,Botafogo,Botafogo
62916601-2023,2023,Morte por Intervenção de Agente do Estado,Morte por intervenção de agente do Estado,Barra da tijuca,Barra da Tijuca
62916601-2023,2023,Morte por Intervenção de Agente do Estado,Morte por intervenção de agente do Estado,Barra da tijuca,Barra da Tijuca
47525781-2023,2023,Homicídio (outros),Homicídio doloso,Curicica,Curicica
48054811-2023,2023,Homicídio Provocado por Projétil de Arma de Fogo,Homicídio doloso,Anil,Anil
85448042-2023,2023,Homicídio (outros),Homicídio doloso,Santa cruz,Santa Cruz
07632291-2023,2023,Homicídio Provocado por Projétil de Arma de Fogo,Homicídio doloso,Itanhanga,Itanhangá
15079221-2023,2023,Morte por Intervenção de Agente do Estado,Morte por intervenção de agente do Estado,Centro,Centro
58495051-2023,2023,Roubo Seguido de Morte Provocado por Projétil de Arma de Fogo,Latrocínio (Roubo seguido de morte),Vigario geral,Vigário Geral
77298931-2023,2023,Homicídio Provocado por Projétil de Arma de Fogo,Homicídio doloso,Anil,Anil
04217061-2023,2023,Morte por Intervenção de Agente do Estado,Morte por intervenção de agente do Estado,Bangu,Bangu
81998551-2023,2023,Homicídio Provocado por Projétil de Arma de Fogo,Homicídio doloso,Barros filho,Barros Filho
81998551-2023,2023,Homicídio Provocado por Projétil de Arma de Fogo,Homicídio doloso,Barros filho,Barros Filho
15025081-2023,2023,Morte por Intervenção de Agente do Estado,Morte por intervenção de agente do Estado,Pilares,Pilares
27099131-2023,2023,Morte por Intervenção de Agente do Estado,Morte por intervenção de agente do Estado,Campo grande,Campo Grande
27099131-2023,2023,Morte por Intervenção de Agente do Estado,Morte por intervenção de agente do Estado,Campo grande,Campo Grande
30152501-2023,2023,Homicídio (outros),Homicídio doloso,Pavuna,Pavuna
44022091-2023,2023,Homicídio Provocado por Projétil de Arma de Fogo,Homicídio doloso,Rio das pedras,Itanhangá
72571521-2023,2023,Morte por Intervenção de Agente do Estado,Morte por intervenção de agente do Estado,Gardenia azul,Gardênia Azul
85576381-2023,2023,Homicídio (outros),Homicídio doloso,Pilares,Pilares
93568941-2023,2023,Morte por Intervenção de Agente do Estado,Morte por intervenção de agente do Estado,Bangu,Bangu
34662821-2023,2023,Lesão Corporal Seguida de Morte (outros),Lesão corporal seguida de morte,Rio comprido,Rio Comprido
39544201-2023,2023,Homicídio Provocado por Projétil de Arma de Fogo,Homicídio doloso,Itanhanga,Itanhangá
79054211-2023,2023,Morte por Intervenção de Agente do Estado,Morte por intervenção de agente do Estado,Bangu,Bangu
97831771-2023,2023,Homicídio Provocado por Projétil de Arma de Fogo,Homicídio doloso,Anil,Anil
00280991-2023,2023,Morte por Intervenção de Agente do Estado,Morte por intervenção de agente do Estado,Penha,Penha
10886731-2023,2023,Homicídio Provocado por Projétil de Arma de Fogo,Homicídio doloso,Iraja,Irajá
13277681-2023,2023,Homicídio Provocado por Projétil de Arma de Fogo,Homicídio doloso,Santa cruz,Santa Cruz
24542301-2023,2023,Homicídio Provocado por Projétil de Arma de Fogo,Homicídio doloso,Catumbi,Catumbi
50550041-2023,2023,Homicídio Provocado por Emprego de Arma Branca,Homicídio doloso,Cidade nova,Cidade Nova
42944751-2023,2023,Homicídio Provocado por Projétil de Arma de Fogo,Homicídio doloso,Manguinhos,Manguinhos
42944751-2023,2023,Homicídio Provocado por Projétil de Arma de Fogo,Homicídio doloso,Manguinhos,Manguinhos
42944751-2023,2023,Homicídio Provocado por Projétil de Arma de Fogo,Homicídio doloso,Manguinhos,Manguinhos
51620931-2023,2023,Morte por Intervenção de Agente do Estado,Morte por intervenção de agente do Estado,Honorio gurgel,Honório Gurgel
86420121-2023,2023,Homicídio (outros),Homicídio doloso,Realengo,Realengo
31190661-2023,2023,Homicídio Provocado por Projétil de Arma de Fogo,Homicídio doloso,Maracana,Maracanã
06223171-2023,2023,Lesão Corporal Seguida de Morte (outros),Lesão corporal seguida de morte,Cascadura,Cascadura
70173921-2023,2023,Homicídio (outros),Homicídio doloso,Campo grande,Campo Grande
90995581-2023,2023,Morte por Intervenção de Agente do Estado,Morte por intervenção de agente do Estado,Penha,Penha
90995581-2023,2023,Morte por Intervenção de Agente do Estado,Morte por intervenção de agente do Estado,Penha,Penha
91803571-2023,2023,Homicídio (outros),Homicídio doloso,Bananal (ilha do governador),Freguesia (Ilha do Governador)
94985151-2023,2023,Homicídio Provocado por Emprego de Arma Branca,Homicídio doloso,Costa barros,Costa Barros
11570561-2023,2023,Homicídio Provocado por Projétil de Arma de Fogo,Homicídio doloso,Santa cruz,Santa Cruz
45426091-2023,2023,Morte por Intervenção de Agente do Estado,Morte por intervenção de agente do Estado,Praca seca,Praça Seca
52387161-2023,2023,Morte por Intervenção de Agente do Estado,Morte por intervenção de agente do Estado,Madureira,Madureira
52387161-2023,2023,Morte por Intervenção de Agente do Estado,Morte por intervenção de agente do Estado,Madureira,Madureira
15106431-2023,2023,Homicídio Provocado por Projétil de Arma de Fogo,Homicídio doloso,Santa cruz,Santa Cruz
27948851-2023,2023,Homicídio (outros),Homicídio doloso,Padre miguel,Padre Miguel
46686101-2023,2023,Homicídio Provocado por Projétil de Arma de Fogo,Homicídio doloso,Madureira,Madureira
46686101-2023,2023,Homicídio Provocado por Projétil de Arma de Fogo,Homicídio doloso,Madureira,Madureira
81929301-2023,2023,Homicídio Provocado por Projétil de Arma de Fogo,Homicídio doloso,Vargem grande,Vargem Grande
94183191-2023,2023,Homicídio Provocado por Projétil de Arma de Fogo,Homicídio doloso,Vargem grande,Vargem Grande
96010041-2023,2023,Homicídio Provocado por Projétil de Arma de Fogo,Homicídio doloso,Realengo,Realengo
00162171-2023,2023,Homicídio Provocado por Projétil de Arma de Fogo,Homicídio doloso,Vargem grande,Vargem Grande
51729741-2023,2023,Homicídio Provocado por Projétil de Arma de Fogo,Homicídio doloso,Praca da bandeira,Praça da Bandeira
69295051-2023,2023,Morte por Intervenção de Agente do Estado,Morte por intervenção de agente do Estado,Freguesia,Freguesia (Jacarepaguá)
19489241-2023,2023,Homicídio Provocado por Projétil de Arma de Fogo,Homicídio doloso,Vargem grande,Vargem Grande
25971281-2023,2023,Homicídio Provocado por Emprego de Arma Branca,Homicídio doloso,Flamengo,Flamengo
78226621-2023,2023,Morte por Intervenção de Agente do Estado,Morte por intervenção de agente do Estado,Tanque,Tanque
02361501-2023,2023,Homicídio Provocado por Projétil de Arma de Fogo,Homicídio doloso,Santa cruz,Santa Cruz
23730311-2023,2023,Homicídio (outros),Homicídio doloso,Jacare,Jacaré
29682761-2023,2023,Homicídio (outros),Homicídio doloso,Santa cruz,Santa Cruz
11413971-2023,2023,Homicídio (outros),Homicídio doloso,Realengo,Realengo
48724391-2023,2023,Morte por Intervenção de Agente do Estado,Morte por intervenção de agente do Estado,Vila da penha,Vila da Penha
87001691-2023,2023,Homicídio (outros),Homicídio doloso,Bonsucesso,Bonsucesso
01460361-2023,2023,Homicídio (outros),Homicídio doloso,Benfica,Benfica
10331121-2023,2023,Morte por Intervenção de Agente do Estado,Morte por intervenção de agente do Estado,Cascadura,Cascadura
10331121-2023,2023,Morte por Intervenção de Agente do Estado,Morte por intervenção de agente do Estado,Cascadura,Cascadura
50844551-2023,2023,Homicídio Provocado por Projétil de Arma de Fogo,Homicídio doloso,Campo grande,Campo Grande
27851241-2023,2023,Homicídio Provocado por Projétil de Arma de Fogo,Homicídio doloso,Vicente de carvalho,Vicente de Carvalho
62548061-2023,2023,Morte por Intervenção de Agente do Estado,Morte por intervenção de agente do Estado,Rocha miranda,Rocha Miranda
22609381-2023,2023,Roubo Seguido de Morte Provocado por Projétil de Arma de Fogo,Latrocínio (Roubo seguido de morte),Humaita,Humaitá
63455351-2023,2023,Roubo Seguido de Morte (outros),Latrocínio (Roubo seguido de morte),Guaratiba,Guaratiba
73777301-2023,2023,Homicídio (outros),Homicídio doloso,Iraja,Irajá
14030282-2023,2023,Lesão Corporal Seguida de Morte (outros),Lesão corporal seguida de morte,Coelho neto,Coelho Neto
44237811-2023,2023,Homicídio Provocado por Projétil de Arma de Fogo,Homicídio doloso,Vaz lobo,Vaz Lobo
48208591-2023,2023,Lesão Corporal Seguida de Morte (outros),Lesão corporal seguida de morte,Centro,Centro
52560941-2023,2023,Morte por Intervenção de Agente do Estado,Morte por intervenção de agente do Estado,Cavalcanti,Cavalcanti
62111591-2023,2023,Homicídio Provocado por Projétil de Arma de Fogo,Homicídio doloso,Madureira,Madureira
83321511-2023,2023,Homicídio Provocado por Projétil de Arma de Fogo,Homicídio doloso,Anil,Anil
98134601-2023,2023,Homicídio Provocado por Projétil de Arma de Fogo,Homicídio doloso,Iraja,Irajá
23419521-2023,2023,Homicídio Provocado por Projétil de Arma de Fogo,Homicídio doloso,Del castilho,Del Castilho
37493621-2023,2023,Homicídio (outros),Homicídio doloso,Abolicao,Abolição
39097311-2023,2023,Homicídio Provocado por Projétil de Arma de Fogo,Homicídio doloso,Santa cruz,Santa Cruz
75917561-2023,2023,Morte por Intervenção de Agente do Estado,Morte por intervenção de agente do Estado,Praca seca,Praça Seca
79912321-2023,2023,Homicídio Provocado por Projétil de Arma de Fogo,Homicídio doloso,Jacarepagua,Jacarepaguá
25878991-2023,2023,Homicídio Provocado por Projétil de Arma de Fogo,Homicídio doloso,Benfica,Benfica
60101441-2023,2023,Homicídio Provocado por Projétil de Arma de Fogo,Homicídio doloso,Itanhanga,Itanhangá
76684151-2023,2023,Morte por Intervenção de Agente do Estado,Morte por intervenção de agente do Estado,Cidade universitaria,Cidade Universitária
79025821-2023,2023,Morte por Intervenção de Agente do Estado,Morte por intervenção de agente do Estado,Coelho neto,Coelho Neto
35856941-2023,2023,Morte por Intervenção de Agente do Estado,Morte por intervenção de agente do Estado,Tanque,Tanque
37480001-2023,2023,Homicídio (outros),Homicídio doloso,Realengo,Realengo
69262191-2023,2023,Morte por Intervenção de Agente do Estado,Morte por intervenção de agente do Estado,Recreio,Recreio dos Bandeirantes
83563181-2023,2023,Morte por Intervenção de Agente do Estado,Morte por intervenção de agente do Estado,Senador camara,Senador Camará
83563181-2023,2023,Morte por Intervenção de Agente do Estado,Morte por intervenção de agente do Estado,Senador camara,Senador Camará
83563181-2023,2023,Morte por Intervenção de Agente do Estado,Morte por intervenção de agente do Estado,Senador camara,Senador Camará
87268311-2023,2023,Homicídio Provocado por Projétil de Arma de Fogo,Homicídio doloso,Marechal hermes,Marechal Hermes
87950831-2023,2023,Morte por Intervenção de Agente do Estado,Morte por intervenção de agente do Estado,Taquara,Taquara
90881961-2023,2023,Homicídio Provocado por Projétil de Arma de Fogo,Homicídio doloso,Taquara,Taquara
18949851-2023,2023,Morte por Intervenção de Agente do Estado,Morte por intervenção de agente do Estado,Bangu,Bangu
33665491-2023,2023,Morte por Intervenção de Agente do Estado,Morte por intervenção de agente do Estado,Bonsucesso,Bonsucesso
82849571-2023,2023,Morte por Intervenção de Agente do Estado,Morte por intervenção de agente do Estado,Iraja,Irajá
23583471-2023,2023,Homicídio Provocado por Projétil de Arma de Fogo,Homicídio doloso,Recreio dos bandeirantes,Recreio dos Bandeirantes
92091141-2023,2023,Homicídio Provocado por Emprego de Arma Branca,Homicídio doloso,Bento ribeiro,Bento Ribeiro
99855901-2023,2023,Morte por Intervenção de Agente do Estado,Morte por intervenção de agente do Estado,Meier,Méier
29690141-2023,2023,Homicídio Provocado por Projétil de Arma de Fogo,Homicídio doloso,Costa barros,Costa Barros
42153891-2023,2023,Morte por Intervenção de Agente do Estado,Morte por intervenção de agente do Estado,Praca seca,Praça Seca
65103491-2023,2023,Homicídio Provocado por Projétil de Arma de Fogo,Homicídio doloso,Costa barros,Costa Barros
91375331-2023,2023,Homicídio Provocado por Projétil de Arma de Fogo,Homicídio doloso,Leblon,Leblon
52484471-2023,2023,Homicídio Provocado por Projétil de Arma de Fogo,Homicídio doloso,Penha,Penha
91474881-2023,2023,Homicídio Provocado por Projétil de Arma de Fogo,Homicídio doloso,Realengo,Realengo
54377191-2023,2023,Homicídio Provocado por Projétil de Arma de Fogo,Homicídio doloso,Campo grande,Campo Grande
93719571-2023,2023,Morte por Intervenção de Agente do Estado,Morte por intervenção de agente do Estado,Iraja,Irajá
45436151-2023,2023,Morte por Intervenção de Agente do Estado,Morte por intervenção de agente do Estado,Penha,Penha
90348811-2023,2023,Morte por Intervenção de Agente do Estado,Morte por intervenção de agente do Estado,Mare,Maré
08619641-2023,2023,Homicídio Provocado por Projétil de Arma de Fogo,Homicídio doloso,Campo grande,Campo Grande
36260681-2023,2023,Homicídio Provocado por Projétil de Arma de Fogo,Homicídio doloso,Costa barros,Costa Barros
52006881-2023,2023,Homicídio Provocado por Projétil de Arma de Fogo,Homicídio doloso,Anchieta,Anchieta
52006881-2023,2023,Homicídio Provocado por Projétil de Arma de Fogo,Homicídio doloso,Anchieta,Anchieta
28191311-2023,2023,Morte por Intervenção de Agente do Estado,Morte por intervenção de agente do Estado,Costa barros,Costa Barros
37979151-2023,2023,Homicídio Provocado por Projétil de Arma de Fogo,Homicídio doloso,Santa cruz,Santa Cruz
98215401-2023,2023,Homicídio Provocado por Projétil de Arma de Fogo,Homicídio doloso,Recreio dos bandeirantes,Recreio dos Bandeirantes
98215401-2023,2023,Homicídio Provocado por Projétil de Arma de Fogo,Homicídio doloso,Recreio dos bandeirantes,Recreio dos Bandeirantes
01708231-2023,2023,Homicídio Provocado por Projétil de Arma de Fogo,Homicídio doloso,Bonsucesso,Bonsucesso
09685081-2023,2023,Homicídio Provocado por Projétil de Arma de Fogo,Homicídio doloso,Realengo,Realengo
14265761-2023,2023,Morte por Intervenção de Agente do Estado,Morte por intervenção de agente do Estado,Tanque,Tanque
20006631-2023,2023,Homicídio Provocado por Projétil de Arma de Fogo,Homicídio doloso,Praca seca,Praça Seca
24416601-2023,2023,Roubo Seguido de Morte Provocado por Projétil de Arma de Fogo,Latrocínio (Roubo seguido de morte),Cordovil,Cordovil
07658411-2023,2023,Homicídio Provocado por Projétil de Arma de Fogo,Homicídio doloso,Praca seca,Praça Seca
19561121-2023,2023,Homicídio Provocado por Projétil de Arma de Fogo,Homicídio doloso,Taquara,Taquara
25314451-2023,2023,Morte por Intervenção de Agente do Estado,Morte por intervenção de agente do Estado,Piedade,Piedade
81811011-2023,2023,Homicídio Provocado por Emprego de Arma Branca,Homicídio doloso,Anil,Anil
13744431-2023,2023,Homicídio Provocado por Projétil de Arma de Fogo,Homicídio doloso,Campo grande,Campo Grande
59502051-2023,2023,Homicídio Provocado por Projétil de Arma de Fogo,Homicídio doloso,Costa barros,Costa Barros
90963351-2023,2023,Morte por Intervenção de Agente do Estado,Morte por intervenção de agente do Estado,Realengo,Realengo
44705661-2023,2023,Homicídio (outros),Homicídio doloso,Cidade universitaria,Cidade Universitária
75740012-2023,2023,Homicídio Provocado por Projétil de Arma de Fogo,Homicídio doloso,Pavuna,Pavuna
75740012-2023,2023,Homicídio Provocado por Projétil de Arma de Fogo,Homicídio doloso,Pavuna,Pavuna
93099211-2023,2023,Homicídio Provocado por Projétil de Arma de Fogo,Homicídio doloso,Costa barros,Costa Barros
08156771-2023,2023,Homicídio Provocado por Projétil de Arma de Fogo,Homicídio doloso,Penha circular,Penha Circular
08241271-2023,2023,Homicídio Provocado por Projétil de Arma de Fogo,Homicídio doloso,Bangu,Bangu
08697701-2023,2023,Homicídio Provocado por Emprego de Arma Branca,Homicídio doloso,Tijuca,Tijuca
53356241-2023,2023,Morte por Intervenção de Agente do Estado,Morte por intervenção de agente do Estado,Olaria,Olaria
61771641-2023,2023,Homicídio Provocado por Projétil de Arma de Fogo,Homicídio doloso,Bonsucesso,Bonsucesso
65069361-2023,2023,Morte por Intervenção de Agente do Estado,Morte por intervenção de agente do Estado,Padre miguel,Padre Miguel
90857791-2023,2023,Homicídio Provocado por Projétil de Arma de Fogo,Homicídio doloso,Itanhanga,Itanhangá
06346861-2023,2023,Roubo Seguido de Morte Provocado por Projétil de Arma de Fogo,Latrocínio (Roubo seguido de morte),Rocha,Rocha
42981171-2023,2023,Morte por Intervenção de Agente do Estado,Morte por intervenção de agente do Estado,Barros filho,Barros Filho
07046811-2023,2023,Homicídio Provocado por Asfixia,Homicídio doloso,Realengo,Realengo
71421671-2023,2023,Homicídio (outros),Homicídio doloso,Santa tereza,Santa Teresa
85757481-2023,2023,Morte por Intervenção de Agente do Estado,Morte por intervenção de agente do Estado,Gamboa,Gamboa
85916722-2023,2023,Homicídio Provocado por Projétil de Arma de Fogo,Homicídio doloso,Marechal hermes,Marechal Hermes
88677591-2023,2023,Homicídio Provocado por Projétil de Arma de Fogo,Homicídio doloso,Recreio dos bandeirantes,Recreio dos Bandeirantes
88677591-2023,2023,Homicídio Provocado por Projétil de Arma de Fogo,Homicídio doloso,Recreio dos bandeirantes,Recreio dos Bandeirantes
01059361-2023,2023,Homicídio Provocado por Projétil de Arma de Fogo,Homicídio doloso,Recreio dos bandeirantes,Recreio dos Bandeirantes
37599152-2023,2023,Homicídio (outros),Homicídio doloso,Iraja,Irajá
40058992-2023,2023,Homicídio Provocado por Projétil de Arma de Fogo,Homicídio doloso,Camorim,Camorim
40522511-2023,2023,Homicídio (outros),Homicídio doloso,Realengo,Realengo
50968001-2023,2023,Homicídio Provocado por Projétil de Arma de Fogo,Homicídio doloso,Taquara,Taquara
55663391-2023,2023,Morte por Intervenção de Agente do Estado,Morte por intervenção de agente do Estado,Bangu,Bangu
71797681-2023,2023,Homicídio Provocado por Projétil de Arma de Fogo,Homicídio doloso,Inhauma,Inhaúma
34008991-2023,2023,Homicídio Provocado por Projétil de Arma de Fogo,Homicídio doloso,Itanhanga,Itanhangá
34008991-2023,2023,Homicídio Provocado por Projétil de Arma de Fogo,Homicídio doloso,Itanhanga,Itanhangá
34008991-2023,2023,Homicídio Provocado por Projétil de Arma de Fogo,Homicídio doloso,Itanhanga,Itanhangá
68321861-2023,2023,Morte por Intervenção de Agente do Estado,Morte por intervenção de agente do Estado,Freguesia de jacarepagua,Freguesia (Jacarepaguá)
78273121-2023,2023,Morte por Intervenção de Agente do Estado,Morte por intervenção de agente do Estado,Iraja,Irajá
85115481-2023,2023,Homicídio (outros),Homicídio doloso,Tomas coelho,Tomás Coelho
26717031-2023,2023,Homicídio Provocado por Projétil de Arma de Fogo,Homicídio doloso,Sao cristovao,São Cristóvão
67187951-2023,2023,Homicídio Provocado por Emprego de Arma Branca,Homicídio doloso,Humaita,Humaitá
85428261-2023,2023,Homicídio Provocado por Projétil de Arma de Fogo,Homicídio doloso,Jacarepagua,Jacarepaguá
85428261-2023,2023,Homicídio Provocado por Projétil de Arma de Fogo,Homicídio doloso,Jacarepagua,Jacarepaguá
61746761-2023,2023,Homicídio Provocado por Projétil de Arma de Fogo,Homicídio doloso,Curicica,Curicica
48688901-2023,2023,Morte por Intervenção de Agente do Estado,Morte por intervenção de agente do Estado,Inhauma,Inhaúma
00270391-2023,2023,Morte por Intervenção de Agente do Estado,Morte por intervenção de agente do Estado,Penha,Penha
23106721-2023,2023,Homicídio Provocado por Projétil de Arma de Fogo,Homicídio doloso,Curicica,Curicica
50683023-2023,2023,Homicídio Provocado por Veneno,Homicídio doloso,Realengo,Realengo
98789621-2023,2023,Homicídio (outros),Homicídio doloso,Pedra de guaratiba,Pedra de Guaratiba
75052781-2023,2023,Morte por Intervenção de Agente do Estado,Morte por intervenção de agente do Estado,Pavuna,Pavuna
76601431-2023,2023,Homicídio Provocado por Projétil de Arma de Fogo,Homicídio doloso,Rio das pedras,Itanhangá
88615481-2023,2023,Homicídio Provocado por Projétil de Arma de Fogo,Homicídio doloso,Senador camara,Senador Camará
29188111-2023,2023,Homicídio Provocado por Projétil de Arma de Fogo,Homicídio doloso,Senador camara,Senador Camará
36988881-2023,2023,Homicídio Provocado por Projétil de Arma de Fogo,Homicídio doloso,Itanhanga,Itanhangá
63732741-2023,2023,Roubo Seguido de Morte Provocado por Projétil de Arma de Fogo,Latrocínio (Roubo seguido de morte),Benfica,Benfica
92228761-2023,2023,Morte por Intervenção de Agente do Estado,Morte por intervenção de agente do Estado,Comunidade sete sete,Padre Miguel
02516461-2023,2023,Homicídio Provocado por Projétil de Arma de Fogo,Homicídio doloso,Guadalupe,Guadalupe
23473471-2023,2023,Morte por Intervenção de Agente do Estado,Morte por intervenção de agente do Estado,Cachambi,Cachambi
23473471-2023,2023,Morte por Intervenção de Agente do Estado,Morte por intervenção de agente do Estado,Cachambi,Cachambi
28489541-2023,2023,Homicídio Provocado por Projétil de Arma de Fogo,Homicídio doloso,Guaratiba,Guaratiba
38773461-2023,2023,Morte por Intervenção de Agente do Estado,Morte por intervenção de agente do Estado,Realengo,Realengo
39094011-2023,2023,Homicídio Provocado por Projétil de Arma de Fogo,Homicídio doloso,Grajau,Grajaú
23735761-2023,2023,Homicídio Provocado por Projétil de Arma de Fogo,Homicídio doloso,Inhoaiba,Inhoaíba
70810121-2023,2023,Morte por Intervenção de Agente do Estado,Morte por intervenção de agente do Estado,Praca seca,Praça Seca
86693531-2023,2023,Homicídio Provocado por Projétil de Arma de Fogo,Homicídio doloso,Mare,Maré
43813231-2023,2023,Roubo Seguido de Morte (outros),Latrocínio (Roubo seguido de morte),Centro,Centro
72553391-2023,2023,Homicídio (outros),Homicídio doloso,Centro,Centro
97715861-2023,2023,Morte por Intervenção de Agente do Estado,Morte por intervenção de agente do Estado,Anchieta,Anchieta
31197331-2023,2023,Homicídio (outros),Homicídio doloso,Campo grande,Campo Grande
34523971-2023,2023,Homicídio (outros),Homicídio doloso,Santa cruz,Santa Cruz
34523971-2023,2023,Homicídio (outros),Homicídio doloso,Santa cruz,Santa Cruz
55933381-2023,2023,Morte por Intervenção de Agente do Estado,Morte por intervenção de agente do Estado,Realengo,Realengo
56164471-2023,2023,Homicídio Provocado por Projétil de Arma de Fogo,Homicídio doloso,Paciencia,Paciência
63240461-2023,2023,Homicídio (outros),Homicídio doloso,Olaria,Olaria
82328991-2023,2023,Homicídio Provocado por Projétil de Arma de Fogo,Homicídio doloso,Jacarezinho,Jacarezinho
12158001-2023,2023,Homicídio Provocado por Emprego de Arma Branca,Homicídio doloso,Caju,Caju
46848751-2023,2023,Homicídio Provocado por Projétil de Arma de Fogo,Homicídio doloso,Penha,Penha
48502481-2023,2023,Homicídio Provocado por Projétil de Arma de Fogo,Homicídio doloso,Vila militar,Vila Militar
31256581-2023,2023,Homicídio Provocado por Projétil de Arma de Fogo,Homicídio doloso,Rio das pedras,Itanhangá
63836581-2023,2023,Homicídio Provocado por Projétil de Arma de Fogo,Homicídio doloso,Acari,Acari
01041171-2023,2023,Homicídio Provocado por Projétil de Arma de Fogo,Homicídio doloso,Freguesia,Freguesia (Jacarepaguá)
71090821-2023,2023,Homicídio Provocado por Projétil de Arma de Fogo,Homicídio doloso,Santa cruz,Santa Cruz
91186331-2023,2023,Homicídio (outros),Homicídio doloso,Encantado,Encantado
02549901-2023,2023,Homicídio Provocado por Projétil de Arma de Fogo,Homicídio doloso,Gardenia azul,Gardênia Azul
21202781-2023,2023,Homicídio Provocado por Veneno,Homicídio doloso,Andarai,Andaraí
92102451-2023,2023,Homicídio Provocado por Projétil de Arma de Fogo,Homicídio doloso,Vargem pequena,Vargem Pequena
06088821-2023,2023,Homicídio Provocado por Projétil de Arma de Fogo,Homicídio doloso,Estacio,Estácio
26748901-2023,2023,Homicídio Provocado por Projétil de Arma de Fogo,Homicídio doloso,Pechincha,Pechincha
64973901-2023,2023,Morte por Intervenção de Agente do Estado,Morte por intervenção de agente do Estado,Pavuna,Pavuna
69769821-2023,2023,Homicídio Provocado por Projétil de Arma de Fogo,Homicídio doloso,Engenho de dentro,Engenho de Dentro
81648521-2023,2023,Homicídio (outros),Homicídio doloso,Penha,Penha
88800921-2023,2023,Homicídio Provocado por Projétil de Arma de Fogo,Homicídio doloso,Itanhanga,Itanhangá
12643871-2023,2023,Morte por Intervenção de Agente do Estado,Morte por intervenção de agente do Estado,Praca da bandeira,Praça da Bandeira
19047481-2023,2023,Homicídio Provocado por Projétil de Arma de Fogo,Homicídio doloso,Jacarepagua,Jacarepaguá
29135051-2023,2023,Roubo Seguido de Morte Provocado por Projétil de Arma de Fogo,Latrocínio (Roubo seguido de morte),Cordovil,Cordovil
39009782-2023,2023,Homicídio Provocado por Projétil de Arma de Fogo,Homicídio doloso,Rio das pedras,Itanhangá
03995381-2023,2023,Morte por Intervenção de Agente do Estado,Morte por intervenção de agente do Estado,Tanque,Tanque
16423881-2023,2023,Morte por Intervenção de Agente do Estado,Morte por intervenção de agente do Estado,Penha,Penha
53130811-2023,2023,Morte por Intervenção de Agente do Estado,Morte por intervenção de agente do Estado,Bangu,Bangu
71922771-2023,2023,Homicídio Provocado por Projétil de Arma de Fogo,Homicídio doloso,Penha,Penha
31934501-2023,2023,Homicídio Provocado por Projétil de Arma de Fogo,Homicídio doloso,Anil,Anil
34502431-2023,2023,Homicídio Provocado por Projétil de Arma de Fogo,Homicídio doloso,Penha,Penha
34502431-2023,2023,Homicídio Provocado por Projétil de Arma de Fogo,Homicídio doloso,Penha,Penha
34502431-2023,2023,Homicídio Provocado por Projétil de Arma de Fogo,Homicídio doloso,Penha,Penha
34502431-2023,2023,Homicídio Provocado por Projétil de Arma de Fogo,Homicídio doloso,Penha,Penha
34502431-2023,2023,Homicídio Provocado por Projétil de Arma de Fogo,Homicídio doloso,Penha,Penha
34502431-2023,2023,Homicídio Provocado por Projétil de Arma de Fogo,Homicídio doloso,Penha,Penha
34502431-2023,2023,Homicídio Provocado por Projétil de Arma de Fogo,Homicídio doloso,Penha,Penha
08649251-2023,2023,Homicídio Provocado por Projétil de Arma de Fogo,Homicídio doloso,Campo grande,Campo Grande
53898281-2023,2023,Homicídio (outros),Homicídio doloso,Engenho da rainha,Engenho da Rainha
58702571-2023,2023,Morte por Intervenção de Agente do Estado,Morte por intervenção de agente do Estado,Botafogo,Botafogo
11606821-2023,2023,Morte por Intervenção de Agente do Estado,Morte por intervenção de agente do Estado,Quintino,Quintino Bocaiúva
48386401-2023,2023,Homicídio Provocado por Emprego de Arma Branca,Homicídio doloso,Centro,Centro
02908401-2023,2023,Homicídio Provocado por Projétil de Arma de Fogo,Homicídio doloso,Tomas coelho,Tomás Coelho
24634591-2023,2023,Homicídio (outros),Homicídio doloso,Santissimo,Santíssimo
31355171-2023,2023,Homicídio Provocado por Projétil de Arma de Fogo,Homicídio doloso,Colegio,Colégio
49661621-2023,2023,Homicídio Provocado por Projétil de Arma de Fogo,Homicídio doloso,Vargem grande,Vargem Grande
97796311-2023,2023,Morte por Intervenção de Agente do Estado,Morte por intervenção de agente do Estado,Bangu,Bangu
97796311-2023,2023,Morte por Intervenção de Agente do Estado,Morte por intervenção de agente do Estado,Bangu,Bangu
03901251-2023,2023,Homicídio Provocado por Projétil de Arma de Fogo,Homicídio doloso,Iraja,Irajá
09266131-2023,2023,Homicídio Provocado por Projétil de Arma de Fogo,Homicídio doloso,Anil,Anil
38627321-2023,2023,Roubo Seguido de Morte (outros),Latrocínio (Roubo seguido de morte),Lapa,Centro
10232821-2023,2023,Homicídio Provocado por Projétil de Arma de Fogo,Homicídio doloso,Vila valqueira,Vila Valqueire
21194241-2023,2023,Homicídio Provocado por Projétil de Arma de Fogo,Homicídio doloso,Cordovil,Cordovil
27786071-2023,2023,Morte por Intervenção de Agente do Estado,Morte por intervenção de agente do Estado,Manguinhos,Manguinhos
36210801-2023,2023,Homicídio Provocado por Projétil de Arma de Fogo,Homicídio doloso,Realengo,Realengo
86961091-2023,2023,Homicídio (outros),Homicídio doloso,Tomas coelho,Tomás Coelho
17818171-2023,2023,Homicídio Provocado por Projétil de Arma de Fogo,Homicídio doloso,Taquara,Taquara
34658681-2023,2023,Morte por Intervenção de Agente do Estado,Morte por intervenção de agente do Estado,Engenheiro leal,Engenheiro Leal
34658681-2023,2023,Morte por Intervenção de Agente do Estado,Morte por intervenção de agente do Estado,Engenheiro leal,Engenheiro Leal
34658681-2023,2023,Morte por Intervenção de Agente do Estado,Morte por intervenção de agente do Estado,Engenheiro leal,Engenheiro Leal
05322411-2023,2023,Homicídio (outros),Homicídio doloso,Santa cruz,Santa Cruz
13953081-2023,2023,Morte por Intervenção de Agente do Estado,Morte por intervenção de agente do Estado,Iraja,Irajá
72729441-2023,2023,Homicídio Provocado por Projétil de Arma de Fogo,Homicídio doloso,Santa cruz,Santa Cruz
72729441-2023,2023,Homicídio Provocado por Projétil de Arma de Fogo,Homicídio doloso,Santa cruz,Santa Cruz
72729441-2023,2023,Homicídio Provocado por Projétil de Arma de Fogo,Homicídio doloso,Santa cruz,Santa Cruz
87699851-2023,2023,Morte por Intervenção de Agente do Estado,Morte por intervenção de agente do Estado,Realengo,Realengo
98025091-2023,2023,Homicídio Provocado por Projétil de Arma de Fogo,Homicídio doloso,Santa cruz,Santa Cruz
98025091-2023,2023,Homicídio Provocado por Projétil de Arma de Fogo,Homicídio doloso,Santa cruz,Santa Cruz
55164882-2023,2023,Homicídio Provocado por Projétil de Arma de Fogo,Homicídio doloso,Rio das pedras,Itanhangá
78786541-2023,2023,Morte por Intervenção de Agente do Estado,Morte por intervenção de agente do Estado,Pilares,Pilares
78786541-2023,2023,Morte por Intervenção de Agente do Estado,Morte por intervenção de agente do Estado,Pilares,Pilares
87282981-2023,2023,Homicídio Provocado por Projétil de Arma de Fogo,Homicídio doloso,Cascadura,Cascadura
94725711-2023,2023,Homicídio Provocado por Projétil de Arma de Fogo,Homicídio doloso,Cascadura,Cascadura
20294631-2023,2023,Morte por Intervenção de Agente do Estado,Morte por intervenção de agente do Estado,Barra da tijuca,Barra da Tijuca
09678211-2023,2023,Homicídio Provocado por Projétil de Arma de Fogo,Homicídio doloso,Praca da bandeira,Praça da Bandeira
33755541-2023,2023,Morte por Intervenção de Agente do Estado,Morte por intervenção de agente do Estado,Pavuna,Pavuna
33755541-2023,2023,Morte por Intervenção de Agente do Estado,Morte por intervenção de agente do Estado,Pavuna,Pavuna
73605401-2023,2023,Homicídio Provocado por Projétil de Arma de Fogo,Homicídio doloso,Vicente de carvalho,Vicente de Carvalho
14460201-2023,2023,Homicídio Provocado por Projétil de Arma de Fogo,Homicídio doloso,Madureira,Madureira
19278841-2023,2023,Homicídio Provocado por Projétil de Arma de Fogo,Homicídio doloso,Recreio,Recreio dos Bandeirantes
42151501-2023,2023,Morte por Intervenção de Agente do Estado,Morte por intervenção de agente do Estado,Vicente de carvalho,Vicente de Carvalho
72419701-2023,2023,Homicídio Provocado por Projétil de Arma de Fogo,Homicídio doloso,Vargem grande,Vargem Grande
72419701-2023,2023,Homicídio Provocado por Projétil de Arma de Fogo,Homicídio doloso,Vargem grande,Vargem Grande
62255631-2023,2023,Homicídio Provocado por Projétil de Arma de Fogo,Homicídio doloso,Gardenia azul,Gardênia Azul
94736912-2023,2023,Morte por Intervenção de Agente do Estado,Morte por intervenção de agente do Estado,Bara da tijuca,Barra da Tijuca
94736912-2023,2023,Morte por Intervenção de Agente do Estado,Morte por intervenção de agente do Estado,Bara da tijuca,Barra da Tijuca
10945831-2023,2023,Homicídio Provocado por Projétil de Arma de Fogo,Homicídio doloso,Recreio,Recreio dos Bandeirantes
01458361-2023,2023,Morte por Intervenção de Agente do Estado,Morte por intervenção de agente do Estado,Freguesia - jpa,Freguesia (Jacarepaguá)
16305341-2023,2023,Homicídio Provocado por Projétil de Arma de Fogo,Homicídio doloso,Realengo,Realengo
59618971-2023,2023,Homicídio Provocado por Projétil de Arma de Fogo,Homicídio doloso,Tanque,Tanque
06307151-2023,2023,Homicídio Provocado por Projétil de Arma de Fogo,Homicídio doloso,Cavalcanti,Cavalcanti
40420271-2023,2023,Homicídio Provocado por Projétil de Arma de Fogo,Homicídio doloso,Santa cruz,Santa Cruz
94317841-2023,2023,Morte por Intervenção de Agente do Estado,Morte por intervenção de agente do Estado,Senador camara,Senador Camará
99428811-2023,2023,Roubo Seguido de Morte (outros),Latrocínio (Roubo seguido de morte),Iraja,Irajá
99428811-2023,2023,Roubo Seguido de Morte (outros),Latrocínio (Roubo seguido de morte),Iraja,Irajá
53313441-2023,2023,Morte por Intervenção de Agente do Estado,Morte por intervenção de agente do Estado,Bangu,Bangu
67698681-2023,2023,Homicídio Provocado por Projétil de Arma de Fogo,Homicídio doloso,Bonsucesso,Bonsucesso
71263371-2023,2023,Homicídio Provocado por Projétil de Arma de Fogo,Homicídio doloso,Iraja,Irajá
78107191-2023,2023,Homicídio Provocado por Projétil de Arma de Fogo,Homicídio doloso,Quintino bocaiuva,Quintino Bocaiúva
47702901-2023,2023,Homicídio Provocado por Projétil de Arma de Fogo,Homicídio doloso,Guaratiba,Guaratiba
01726761-2023,2023,Homicídio Provocado por Projétil de Arma de Fogo,Homicídio doloso,Gardenia azul,Gardênia Azul
27859011-2023,2023,Homicídio Provocado por Projétil de Arma de Fogo,Homicídio doloso,Madureira,Madureira
46270541-2023,2023,Homicídio (outros),Homicídio doloso,Barra da tijuca,Barra da Tijuca
62374831-2023,2023,Homicídio Provocado por Projétil de Arma de Fogo,Homicídio doloso,Itanhanga,Itanhangá
63015171-2023,2023,Homicídio Provocado por Projétil de Arma de Fogo,Homicídio doloso,Senador vasconcelos,Senador Vasconcelos
06803331-2023,2023,Morte por Intervenção de Agente do Estado,Morte por intervenção de agente do Estado,Sao cristovao,São Cristóvão
85944081-2023,2023,Homicídio (outros),Homicídio doloso,Rio comprido,Rio Comprido
99932941-2023,2023,Homicídio Provocado por Projétil de Arma de Fogo,Homicídio doloso,Pavuna,Pavuna
03328043-2023,2023,Homicídio Provocado por Projétil de Arma de Fogo,Homicídio doloso,Bangu,Bangu
01790441-2023,2023,Homicídio (outros),Homicídio doloso,Centro,Centro
52846081-2023,2023,Morte por Intervenção de Agente do Estado,Morte por intervenção de agente do Estado,Realengo,Realengo
57934201-2023,2023,Homicídio Provocado por Projétil de Arma de Fogo,Homicídio doloso,Piedade,Piedade
80201561-2023,2023,Homicídio Provocado por Projétil de Arma de Fogo,Homicídio doloso,Mariopolis,Anchieta
98635321-2023,2023,Homicídio (outros),Homicídio doloso,Guaratiba,Guaratiba
02141721-2023,2023,Morte por Intervenção de Agente do Estado,Morte por intervenção de agente do Estado,Pavuna,Pavuna
25181462-2023,2023,Homicídio Provocado por Projétil de Arma de Fogo,Homicídio doloso,Recreio dos bandeirantes,Recreio dos Bandeirantes
80575141-2023,2023,Homicídio (outros),Homicídio doloso,Quintino,Quintino Bocaiúva
37834741-2023,2023,Homicídio Provocado por Emprego de Arma Branca,Homicídio doloso,Iraja,Irajá
47856581-2023,2023,Homicídio Provocado por Projétil de Arma de Fogo,Homicídio doloso,Vila isabel,Vila Isabel
65891701-2023,2023,Homicídio (outros),Homicídio doloso,Tomas coelho,Tomás Coelho
69993611-2023,2023,Homicídio Provocado por Projétil de Arma de Fogo,Homicídio doloso,Praca seca,Praça Seca
69993611-2023,2023,Homicídio Provocado por Projétil de Arma de Fogo,Homicídio doloso,Praca seca,Praça Seca
56742781-2023,2023,Homicídio Provocado por Projétil de Arma de Fogo,Homicídio doloso,Sao cristovao,São Cristóvão
64130271-2023,2023,Homicídio (outros),Homicídio doloso,Coelho neto,Coelho Neto
86417961-2023,2023,Homicídio (outros),Homicídio doloso,Campo grande,Campo Grande
02654131-2023,2023,Homicídio Provocado por Projétil de Arma de Fogo,Homicídio doloso,Santa cruz,Santa Cruz
15131071-2023,2023,Morte por Intervenção de Agente do Estado,Morte por intervenção de agente do Estado,Engenho de dentro,Engenho de Dentro
15131071-2023,2023,Morte por Intervenção de Agente do Estado,Morte por intervenção de agente do Estado,Engenho de dentro,Engenho de Dentro
64226352-2023,2023,Homicídio Provocado por Emprego de Arma Branca,Homicídio doloso,Zumbi,Zumbi
16531381-2023,2023,Morte por Intervenção de Agente do Estado,Morte por intervenção de agente do Estado,Vila da penha,Vila da Penha
16531381-2023,2023,Morte por Intervenção de Agente do Estado,Morte por intervenção de agente do Estado,Vila da penha,Vila da Penha
30647561-2023,2023,Lesão Corporal Seguida de Morte (outros),Lesão corporal seguida de morte,Realengo,Realengo
46849371-2023,2023,Homicídio Provocado por Emprego de Arma Branca,Homicídio doloso,Vicente carvalho,Vicente de Carvalho
51184691-2023,2023,Homicídio Provocado por Projétil de Arma de Fogo,Homicídio doloso,Anchieta,Anchieta
76949721-2023,2023,Morte por Intervenção de Agente do Estado,Morte por intervenção de agente do Estado,Marechal hermes,Marechal Hermes
06668171-2023,2023,Homicídio Provocado por Projétil de Arma de Fogo,Homicídio doloso,Recreio dos bandeirantes,Recreio dos Bandeirantes
06156361-2023,2023,Morte por Intervenção de Agente do Estado,Morte por intervenção de agente do Estado,Vila kennedy - bangu,Bangu
06270051-2023,2023,Morte por Intervenção de Agente do Estado,Morte por intervenção de agente do Estado,Bangu,Bangu
81357421-2023,2023,Morte por Intervenção de Agente do Estado,Morte por intervenção de agente do Estado,Pavuna,Pavuna
83656151-2023,2023,Homicídio Provocado por Projétil de Arma de Fogo,Homicídio doloso,Senador camara,Senador Camará
42528711-2023,2023,Morte por Intervenção de Agente do Estado,Morte por intervenção de agente do Estado,Marechal hermes,Marechal Hermes
44660461-2023,2023,Morte por Intervenção de Agente do Estado,Morte por intervenção de agente do Estado,Santa cruz,Santa Cruz
72719601-2023,2023,Homicídio Provocado por Projétil de Arma de Fogo,Homicídio doloso,Barros filho,Barros Filho
97003771-2023,2023,Homicídio Provocado por Projétil de Arma de Fogo,Homicídio doloso,Tanque,Tanque
17223561-2023,2023,Morte por Intervenção de Agente do Estado,Morte por intervenção de agente do Estado,Caju,Caju
49477931-2023,2023,Homicídio (outros),Homicídio doloso,Thomas coelho,Tomás Coelho
56543671-2023,2023,Morte por Intervenção de Agente do Estado,Morte por intervenção de agente do Estado,Penha,Penha
57100061-2023,2023,Homicídio Provocado por Projétil de Arma de Fogo,Homicídio doloso,Inhauma,Inhaúma
78745671-2023,2023,Morte por Intervenção de Agente do Estado,Morte por intervenção de agente do Estado,Vargem pequena,Vargem Pequena
13058631-2023,2023,Homicídio Provocado por Projétil de Arma de Fogo,Homicídio doloso,Bangu,Bangu
16725771-2023,2023,Morte por Intervenção de Agente do Estado,Morte por intervenção de agente do Estado,Tijuca,Tijuca
33103841-2023,2023,Homicídio (outros),Homicídio doloso,Pavuna,Pavuna
42805381-2023,2023,Homicídio (outros),Homicídio doloso,Barra da tijuca,Barra da Tijuca
64312071-2023,2023,Homicídio (outros),Homicídio doloso,Paciencia,Paciência
86020741-2023,2023,Homicídio (outros),Homicídio doloso,Bonsucesso,Bonsucesso
02964381-2023,2023,Homicídio Provocado por Projétil de Arma de Fogo,Homicídio doloso,Mangueira,Mangueira
24107501-2023,2023,Homicídio Provocado por Projétil de Arma de Fogo,Homicídio doloso,Costa barros,Costa Barros
39737881-2023,2023,Homicídio (outros),Homicídio doloso,Quintino bocaiuva,Quintino Bocaiúva
56261521-2023,2023,Homicídio Provocado por Projétil de Arma de Fogo,Homicídio doloso,Vargem grande,Vargem Grande
88669881-2023,2023,Homicídio Provocado por Projétil de Arma de Fogo,Homicídio doloso,Praca seca,Praça Seca
13419021-2023,2023,Homicídio Provocado por Projétil de Arma de Fogo,Homicídio doloso,Vicente de carvalho,Vicente de Carvalho
21550251-2023,2023,Homicídio Provocado por Projétil de Arma de Fogo,Homicídio doloso,Pavuna,Pavuna
53688271-2023,2023,Homicídio Provocado por Projétil de Arma de Fogo,Homicídio doloso,Taquara,Taquara
01943221-2023,2023,Morte por Intervenção de Agente do Estado,Morte por intervenção de agente do Estado,Praca seca,Praça Seca
81989251-2023,2023,Homicídio (outros),Homicídio doloso,Copacabana,Copacabana
20832281-2023,2023,Roubo Seguido de Morte (outros),Latrocínio (Roubo seguido de morte),Sao cristovao,São Cristóvão
35099131-2023,2023,Morte por Intervenção de Agente do Estado,Morte por intervenção de agente do Estado,Jacare,Jacaré
39599411-2023,2023,Homicídio Provocado por Projétil de Arma de Fogo,Homicídio doloso,Pilares,Pilares
62479301-2023,2023,Morte por Intervenção de Agente do Estado,Morte por intervenção de agente do Estado,Costa barros,Costa Barros
62479301-2023,2023,Morte por Intervenção de Agente do Estado,Morte por intervenção de agente do Estado,Costa barros,Costa Barros
82260701-2023,2023,Morte por Intervenção de Agente do Estado,Morte por intervenção de agente do Estado,Mare,Maré
87383091-2023,2023,Morte por Intervenção de Agente do Estado,Morte por intervenção de agente do Estado,Realengo,Realengo
97041581-2023,2023,Morte por Intervenção de Agente do Estado,Morte por intervenção de agente do Estado,Cavalcanti,Cavalcanti
59811561-2023,2023,Homicídio Provocado por Projétil de Arma de Fogo,Homicídio doloso,Penha,Penha
09131911-2023,2023,Morte por Intervenção de Agente do Estado,Morte por intervenção de agente do Estado,Bangu,Bangu
61148821-2023,2023,Homicídio Provocado por Projétil de Arma de Fogo,Homicídio doloso,Grajau,Grajaú
54714451-2023,2023,Homicídio (outros),Homicídio doloso,Tomas coelho,Tomás Coelho
54714451-2023,2023,Homicídio (outros),Homicídio doloso,Tomas coelho,Tomás Coelho
88265841-2023,2023,Homicídio (outros),Homicídio doloso,Bangu,Bangu
88951291-2023,2023,Homicídio Provocado por Projétil de Arma de Fogo,Homicídio doloso,Turiacu,Turiaçú
31237511-2023,2023,Homicídio (outros),Homicídio doloso,Gardenia azul,Gardênia Azul
48924861-2023,2023,Homicídio (outros),Homicídio doloso,Meier,Méier
30392181-2023,2023,Morte por Intervenção de Agente do Estado,Morte por intervenção de agente do Estado,Realengo,Realengo
30392181-2023,2023,Morte por Intervenção de Agente do Estado,Morte por intervenção de agente do Estado,Realengo,Realengo
30392181-2023,2023,Morte por Intervenção de Agente do Estado,Morte por intervenção de agente do Estado,Realengo,Realengo
60304571-2023,2023,Homicídio (outros),Homicídio doloso,Bangu,Bangu
64933771-2023,2023,Homicídio Provocado por Projétil de Arma de Fogo,Homicídio doloso,Jardim america,Jardim América
00925861-2023,2023,Homicídio Provocado por Projétil de Arma de Fogo,Homicídio doloso,Andarai,Andaraí
07822961-2023,2023,Homicídio Provocado por Emprego de Arma Branca,Homicídio doloso,Paciencia,Paciência
23986061-2023,2023,Morte por Intervenção de Agente do Estado,Morte por intervenção de agente do Estado,Praca seca,Praça Seca
51027881-2023,2023,Roubo Seguido de Morte Provocado por Arma Branca,Latrocínio (Roubo seguido de morte),Centro,Centro
52116881-2023,2023,Morte por Intervenção de Agente do Estado,Morte por intervenção de agente do Estado,Itanhanga,Itanhangá
52116881-2023,2023,Morte por Intervenção de Agente do Estado,Morte por intervenção de agente do Estado,Itanhanga,Itanhangá
59906481-2023,2023,Homicídio (outros),Homicídio doloso,Realengo,Realengo
65111361-2023,2023,Homicídio Provocado por Projétil de Arma de Fogo,Homicídio doloso,Santa cruz,Santa Cruz
16713281-2023,2023,Homicídio Provocado por Projétil de Arma de Fogo,Homicídio doloso,Cidade nova,Cidade Nova
78472561-2023,2023,Morte por Intervenção de Agente do Estado,Morte por intervenção de agente do Estado,Senador camara,Senador Camará
85485781-2023,2023,Morte por Intervenção de Agente do Estado,Morte por intervenção de agente do Estado,Marechal hermes,Marechal Hermes
64360311-2023,2023,Homicídio Provocado por Projétil de Arma de Fogo,Homicídio doloso,Praca seca,Praça Seca
21315221-2023,2023,Homicídio Provocado por Projétil de Arma de Fogo,Homicídio doloso,Vaz lobo,Vaz Lobo
21315221-2023,2023,Homicídio Provocado por Projétil de Arma de Fogo,Homicídio doloso,Vaz lobo,Vaz Lobo
78358081-2023,2023,Homicídio (outros),Homicídio doloso,Iraja,Irajá
80903091-2023,2023,Homicídio Provocado por Projétil de Arma de Fogo,Homicídio doloso,Marechal hermes,Marechal Hermes
90398801-2023,2023,Morte por Intervenção de Agente do Estado,Morte por intervenção de agente do Estado,Jacare,Jacaré
05630491-2023,2023,Morte por Intervenção de Agente do Estado,Morte por intervenção de agente do Estado,Campinho,Campinho
10833581-2023,2023,Morte por Intervenção de Agente do Estado,Morte por intervenção de agente do Estado,Vicente de carvalho,Vicente de Carvalho
92230931-2023,2023,Homicídio (outros),Homicídio doloso,Engenho de dentro,Engenho de Dentro
06949201-2023,2023,Homicídio Provocado por Emprego de Arma Branca,Homicídio doloso,Realengo,Realengo
14582231-2023,2023,Morte por Intervenção de Agente do Estado,Morte por intervenção de agente do Estado,Benfica,Benfica
67902701-2023,2023,Homicídio (outros),Homicídio doloso,Anil,Anil
85426581-2023,2023,Morte por Intervenção de Agente do Estado,Morte por intervenção de agente do Estado,Realengo,Realengo
97176491-2023,2023,Homicídio (outros),Homicídio doloso,Rio das pedras,Itanhangá
10095812-2023,2023,Homicídio Provocado por Projétil de Arma de Fogo,Homicídio doloso,Realengo,Realengo
61960651-2023,2023,Homicídio Provocado por Projétil de Arma de Fogo,Homicídio doloso,Pavuna,Pavuna
08263421-2023,2023,Homicídio Provocado por Projétil de Arma de Fogo,Homicídio doloso,Piedade,Piedade
10896551-2023,2023,Homicídio Provocado por Projétil de Arma de Fogo,Homicídio doloso,Quintino,Quintino Bocaiúva
45851811-2023,2023,Homicídio (outros),Homicídio doloso,Santa cruz,Santa Cruz
66160431-2023,2023,Homicídio Provocado por Projétil de Arma de Fogo,Homicídio doloso,Rocha miranda,Rocha Miranda
85483001-2023,2023,Homicídio Provocado por Emprego de Arma Branca,Homicídio doloso,Anil,Anil
30353001-2023,2023,Homicídio Provocado por Projétil de Arma de Fogo,Homicídio doloso,Jacarepagua,Jacarepaguá
32797131-2023,2023,Homicídio Provocado por Projétil de Arma de Fogo,Homicídio doloso,Rio das pedras,Itanhangá
46100161-2023,2023,Homicídio Provocado por Projétil de Arma de Fogo,Homicídio doloso,Guaratiba,Guaratiba
86096321-2023,2023,Morte por Intervenção de Agente do Estado,Morte por intervenção de agente do Estado,Taquara,Taquara
37290341-2023,2023,Homicídio (outros),Homicídio doloso,Campo dos afonsos,Campo dos Afonsos
19463162-2023,2023,Morte por Intervenção de Agente do Estado,Morte por intervenção de agente do Estado,Vigario geral,Vigário Geral
72990071-2023,2023,Homicídio Provocado por Projétil de Arma de Fogo,Homicídio doloso,Recreio dos bandeirantes,Recreio dos Bandeirantes
78434791-2023,2023,Homicídio Provocado por Projétil de Arma de Fogo,Homicídio doloso,Inhauma,Inhaúma
16913251-2023,2023,Homicídio Provocado por Projétil de Arma de Fogo,Homicídio doloso,Cascadura,Cascadura
69132091-2023,2023,Homicídio Provocado por Projétil de Arma de Fogo,Homicídio doloso,Santa cruz,Santa Cruz
79095101-2023,2023,Homicídio Provocado por Emprego de Arma Branca,Homicídio doloso,Jacare,Jacaré
12861411-2023,2023,Morte por Intervenção de Agente do Estado,Morte por intervenção de agente do Estado,Madureira,Madureira
12861411-2023,2023,Morte por Intervenção de Agente do Estado,Morte por intervenção de agente do Estado,Madureira,Madureira
20432071-2023,2023,Homicídio Provocado por Projétil de Arma de Fogo,Homicídio doloso,Coelho neto,Coelho Neto
39228781-2023,2023,Morte por Intervenção de Agente do Estado,Morte por intervenção de agente do Estado,Bangu,Bangu
39228781-2023,2023,Morte por Intervenção de Agente do Estado,Morte por intervenção de agente do Estado,Bangu,Bangu
39228781-2023,2023,Morte por Intervenção de Agente do Estado,Morte por intervenção de agente do Estado,Bangu,Bangu
42564431-2023,2023,Homicídio Provocado por Projétil de Arma de Fogo,Homicídio doloso,Santa cruz,Santa Cruz
38109641-2023,2023,Homicídio Provocado por Projétil de Arma de Fogo,Homicídio doloso,Praca seca,Praça Seca
46701861-2023,2023,Homicídio (outros),Homicídio doloso,Portuguesa,Portuguesa
05147281-2023,2023,Homicídio (outros),Homicídio doloso,Bangu,Bangu
07613181-2023,2023,Homicídio Provocado por Paulada,Homicídio doloso,Centro,Centro
51525611-2023,2023,Morte por Intervenção de Agente do Estado,Morte por intervenção de agente do Estado,Tanque,Tanque
51525611-2023,2023,Morte por Intervenção de Agente do Estado,Morte por intervenção de agente do Estado,Tanque,Tanque
58315841-2023,2023,Lesão Corporal Seguida de Morte (outros),Lesão corporal seguida de morte,Camplexo do alemao,Complexo do Alemão
21783761-2023,2023,Homicídio (outros),Homicídio doloso,Rio das pedras,Itanhangá
57132411-2023,2023,Homicídio (outros),Homicídio doloso,Centro,Centro
64082491-2023,2023,Homicídio (outros),Homicídio doloso,Bangu,Bangu
75976321-2023,2023,Homicídio (outros),Homicídio doloso,Anil,Anil
67183441-2023,2023,Homicídio Provocado por Projétil de Arma de Fogo,Homicídio doloso,Senador camara,Senador Camará
99035611-2023,2023,Homicídio (outros),Homicídio doloso,Realengo,Realengo
08591331-2023,2023,Morte por Intervenção de Agente do Estado,Morte por intervenção de agente do Estado,Bras de pina,Brás de Pina
08591331-2023,2023,Morte por Intervenção de Agente do Estado,Morte por intervenção de agente do Estado,Bras de pina,Brás de Pina
67503001-2023,2023,Morte por Intervenção de Agente do Estado,Morte por intervenção de agente do Estado,Itanhanga,Itanhangá
67503001-2023,2023,Morte por Intervenção de Agente do Estado,Morte por intervenção de agente do Estado,Itanhanga,Itanhangá
31756821-2023,2023,Morte por Intervenção de Agente do Estado,Morte por intervenção de agente do Estado,Praca seca,Praça Seca
64072601-2023,2023,Morte por Intervenção de Agente do Estado,Morte por intervenção de agente do Estado,Bangu,Bangu
64072601-2023,2023,Morte por Intervenção de Agente do Estado,Morte por intervenção de agente do Estado,Bangu,Bangu
79036111-2023,2023,Homicídio Provocado por Projétil de Arma de Fogo,Homicídio doloso,Del castilho,Del Castilho
67411001-2023,2023,Homicídio (outros),Homicídio doloso,Jacarepagua,Jacarepaguá
68132471-2023,2023,Homicídio (outros),Homicídio doloso,Jacarepagua,Jacarepaguá
11707141-2023,2023,Homicídio Provocado por Projétil de Arma de Fogo,Homicídio doloso,Madureira,Madureira
29930401-2023,2023,Homicídio Provocado por Projétil de Arma de Fogo,Homicídio doloso,Vicente de carvalho,Vicente de Carvalho
51187451-2023,2023,Homicídio Provocado por Projétil de Arma de Fogo,Homicídio doloso,Centro,Centro
53616641-2023,2023,Homicídio Provocado por Projétil de Arma de Fogo,Homicídio doloso,Quintino bocaiuva,Quintino Bocaiúva
63438401-2023,2023,Homicídio Provocado por Projétil de Arma de Fogo,Homicídio doloso,Cosmos,Cosmos
04497761-2023,2023,Morte por Intervenção de Agente do Estado,Morte por intervenção de agente do Estado,Cidade de deus,Cidade de Deus
07743521-2023,2023,Homicídio Provocado por Projétil de Arma de Fogo,Homicídio doloso,Vicente de carvalho,Vicente de Carvalho
22600371-2023,2023,Homicídio (outros),Homicídio doloso,Guadalupe,Guadalupe
22600371-2023,2023,Homicídio (outros),Homicídio doloso,Guadalupe,Guadalupe
22600371-2023,2023,Homicídio (outros),Homicídio doloso,Guadalupe,Guadalupe
19761721-2023,2023,Homicídio Provocado por Projétil de Arma de Fogo,Homicídio doloso,Madureira,Madureira
35050221-2023,2023,Homicídio Provocado por Projétil de Arma de Fogo,Homicídio doloso,Bangu,Bangu
81424561-2023,2023,Roubo Seguido de Morte Provocado por Projétil de Arma de Fogo,Latrocínio (Roubo seguido de morte),Centro,Centro
67131051-2023,2023,Homicídio Provocado por Projétil de Arma de Fogo,Homicídio doloso,Bangu,Bangu
48455031-2023,2023,Homicídio (outros),Homicídio doloso,Campo grande,Campo Grande
56230051-2023,2023,Homicídio Provocado por Projétil de Arma de Fogo,Homicídio doloso,Pechincha - jacarepagua,Pechincha
69117152-2023,2023,Homicídio Provocado por Projétil de Arma de Fogo,Homicídio doloso,Taua,Tauá
06045491-2023,2023,Homicídio Provocado por Projétil de Arma de Fogo,Homicídio doloso,Recreio,Recreio dos Bandeirantes
24423731-2023,2023,Homicídio Provocado por Projétil de Arma de Fogo,Homicídio doloso,Curicica,Curicica
76814441-2023,2023,Homicídio (outros),Homicídio doloso,Turiacu madureira,Turiaçú
81947461-2023,2023,Homicídio Provocado por Projétil de Arma de Fogo,Homicídio doloso,Vicente de carvalho,Vicente de Carvalho
87059361-2023,2023,Homicídio (outros),Homicídio doloso,Realengo,Realengo
54808731-2023,2023,Homicídio Provocado por Projétil de Arma de Fogo,Homicídio doloso,Bras de pina,Brás de Pina
61389941-2023,2023,Morte por Intervenção de Agente do Estado,Morte por intervenção de agente do Estado,Vila valqueire,Vila Valqueire
61389941-2023,2023,Morte por Intervenção de Agente do Estado,Morte por intervenção de agente do Estado,Vila valqueire,Vila Valqueire
70580951-2023,2023,Homicídio Provocado por Projétil de Arma de Fogo,Homicídio doloso,Tijuca,Tijuca
88407001-2023,2023,Homicídio (outros),Homicídio doloso,Campo grande,Campo Grande
04081901-2023,2023,Homicídio Provocado por Emprego de Arma Branca,Homicídio doloso,Estacio,Estácio
14560411-2023,2023,Morte por Intervenção de Agente do Estado,Morte por intervenção de agente do Estado,Realengo,Realengo
14560411-2023,2023,Roubo Seguido de Morte Provocado por Projétil de Arma de Fogo,Latrocínio (Roubo seguido de morte),Realengo,Realengo
54926201-2023,2023,Homicídio (outros),Homicídio doloso,Barra da tijuca,Barra da Tijuca
63620821-2023,2023,Homicídio Provocado por Projétil de Arma de Fogo,Homicídio doloso,Pechincha,Pechincha
75363631-2023,2023,Homicídio (outros),Homicídio doloso,Centro,Centro
98859001-2023,2023,Homicídio Provocado por Projétil de Arma de Fogo,Homicídio doloso,Engenho novo,Engenho Novo
98859001-2023,2023,Homicídio Provocado por Projétil de Arma de Fogo,Homicídio doloso,Engenho novo,Engenho Novo
26769551-2023,2023,Homicídio Provocado por Paulada,Homicídio doloso,Cidade de deus,Cidade de Deus
65690241-2023,2023,Homicídio (outros),Homicídio doloso,Santa cruz,Santa Cruz
03244591-2023,2023,Lesão Corporal Seguida de Morte (outros),Lesão corporal seguida de morte,Maria da graca,Maria da Graça
98516721-2023,2023,Homicídio Provocado por Projétil de Arma de Fogo,Homicídio doloso,Costa barros,Costa Barros
36178831-2023,2023,Morte por Intervenção de Agente do Estado,Morte por intervenção de agente do Estado,Praca seca,Praça Seca
51783601-2023,2023,Homicídio Provocado por Projétil de Arma de Fogo,Homicídio doloso,Recreio dos bandeirantes,Recreio dos Bandeirantes
24043481-2023,2023,Homicídio Provocado por Projétil de Arma de Fogo,Homicídio doloso,Encantado,Encantado
52080001-2023,2023,"Lesão Corporal Seguida de Morte Provocada por Socos, Tapas ou Pontapés",Lesão corporal seguida de morte,Tijuca,Tijuca
32832611-2023,2023,Homicídio Provocado por Projétil de Arma de Fogo,Homicídio doloso,Vicente de carvalho,Vicente de Carvalho
95996061-2023,2023,Homicídio Provocado por Projétil de Arma de Fogo,Homicídio doloso,Jacarepagua,Jacarepaguá
25801981-2023,2023,Homicídio (outros),Homicídio doloso,Copacabana,Copacabana
44534981-2023,2023,Homicídio Provocado por Emprego de Arma Branca,Homicídio doloso,Sepetiba,Sepetiba
68434791-2023,2023,Homicídio Provocado por Projétil de Arma de Fogo,Homicídio doloso,Curicica,Curicica
72215281-2023,2023,Homicídio (outros),Homicídio doloso,Vargem grande,Vargem Grande
68217471-2023,2023,Homicídio Provocado por Projétil de Arma de Fogo,Homicídio doloso,Vargem grande,Vargem Grande
13239321-2023,2023,Homicídio Provocado por Projétil de Arma de Fogo,Homicídio doloso,Santa cruz,Santa Cruz
80001301-2023,2023,Homicídio Provocado por Projétil de Arma de Fogo,Homicídio doloso,Recreio dos bandeirantes,Recreio dos Bandeirantes
53510831-2023,2023,Homicídio Provocado por Projétil de Arma de Fogo,Homicídio doloso,Gardenia azul,Gardênia Azul
98713511-2023,2023,Homicídio Provocado por Projétil de Arma de Fogo,Homicídio doloso,Olaria,Olaria
44947071-2023,2023,Homicídio Provocado por Projétil de Arma de Fogo,Homicídio doloso,Santa cruz,Santa Cruz
77942421-2023,2023,Homicídio Provocado por Projétil de Arma de Fogo,Homicídio doloso,Rio das pedras,Itanhangá
79487461-2023,2023,Homicídio (outros),Homicídio doloso,Taquara,Taquara
82759911-2023,2023,Homicídio Provocado por Projétil de Arma de Fogo,Homicídio doloso,Santa cruz,Santa Cruz
84968041-2023,2023,Homicídio Provocado por Projétil de Arma de Fogo,Homicídio doloso,Rocha miranda,Rocha Miranda
19597391-2023,2023,Homicídio Provocado por Projétil de Arma de Fogo,Homicídio doloso,Centro,Centro
29006541-2023,2023,Homicídio (outros),Homicídio doloso,Engenho da rainha,Engenho da Rainha
55244481-2023,2023,Homicídio Provocado por Emprego de Arma Branca,Homicídio doloso,Santa cruz,Santa Cruz
55244481-2023,2023,Homicídio Provocado por Emprego de Arma Branca,Homicídio doloso,Santa cruz,Santa Cruz
97199181-2023,2023,Homicídio (outros),Homicídio doloso,Bangu,Bangu
69179381-2023,2023,Homicídio Provocado por Projétil de Arma de Fogo,Homicídio doloso,Iraja,Irajá
22313401-2023,2023,Homicídio Provocado por Projétil de Arma de Fogo,Homicídio doloso,Inhauma,Inhaúma
46207801-2023,2023,Homicídio Provocado por Projétil de Arma de Fogo,Homicídio doloso,Pavuna,Pavuna
89157751-2023,2023,Homicídio (outros),Homicídio doloso,Todos os santos,Todos os Santos
74639211-2023,2023,Morte por Intervenção de Agente do Estado,Morte por intervenção de agente do Estado,Colegio,Colégio
81317162-2023,2023,Homicídio Provocado por Projétil de Arma de Fogo,Homicídio doloso,Santa cruz,Santa Cruz
81317162-2023,2023,Homicídio Provocado por Projétil de Arma de Fogo,Homicídio doloso,Santa cruz,Santa Cruz
31216081-2023,2023,Homicídio (outros),Homicídio doloso,Tanque,Tanque
33677251-2023,2023,Homicídio Provocado por Projétil de Arma de Fogo,Homicídio doloso,Praca seca,Praça Seca
97622301-2023,2023,Morte por Intervenção de Agente do Estado,Morte por intervenção de agente do Estado,Vila valqueire,Vila Valqueire
91311081-2023,2023,Morte por Intervenção de Agente do Estado,Morte por intervenção de agente do Estado,Guadalupe,Guadalupe
01724001-2023,2023,Homicídio Provocado por Projétil de Arma de Fogo,Homicídio doloso,Oswaldo cruz,Oswaldo Cruz
50660811-2023,2023,Lesão Corporal Seguida de Morte (outros),Lesão corporal seguida de morte,Cascadura,Cascadura
67665871-2023,2023,Homicídio Provocado por Projétil de Arma de Fogo,Homicídio doloso,Pavuna,Pavuna
55940121-2023,2023,Homicídio Provocado por Pedrada,Homicídio doloso,Cavalcanti,Cavalcanti
08554462-2023,2023,Homicídio Provocado por Projétil de Arma de Fogo,Homicídio doloso,Curicica,Curicica
11324431-2023,2023,Homicídio Provocado por Projétil de Arma de Fogo,Homicídio doloso,Rio das pedras,Itanhangá
13929271-2023,2023,Homicídio Provocado por Projétil de Arma de Fogo,Homicídio doloso,Tanque,Tanque
23199891-2023,2023,Homicídio (outros),Homicídio doloso,Higienopolis,Higienópolis
36489311-2023,2023,Homicídio Provocado por Emprego de Arma Branca,Homicídio doloso,Oswaldo cruz,Oswaldo Cruz
60444211-2023,2023,Homicídio Provocado por Projétil de Arma de Fogo,Homicídio doloso,Guaratiba,Guaratiba
80244191-2023,2023,Homicídio Provocado por Projétil de Arma de Fogo,Homicídio doloso,Santa cruz,Santa Cruz
80244191-2023,2023,Homicídio Provocado por Projétil de Arma de Fogo,Homicídio doloso,Santa cruz,Santa Cruz
19524501-2023,2023,Homicídio (outros),Homicídio doloso,Freguesia (jacarepagua),Freguesia (Jacarepaguá)
19524501-2023,2023,Homicídio (outros),Homicídio doloso,Freguesia (jacarepagua),Freguesia (Jacarepaguá)
30449721-2023,2023,Homicídio Provocado por Projétil de Arma de Fogo,Homicídio doloso,Guadalupe,Guadalupe
17516311-2023,2023,Homicídio Provocado por Projétil de Arma de Fogo,Homicídio doloso,Guadalupe,Guadalupe
75057841-2023,2023,Morte por Intervenção de Agente do Estado,Morte por intervenção de agente do Estado,Cachambi,Cachambi
87172781-2023,2023,Homicídio Provocado por Projétil de Arma de Fogo,Homicídio doloso,Encantado,Encantado
50707811-2023,2023,Homicídio (outros),Homicídio doloso,Bras de pina,Brás de Pina
68900621-2023,2023,Homicídio Provocado por Emprego de Arma Branca,Homicídio doloso,Mangueira,Mangueira
15230801-2023,2023,Homicídio (outros),Homicídio doloso,Madureira,Madureira
66375291-2023,2023,Homicídio Provocado por Projétil de Arma de Fogo,Homicídio doloso,Madureira,Madureira
71542521-2023,2023,Homicídio (outros),Homicídio doloso,Cascadura,Cascadura
02977311-2023,2023,Homicídio (outros),Homicídio doloso,Iraja,Irajá
56304861-2023,2023,Homicídio Provocado por Projétil de Arma de Fogo,Homicídio doloso,Campo grande,Campo Grande
62819351-2023,2023,Morte por Intervenção de Agente do Estado,Morte por intervenção de agente do Estado,Cidade de deus,Cidade de Deus
98155591-2023,2023,Homicídio Provocado por Projétil de Arma de Fogo,Homicídio doloso,Muzema,Itanhangá
98888261-2023,2023,Homicídio (outros),Homicídio doloso,Agua santa,Água Santa
17817051-2023,2023,Homicídio Provocado por Projétil de Arma de Fogo,Homicídio doloso,Praca seca,Praça Seca
82272151-2023,2023,Homicídio Provocado por Projétil de Arma de Fogo,Homicídio doloso,Santa cruz,Santa Cruz
21136331-2023,2023,Homicídio Provocado por Projétil de Arma de Fogo,Homicídio doloso,Quintino bocaiuva,Quintino Bocaiúva
69384711-2023,2023,Homicídio Provocado por Projétil de Arma de Fogo,Homicídio doloso,Cascadura,Cascadura
69140551-2023,2023,Homicídio Provocado por Projétil de Arma de Fogo,Homicídio doloso,Recreio dos bandeirantes,Recreio dos Bandeirantes
85597831-2023,2023,Homicídio Provocado por Projétil de Arma de Fogo,Homicídio doloso,Gardenia azul,Gardênia Azul
92055191-2023,2023,Homicídio Provocado por Projétil de Arma de Fogo,Homicídio doloso,Madureira,Madureira
29487041-2023,2023,Homicídio Provocado por Projétil de Arma de Fogo,Homicídio doloso,Vargem grande,Vargem Grande
55172201-2023,2023,Morte por Intervenção de Agente do Estado,Morte por intervenção de agente do Estado,Marechal hermes,Marechal Hermes
94533721-2023,2023,Homicídio Provocado por Projétil de Arma de Fogo,Homicídio doloso,Cordovil,Cordovil
19889981-2023,2023,Homicídio Provocado por Projétil de Arma de Fogo,Homicídio doloso,Rocha miranda,Rocha Miranda
19889981-2023,2023,Homicídio Provocado por Projétil de Arma de Fogo,Homicídio doloso,Rocha miranda,Rocha Miranda
22403401-2023,2023,Homicídio Provocado por Projétil de Arma de Fogo,Homicídio doloso,Portiguesa,Portuguesa
84242541-2023,2023,Homicídio Provocado por Projétil de Arma de Fogo,Homicídio doloso,Barra da tijuca,Barra da Tijuca
99599161-2023,2023,Homicídio Provocado por Projétil de Arma de Fogo,Homicídio doloso,Itanhanga,Itanhangá
30579331-2023,2023,Homicídio Provocado por Projétil de Arma de Fogo,Homicídio doloso,Paciencia,Paciência
30579331-2023,2023,Homicídio Provocado por Projétil de Arma de Fogo,Homicídio doloso,Paciencia,Paciência
36399631-2023,2023,Homicídio Provocado por Projétil de Arma de Fogo,Homicídio doloso,Santa cruz,Santa Cruz
68428811-2023,2023,Lesão Corporal Seguida de Morte (outros),Lesão corporal seguida de morte,Campo grande,Campo Grande
75712121-2023,2023,Lesão Corporal Seguida de Morte (outros),Lesão corporal seguida de morte,Cosmos,Cosmos
23172761-2023,2023,Homicídio Provocado por Projétil de Arma de Fogo,Homicídio doloso,Tanque,Tanque
48356041-2023,2023,Homicídio Provocado por Projétil de Arma de Fogo,Homicídio doloso,Engenho novo,Engenho Novo
59225201-2023,2023,Homicídio Provocado por Projétil de Arma de Fogo,Homicídio doloso,Rocha miranda,Rocha Miranda
59748131-2023,2023,Homicídio Provocado por Projétil de Arma de Fogo,Homicídio doloso,Bento ribeiro,Bento Ribeiro
86567191-2023,2023,Homicídio (outros),Homicídio doloso,Penha circular,Penha Circular
22123841-2023,2023,Homicídio Provocado por Projétil de Arma de Fogo,Homicídio doloso,Vicente de carvalho,Vicente de Carvalho
53235751-2023,2023,Morte por Intervenção de Agente do Estado,Morte por intervenção de agente do Estado,Barra da tijuca,Barra da Tijuca
62417611-2023,2023,Homicídio Provocado por Projétil de Arma de Fogo,Homicídio doloso,Santa cruz,Santa Cruz
13721971-2023,2023,Homicídio Provocado por Projétil de Arma de Fogo,Homicídio doloso,Guaratiba,Guaratiba
14382331-2023,2023,Morte por Intervenção de Agente do Estado,Morte por intervenção de agente do Estado,Bonsucesso,Bonsucesso
84905971-2023,2023,Homicídio Provocado por Projétil de Arma de Fogo,Homicídio doloso,Taquara,Taquara
92710161-2023,2023,Homicídio Provocado por Projétil de Arma de Fogo,Homicídio doloso,Ricardo de albuquerque,Ricardo de Albuquerque
17078381-2023,2023,Homicídio Provocado por Projétil de Arma de Fogo,Homicídio doloso,Costa barros,Costa Barros
67147501-2023,2023,Homicídio (outros),Homicídio doloso,Riachuelo,Riachuelo
85266341-2023,2023,Homicídio Provocado por Projétil de Arma de Fogo,Homicídio doloso,Guadalupe,Guadalupe
88947111-2023,2023,Homicídio Provocado por Projétil de Arma de Fogo,Homicídio doloso,Pavuna,Pavuna
95525891-2023,2023,Homicídio Provocado por Projétil de Arma de Fogo,Homicídio doloso,Bangu,Bangu
40828831-2023,2023,Homicídio (outros),Homicídio doloso,Barra da tijuca,Barra da Tijuca
48084171-2023,2023,Homicídio Provocado por Projétil de Arma de Fogo,Homicídio doloso,Bangu,Bangu
48084171-2023,2023,Homicídio Provocado por Projétil de Arma de Fogo,Homicídio doloso,Bangu,Bangu
68343441-2023,2023,Homicídio (outros),Homicídio doloso,Praca seca,Praça Seca
16246471-2023,2023,Morte por Intervenção de Agente do Estado,Morte por intervenção de agente do Estado,Vila alianca - bangu,Bangu
01010221-2023,2023,Morte por Intervenção de Agente do Estado,Morte por intervenção de agente do Estado,Vargem grande,Vargem Grande
01010221-2023,2023,Morte por Intervenção de Agente do Estado,Morte por intervenção de agente do Estado,Vargem grande,Vargem Grande
01010221-2023,2023,Morte por Intervenção de Agente do Estado,Morte por intervenção de agente do Estado,Vargem grande,Vargem Grande
01010221-2023,2023,Morte por Intervenção de Agente do Estado,Morte por intervenção de agente do Estado,Vargem grande,Vargem Grande
01010221-2023,2023,Morte por Intervenção de Agente do Estado,Morte por intervenção de agente do Estado,Vargem grande,Vargem Grande
01010221-2023,2023,Morte por Intervenção de Agente do Estado,Morte por intervenção de agente do Estado,Vargem grande,Vargem Grande
01813631-2023,2023,Homicídio Provocado por Projétil de Arma de Fogo,Homicídio doloso,Rocha miranda,Rocha Miranda
04550821-2023,2023,Homicídio Provocado por Projétil de Arma de Fogo,Homicídio doloso,Costa barros,Costa Barros
58190151-2023,2023,Homicídio Provocado por Projétil de Arma de Fogo,Homicídio doloso,Taquara,Taquara
72183161-2023,2023,Homicídio Provocado por Projétil de Arma de Fogo,Homicídio doloso,Vila isabel,Vila Isabel
65494571-2023,2023,Homicídio Provocado por Projétil de Arma de Fogo,Homicídio doloso,Campinho,Campinho
27333501-2023,2023,Homicídio Provocado por Projétil de Arma de Fogo,Homicídio doloso,Parada de lucas,Parada de Lucas
20077241-2023,2023,Homicídio (outros),Homicídio doloso,Jardim guanabara,Jardim Guanabara
69285141-2023,2023,Homicídio Provocado por Projétil de Arma de Fogo,Homicídio doloso,Campo grande,Campo Grande
24507291-2023,2023,Morte por Intervenção de Agente do Estado,Morte por intervenção de agente do Estado,Cascadura,Cascadura
26588841-2023,2023,Morte por Intervenção de Agente do Estado,Morte por intervenção de agente do Estado,Centro,Centro
26588841-2023,2023,Morte por Intervenção de Agente do Estado,Morte por intervenção de agente do Estado,Centro,Centro
34644481-2023,2023,Homicídio Provocado por Projétil de Arma de Fogo,Homicídio doloso,Barra da tijuca,Barra da Tijuca
34644481-2023,2023,Homicídio Provocado por Projétil de Arma de Fogo,Homicídio doloso,Barra da tijuca,Barra da Tijuca
34644481-2023,2023,Homicídio Provocado por Projétil de Arma de Fogo,Homicídio doloso,Barra da tijuca,Barra da Tijuca
46055021-2023,2023,Homicídio Provocado por Projétil de Arma de Fogo,Homicídio doloso,Santa cruz,Santa Cruz
24762991-2023,2023,Homicídio Provocado por Projétil de Arma de Fogo,Homicídio doloso,Camorim,Camorim
24762991-2023,2023,Homicídio Provocado por Projétil de Arma de Fogo,Homicídio doloso,Camorim,Camorim
24762991-2023,2023,Homicídio Provocado por Projétil de Arma de Fogo,Homicídio doloso,Camorim,Camorim
98150531-2023,2023,Homicídio Provocado por Projétil de Arma de Fogo,Homicídio doloso,Gardenia,Gardênia Azul
87260731-2023,2023,Homicídio (outros),Homicídio doloso,Tomas coelho,Tomás Coelho
66858191-2023,2023,Homicídio Provocado por Projétil de Arma de Fogo,Homicídio doloso,Santa cruz,Santa Cruz
23565482-2023,2023,Homicídio Provocado por Projétil de Arma de Fogo,Homicídio doloso,Rocha miranda,Rocha Miranda
43312051-2023,2023,Homicídio Provocado por Projétil de Arma de Fogo,Homicídio doloso,Bangu,Bangu
74381961-2023,2023,Homicídio Provocado por Pedrada,Homicídio doloso,Cascadura,Cascadura
78204291-2023,2023,Homicídio Provocado por Projétil de Arma de Fogo,Homicídio doloso,Pavuna,Pavuna
35755981-2023,2023,Morte por Intervenção de Agente do Estado,Morte por intervenção de agente do Estado,Anchieta,Anchieta
78472011-2023,2023,Homicídio Provocado por Projétil de Arma de Fogo,Homicídio doloso,Bonsucesso,Bonsucesso
80354291-2023,2023,Homicídio Provocado por Projétil de Arma de Fogo,Homicídio doloso,Anchieta,Anchieta
01020852-2023,2023,Homicídio Provocado por Veneno,Homicídio doloso,Costa barros,Costa Barros
31477631-2023,2023,Homicídio Provocado por Projétil de Arma de Fogo,Homicídio doloso,Jacarepagua,Jacarepaguá
60156331-2023,2023,Homicídio Provocado por Projétil de Arma de Fogo,Homicídio doloso,Gardenia azul,Gardênia Azul
60156331-2023,2023,Homicídio Provocado por Projétil de Arma de Fogo,Homicídio doloso,Gardenia azul,Gardênia Azul
91658651-2023,2023,Homicídio Provocado por Projétil de Arma de Fogo,Homicídio doloso,Taquara,Taquara
64102541-2023,2023,Homicídio Provocado por Projétil de Arma de Fogo,Homicídio doloso,Ricardo de albuquerque,Ricardo de Albuquerque
85533251-2023,2023,Morte por Intervenção de Agente do Estado,Morte por intervenção de agente do Estado,Praca seca,Praça Seca
98601911-2023,2023,Homicídio Provocado por Projétil de Arma de Fogo,Homicídio doloso,Gardenia,Gardênia Azul
91024631-2023,2023,Morte por Intervenção de Agente do Estado,Morte por intervenção de agente do Estado,Barra da tijuca,Barra da Tijuca
31087771-2023,2023,Lesão Corporal Seguida de Morte (outros),Lesão corporal seguida de morte,Penha,Penha
35845391-2023,2023,Morte por Intervenção de Agente do Estado,Morte por intervenção de agente do Estado,Penha circular,Penha Circular
35883351-2023,2023,Homicídio (outros),Homicídio doloso,Leblon,Leblon
48294181-2023,2023,Morte por Intervenção de Agente do Estado,Morte por intervenção de agente do Estado,Mare,Maré
74924421-2023,2023,Morte por Intervenção de Agente do Estado,Morte por intervenção de agente do Estado,Cachambi,Cachambi
48169651-2023,2023,Roubo Seguido de Morte (outros),Latrocínio (Roubo seguido de morte),Guaratiba,Guaratiba
72393361-2023,2023,Homicídio Provocado por Projétil de Arma de Fogo,Homicídio doloso,Jacarepagua,Jacarepaguá
87075631-2023,2023,Morte por Intervenção de Agente do Estado,Morte por intervenção de agente do Estado,Batan,Realengo
87075631-2023,2023,Morte por Intervenção de Agente do Estado,Morte por intervenção de agente do Estado,Batan,Realengo
55325241-2023,2023,Morte por Intervenção de Agente do Estado,Morte por intervenção de agente do Estado,Del castilho,Del Castilho
74007131-2023,2023,Homicídio Provocado por Emprego de Arma Branca,Homicídio doloso,Anil,Anil
87569171-2023,2023,Homicídio Provocado por Projétil de Arma de Fogo,Homicídio doloso,Barra de guaratiba,Barra de Guaratiba
32883741-2023,2023,Homicídio Provocado por Emprego de Arma Branca,Homicídio doloso,Guaratiba,Guaratiba
40947811-2023,2023,Homicídio Provocado por Projétil de Arma de Fogo,Homicídio doloso,Campo grande,Campo Grande
55122771-2023,2023,Morte por Intervenção de Agente do Estado,Morte por intervenção de agente do Estado,Tanque,Tanque
55122771-2023,2023,Morte por Intervenção de Agente do Estado,Morte por intervenção de agente do Estado,Tanque,Tanque
55122771-2023,2023,Morte por Intervenção de Agente do Estado,Morte por intervenção de agente do Estado,Tanque,Tanque
12322761-2023,2023,Homicídio (outros),Homicídio doloso,Campo grande,Campo Grande
74261441-2023,2023,Homicídio Provocado por Projétil de Arma de Fogo,Homicídio doloso,Cascadura,Cascadura
15150771-2023,2023,Homicídio Provocado por Projétil de Arma de Fogo,Homicídio doloso,Bangu,Bangu
77502751-2023,2023,Morte por Intervenção de Agente do Estado,Morte por intervenção de agente do Estado,Pedra de guaratiba,Pedra de Guaratiba
34287721-2023,2023,Homicídio (outros),Homicídio doloso,Gloria,Glória
45782431-2023,2023,Homicídio (outros),Homicídio doloso,Santa cruz,Santa Cruz
70128071-2023,2023,Homicídio (outros),Homicídio doloso,Gardenia azul,Gardênia Azul
13487551-2023,2023,Homicídio Provocado por Projétil de Arma de Fogo,Homicídio doloso,Madureira,Madureira
73021931-2023,2023,Homicídio Provocado por Projétil de Arma de Fogo,Homicídio doloso,Guaratiba,Guaratiba
08982441-2023,2023,Homicídio Provocado por Projétil de Arma de Fogo,Homicídio doloso,Deodoro,Deodoro
27148741-2023,2023,Homicídio Provocado por Projétil de Arma de Fogo,Homicídio doloso,Sao cristovao,São Cristóvão
65131731-2023,2023,Homicídio Provocado por Projétil de Arma de Fogo,Homicídio doloso,Centro,Centro
74212031-2023,2023,Homicídio Provocado por Projétil de Arma de Fogo,Homicídio doloso,Cavalcanti,Cavalcanti
89210661-2023,2023,Homicídio Provocado por Emprego de Arma Branca,Homicídio doloso,Gardenia azul,Gardênia Azul
98998331-2023,2023,Homicídio Provocado por Emprego de Arma Branca,Homicídio doloso,Bonsucesso,Bonsucesso
17498061-2023,2023,Homicídio Provocado por Emprego de Arma Branca,Homicídio doloso,Jacarepagua,Jacarepaguá
42986441-2023,2023,Homicídio (outros),Homicídio doloso,Botafogo,Botafogo
97516321-2023,2023,Homicídio Provocado por Projétil de Arma de Fogo,Homicídio doloso,Santo cruz,Santa Cruz
19411401-2023,2023,Homicídio (outros),Homicídio doloso,Cascadura,Cascadura
42623951-2023,2023,Homicídio Provocado por Projétil de Arma de Fogo,Homicídio doloso,Marechal hermes,Marechal Hermes
52746011-2023,2023,Homicídio Provocado por Queimaduras,Homicídio doloso,Bangu,Bangu
72707281-2023,2023,Homicídio (outros),Homicídio doloso,Leblon,Leblon
84666611-2023,2023,Homicídio Provocado por Projétil de Arma de Fogo,Homicídio doloso,Vicente de carvalho,Vicente de Carvalho
01466661-2023,2023,Homicídio Provocado por Projétil de Arma de Fogo,Homicídio doloso,Rio das pedras,Itanhangá
03647821-2023,2023,Homicídio Provocado por Projétil de Arma de Fogo,Homicídio doloso,Guaratiba,Guaratiba
06691681-2023,2023,Morte por Intervenção de Agente do Estado,Morte por intervenção de agente do Estado,Praca seca,Praça Seca
42560681-2023,2023,Homicídio Provocado por Projétil de Arma de Fogo,Homicídio doloso,Inhauma,Inhaúma
80067601-2023,2023,Lesão Corporal Seguida de Morte Provocada por Projétil de Arma de Fogo,Lesão corporal seguida de morte,Tomas coelho,Tomás Coelho
91809121-2023,2023,Homicídio Provocado por Projétil de Arma de Fogo,Homicídio doloso,Sepetiba,Sepetiba
06044661-2023,2023,Homicídio Provocado por Projétil de Arma de Fogo,Homicídio doloso,Santa cruz,Santa Cruz
06044661-2023,2023,Homicídio Provocado por Projétil de Arma de Fogo,Homicídio doloso,Santa cruz,Santa Cruz
10430891-2023,2023,Morte por Intervenção de Agente do Estado,Morte por intervenção de agente do Estado,Costa barros,Costa Barros
15428371-2023,2023,Morte por Intervenção de Agente do Estado,Morte por intervenção de agente do Estado,Praca seca,Praça Seca
28634901-2023,2023,Homicídio (outros),Homicídio doloso,Monero - ilha do governador,Moneró
65566471-2023,2023,Homicídio Provocado por Projétil de Arma de Fogo,Homicídio doloso,Camorim,Camorim
66876071-2023,2023,Homicídio Provocado por Emprego de Arma Branca,Homicídio doloso,Jacare,Jacaré
83571551-2023,2023,Homicídio Provocado por Projétil de Arma de Fogo,Homicídio doloso,Campo grande,Campo Grande
36399831-2023,2023,Homicídio Provocado por Projétil de Arma de Fogo,Homicídio doloso,Engenho novo,Engenho Novo
54466271-2023,2023,Homicídio Provocado por Projétil de Arma de Fogo,Homicídio doloso,Sao cristovao,São Cristóvão
75224601-2023,2023,Homicídio Provocado por Projétil de Arma de Fogo,Homicídio doloso,Santa cruz,Santa Cruz
99867411-2023,2023,Homicídio Provocado por Projétil de Arma de Fogo,Homicídio doloso,Vargem grande,Vargem Grande
88548221-2023,2023,Homicídio Provocado por Projétil de Arma de Fogo,Homicídio doloso,Iraja,Irajá
83110091-2023,2023,Homicídio Provocado por Projétil de Arma de Fogo,Homicídio doloso,Cordovil,Cordovil
23270471-2023,2023,Morte por Intervenção de Agente do Estado,Morte por intervenção de agente do Estado,Campo grande,Campo Grande
29904401-2023,2023,Morte por Intervenção de Agente do Estado,Morte por intervenção de agente do Estado,Kelson - penha circular,Penha Circular
41757361-2023,2023,Homicídio Provocado por Projétil de Arma de Fogo,Homicídio doloso,Ricardo de albuquerque,Ricardo de Albuquerque
42264871-2023,2023,Homicídio Provocado por Projétil de Arma de Fogo,Homicídio doloso,Santa cruz,Santa Cruz
51734231-2023,2023,Roubo Seguido de Morte Provocado por Projétil de Arma de Fogo,Latrocínio (Roubo seguido de morte),Iraja,Irajá
55193671-2023,2023,Roubo Seguido de Morte Provocado por Projétil de Arma de Fogo,Latrocínio (Roubo seguido de morte),Barra da tijuca,Barra da Tijuca
55193671-2023,2023,Morte por Intervenção de Agente do Estado,Morte por intervenção de agente do Estado,Barra da tijuca,Barra da Tijuca
86128511-2023,2023,Homicídio (outros),Homicídio doloso,Sepetiba,Sepetiba
20757491-2023,2023,Homicídio Provocado por Projétil de Arma de Fogo,Homicídio doloso,Piedade,Piedade
67261641-2023,2023,Homicídio Provocado por Projétil de Arma de Fogo,Homicídio doloso,Penha circular,Penha Circular
81276341-2023,2023,Homicídio Provocado por Projétil de Arma de Fogo,Homicídio doloso,Inhauma,Inhaúma
40137231-2023,2023,Homicídio Provocado por Projétil de Arma de Fogo,Homicídio doloso,Ilha de guaratiba - rj,Guaratiba
43692671-2023,2023,Homicídio Provocado por Emprego de Arma Branca,Homicídio doloso,Iraja,Irajá
65946381-2023,2023,Homicídio Provocado por Projétil de Arma de Fogo,Homicídio doloso,Realengo,Realengo
97632381-2023,2023,Homicídio Provocado por Projétil de Arma de Fogo,Homicídio doloso,Anil,Anil
21016041-2023,2023,Morte por Intervenção de Agente do Estado,Morte por intervenção de agente do Estado,Colegio,Colégio
60485821-2023,2023,Morte por Intervenção de Agente do Estado,Morte por intervenção de agente do Estado,Taquara,Taquara
67223631-2023,2023,Homicídio Provocado por Projétil de Arma de Fogo,Homicídio doloso,Rocha miranda,Rocha Miranda
67223631-2023,2023,Homicídio Provocado por Projétil de Arma de Fogo,Homicídio doloso,Rocha miranda,Rocha Miranda
69850801-2023,2023,Morte por Intervenção de Agente do Estado,Morte por intervenção de agente do Estado,Lins de vasconcelos,Lins de Vasconcelos
73536981-2023,2023,Morte por Intervenção de Agente do Estado,Morte por intervenção de agente do Estado,Coelho neto,Coelho Neto
91660771-2023,2023,Homicídio Provocado por Projétil de Arma de Fogo,Homicídio doloso,Barra de guaratiba,Barra de Guaratiba
27853241-2023,2023,Homicídio (outros),Homicídio doloso,Itanhanga,Itanhangá
37749331-2023,2023,Homicídio (outros),Homicídio doloso,Campinho,Campinho
47545881-2023,2023,Morte por Intervenção de Agente do Estado,Morte por intervenção de agente do Estado,Taquara,Taquara
82773621-2023,2023,Morte por Intervenção de Agente do Estado,Morte por intervenção de agente do Estado,Vicente de carvalho,Vicente de Carvalho
86765481-2023,2023,Homicídio Provocado por Projétil de Arma de Fogo,Homicídio doloso,Padre miguel,Padre Miguel
11008251-2023,2023,Homicídio Provocado por Projétil de Arma de Fogo,Homicídio doloso,Guadalupe,Guadalupe
11008251-2023,2023,Homicídio Provocado por Projétil de Arma de Fogo,Homicídio doloso,Guadalupe,Guadalupe
57069051-2023,2023,Homicídio (outros),Homicídio doloso,Vila isabel,Vila Isabel
97514861-2023,2023,Homicídio Provocado por Projétil de Arma de Fogo,Homicídio doloso,Costa barros,Costa Barros
97662031-2023,2023,Homicídio (outros),Homicídio doloso,Bonsucesso,Bonsucesso
07073351-2023,2023,Homicídio Provocado por Projétil de Arma de Fogo,Homicídio doloso,Ramos,Ramos
08856631-2023,2023,Homicídio Provocado por Paulada,Homicídio doloso,Mariopolis,Anchieta
14363311-2023,2023,Homicídio (outros),Homicídio doloso,Campo grande,Campo Grande
67900131-2023,2023,Homicídio (outros),Homicídio doloso,Realengo,Realengo
82460121-2023,2023,Roubo Seguido de Morte Provocado por Arma Branca,Latrocínio (Roubo seguido de morte),Copacabana,Copacabana
20809901-2023,2023,Homicídio Provocado por Projétil de Arma de Fogo,Homicídio doloso,Jardim maravilha - guaratiba,Guaratiba
33758191-2023,2023,Homicídio (outros),Homicídio doloso,Mare,Maré
53840581-2023,2023,Homicídio Provocado por Projétil de Arma de Fogo,Homicídio doloso,Recreio dos bandeirantes,Recreio dos Bandeirantes
24511961-2023,2023,Homicídio Provocado por Projétil de Arma de Fogo,Homicídio doloso,Vila valqueire,Vila Valqueire
24511961-2023,2023,Homicídio Provocado por Projétil de Arma de Fogo,Homicídio doloso,Vila valqueire,Vila Valqueire
90832301-2023,2023,Homicídio Provocado por Projétil de Arma de Fogo,Homicídio doloso,Mare,Maré
96092101-2023,2023,Homicídio Provocado por Projétil de Arma de Fogo,Homicídio doloso,Santa cruz,Santa Cruz
96092101-2023,2023,Homicídio Provocado por Projétil de Arma de Fogo,Homicídio doloso,Santa cruz,Santa Cruz
50987531-2023,2023,Homicídio Provocado por Projétil de Arma de Fogo,Homicídio doloso,Barra da tijuca,Barra da Tijuca
76449331-2023,2023,Morte por Intervenção de Agente do Estado,Morte por intervenção de agente do Estado,Vila cosmos,Vila Kosmos
34412701-2023,2023,Homicídio Provocado por Projétil de Arma de Fogo,Homicídio doloso,Jacarepagua,Jacarepaguá
35550641-2023,2023,Homicídio (outros),Homicídio doloso,Tomas coelho,Tomás Coelho
96646241-2023,2023,Homicídio (outros),Homicídio doloso,Centro,Centro
88806691-2023,2023,Homicídio (outros),Homicídio doloso,Realengo,Realengo
57398841-2023,2023,Morte por Intervenção de Agente do Estado,Morte por intervenção de agente do Estado,Villa kannedy,Bangu
17427361-2023,2023,Homicídio (outros),Homicídio doloso,Penha,Penha
30723491-2023,2023,Homicídio Provocado por Projétil de Arma de Fogo,Homicídio doloso,Inhauma,Inhaúma
39586311-2023,2023,Homicídio (outros),Homicídio doloso,Penha,Penha
58837621-2023,2023,Homicídio Provocado por Projétil de Arma de Fogo,Homicídio doloso,Jacarepagua,Jacarepaguá
65974651-2023,2023,Homicídio Provocado por Projétil de Arma de Fogo,Homicídio doloso,Padre miguel,Padre Miguel
53688111-2023,2023,Morte por Intervenção de Agente do Estado,Morte por intervenção de agente do Estado,Penha,Penha
53688111-2023,2023,Morte por Intervenção de Agente do Estado,Morte por intervenção de agente do Estado,Penha,Penha
63676511-2023,2023,Homicídio (outros),Homicídio doloso,Leblon,Leblon
71574041-2023,2023,Homicídio Provocado por Projétil de Arma de Fogo,Homicídio doloso,Bonsucesso,Bonsucesso
01200591-2023,2023,Homicídio (outros),Homicídio doloso,Deodoro,Deodoro
53018081-2023,2023,Homicídio Provocado por Projétil de Arma de Fogo,Homicídio doloso,Padre miguel,Padre Miguel
25346381-2023,2023,Homicídio Provocado por Projétil de Arma de Fogo,Homicídio doloso,Paciencia,Paciência
39772441-2023,2023,Homicídio Provocado por Projétil de Arma de Fogo,Homicídio doloso,Vila valqueire,Vila Valqueire
79348261-2023,2023,Homicídio Provocado por Projétil de Arma de Fogo,Homicídio doloso,Realengo,Realengo
22724221-2023,2023,Morte por Intervenção de Agente do Estado,Morte por intervenção de agente do Estado,Rio comprido,Rio Comprido
22724221-2023,2023,Morte por Intervenção de Agente do Estado,Morte por intervenção de agente do Estado,Rio comprido,Rio Comprido
22724221-2023,2023,Morte por Intervenção de Agente do Estado,Morte por intervenção de agente do Estado,Rio comprido,Rio Comprido
39815431-2023,2023,Morte por Intervenção de Agente do Estado,Morte por intervenção de agente do Estado,Guaratiba,Guaratiba
47199841-2023,2023,Homicídio (outros),Homicídio doloso,Cacuia,Cacuia
16637231-2023,2023,Homicídio (outros),Homicídio doloso,Taquara,Taquara
74659011-2023,2023,Homicídio (outros),Homicídio doloso,Meier,Méier
05842531-2023,2023,Homicídio (outros),Homicídio doloso,Curicica,Curicica
49369401-2023,2023,Homicídio Provocado por Emprego de Arma Branca,Homicídio doloso,Pavuna,Pavuna
60007111-2023,2023,Morte por Intervenção de Agente do Estado,Morte por intervenção de agente do Estado,Realengo,Realengo
22563712-2023,2023,Morte por Intervenção de Agente do Estado,Morte por intervenção de agente do Estado,Tanque,Tanque
22563712-2023,2023,Morte por Intervenção de Agente do Estado,Morte por intervenção de agente do Estado,Tanque,Tanque
22563712-2023,2023,Morte por Intervenção de Agente do Estado,Morte por intervenção de agente do Estado,Tanque,Tanque
22563712-2023,2023,Morte por Intervenção de Agente do Estado,Morte por intervenção de agente do Estado,Tanque,Tanque
23597771-2023,2023,Homicídio (outros),Homicídio doloso,Estacio,Estácio
48990561-2023,2023,Homicídio Provocado por Projétil de Arma de Fogo,Homicídio doloso,Tanque,Tanque
30589091-2023,2023,Homicídio Provocado por Projétil de Arma de Fogo,Homicídio doloso,Campo grande,Campo Grande
77857681-2023,2023,Homicídio Provocado por Projétil de Arma de Fogo,Homicídio doloso,Tanque,Tanque
95160091-2023,2023,Homicídio Provocado por Emprego de Arma Branca,Homicídio doloso,Realengo,Realengo
16046981-2023,2023,Homicídio Provocado por Projétil de Arma de Fogo,Homicídio doloso,Vargem grande,Vargem Grande
25171871-2023,2023,Homicídio (outros),Homicídio doloso,Meier,Méier
30376761-2023,2023,Homicídio Provocado por Projétil de Arma de Fogo,Homicídio doloso,Cachambi,Cachambi
48712351-2023,2023,Homicídio (outros),Homicídio doloso,Centro,Centro
11328451-2023,2023,Homicídio (outros),Homicídio doloso,Jacarepagua,Jacarepaguá
21225641-2023,2023,Homicídio (outros),Homicídio doloso,Inhoaiba - campo grande,Inhoaíba
90903661-2023,2023,Homicídio Provocado por Projétil de Arma de Fogo,Homicídio doloso,Camorim,Camorim
90903661-2023,2023,Homicídio Provocado por Projétil de Arma de Fogo,Homicídio doloso,Camorim,Camorim
05870191-2023,2023,Homicídio Provocado por Projétil de Arma de Fogo,Homicídio doloso,Turiacu,Turiaçú
09122301-2023,2023,Morte por Intervenção de Agente do Estado,Morte por intervenção de agente do Estado,Bras de pina,Brás de Pina
09122301-2023,2023,Morte por Intervenção de Agente do Estado,Morte por intervenção de agente do Estado,Bras de pina,Brás de Pina
56397901-2023,2023,Morte por Intervenção de Agente do Estado,Morte por intervenção de agente do Estado,Jacare,Jacaré
70411601-2023,2023,Homicídio Provocado por Projétil de Arma de Fogo,Homicídio doloso,Bangu,Bangu
85222552-2023,2023,Homicídio Provocado por Projétil de Arma de Fogo,Homicídio doloso,Cordovil,Cordovil
81414811-2023,2023,Morte por Intervenção de Agente do Estado,Morte por intervenção de agente do Estado,Bonsucesso,Bonsucesso
51164591-2023,2023,Morte por Intervenção de Agente do Estado,Morte por intervenção de agente do Estado,Barra da tijuca,Barra da Tijuca
04424681-2023,2023,Homicídio (outros),Homicídio doloso,Rocha miranda,Rocha Miranda
29635361-2023,2023,Homicídio (outros),Homicídio doloso,Madureira,Madureira
49103901-2023,2023,Morte por Intervenção de Agente do Estado,Morte por intervenção de agente do Estado,Iraja,Irajá
85856521-2023,2023,Homicídio Provocado por Projétil de Arma de Fogo,Homicídio doloso,Jacarepagua,Jacarepaguá
93527151-2023,2023,Morte por Intervenção de Agente do Estado,Morte por intervenção de agente do Estado,Bangu,Bangu
00532121-2023,2023,Homicídio Provocado por Projétil de Arma de Fogo,Homicídio doloso,Penha circular,Penha Circular
00532121-2023,2023,Homicídio Provocado por Projétil de Arma de Fogo,Homicídio doloso,Penha circular,Penha Circular
00532121-2023,2023,Homicídio Provocado por Projétil de Arma de Fogo,Homicídio doloso,Penha circular,Penha Circular
23870161-2023,2023,Homicídio Provocado por Emprego de Arma Branca,Homicídio doloso,Madureira,Madureira
47568451-2023,2023,Homicídio (outros),Homicídio doloso,Tijuca,Tijuca
82601711-2023,2023,Homicídio Provocado por Emprego de Arma Branca,Homicídio doloso,Realengo,Realengo
29542111-2023,2023,Morte por Intervenção de Agente do Estado,Morte por intervenção de agente do Estado,Piedade,Piedade
82949891-2023,2023,Homicídio (outros),Homicídio doloso,Piedade,Piedade
15154031-2023,2023,Morte por Intervenção de Agente do Estado,Morte por intervenção de agente do Estado,Oswaldo cruz,Oswaldo Cruz
37839481-2023,2023,Homicídio Provocado por Projétil de Arma de Fogo,Homicídio doloso,Penha,Penha
59780391-2023,2023,Homicídio Provocado por Projétil de Arma de Fogo,Homicídio doloso,Curicica,Curicica
71298481-2023,2023,Morte por Intervenção de Agente do Estado,Morte por intervenção de agente do Estado,Penha circular,Penha Circular
17938801-2023,2023,Morte por Intervenção de Agente do Estado,Morte por intervenção de agente do Estado,Madureira,Madureira
17938801-2023,2023,Morte por Intervenção de Agente do Estado,Morte por intervenção de agente do Estado,Madureira,Madureira
17938801-2023,2023,Morte por Intervenção de Agente do Estado,Morte por intervenção de agente do Estado,Madureira,Madureira
31914311-2023,2023,Homicídio Provocado por Emprego de Arma Branca,Homicídio doloso,Sepetiba,Sepetiba
43799861-2023,2023,Roubo Seguido de Morte Provocado por Projétil de Arma de Fogo,Latrocínio (Roubo seguido de morte),Vila isabel,Vila Isabel
53441021-2023,2023,Homicídio Provocado por Projétil de Arma de Fogo,Homicídio doloso,Guadalupe,Guadalupe
11216691-2023,2023,Homicídio (outros),Homicídio doloso,Itanhanga,Itanhangá
43279241-2023,2023,Morte por Intervenção de Agente do Estado,Morte por intervenção de agente do Estado,Gardenia azul,Gardênia Azul
55594241-2023,2023,Homicídio (outros),Homicídio doloso,Barra da tijuca,Barra da Tijuca
85182931-2023,2023,Homicídio Provocado por Projétil de Arma de Fogo,Homicídio doloso,Recreio dos bandeirantes,Recreio dos Bandeirantes
85182931-2023,2023,Homicídio Provocado por Projétil de Arma de Fogo,Homicídio doloso,Recreio dos bandeirantes,Recreio dos Bandeirantes
83557441-2023,2023,Homicídio (outros),Homicídio doloso,Madureira,Madureira
34082381-2023,2023,Homicídio Provocado por Projétil de Arma de Fogo,Homicídio doloso,Cavalcante,Cavalcanti
26273321-2023,2023,Homicídio Provocado por Projétil de Arma de Fogo,Homicídio doloso,Vigario geral,Vigário Geral
34779621-2023,2023,Homicídio Provocado por Projétil de Arma de Fogo,Homicídio doloso,Recreio dos bandeirantes,Recreio dos Bandeirantes
82482261-2023,2023,Homicídio (outros),Homicídio doloso,Comunidade fallet fogueteiro,Santa Teresa
96905741-2023,2023,Homicídio (outros),Homicídio doloso,Penha,Penha
02215521-2023,2023,Homicídio Provocado por Projétil de Arma de Fogo,Homicídio doloso,Mare,Maré
24070021-2023,2023,Homicídio (outros),Homicídio doloso,Freguesia,Freguesia (Jacarepaguá)
83295141-2023,2023,Homicídio (outros),Homicídio doloso,Campo grande,Campo Grande
54339501-2023,2023,Homicídio Provocado por Emprego de Arma Branca,Homicídio doloso,Higienopolis,Higienópolis
65916971-2023,2023,Homicídio Provocado por Projétil de Arma de Fogo,Homicídio doloso,Parada de lucas,Parada de Lucas
68862771-2023,2023,Morte por Intervenção de Agente do Estado,Morte por intervenção de agente do Estado,Parada de lucas,Parada de Lucas
68862771-2023,2023,Morte por Intervenção de Agente do Estado,Morte por intervenção de agente do Estado,Parada de lucas,Parada de Lucas
68862771-2023,2023,Morte por Intervenção de Agente do Estado,Morte por intervenção de agente do Estado,Parada de lucas,Parada de Lucas
85143371-2023,2023,Morte por Intervenção de Agente do Estado,Morte por intervenção de agente do Estado,Pavuna,Pavuna
11361121-2023,2023,Homicídio Provocado por Projétil de Arma de Fogo,Homicídio doloso,Paciencia,Paciência
19255301-2023,2023,Homicídio (outros),Homicídio doloso,Pavuna,Pavuna
53186301-2023,2023,Homicídio Provocado por Projétil de Arma de Fogo,Homicídio doloso,Paciencia,Paciência
53186301-2023,2023,Homicídio Provocado por Projétil de Arma de Fogo,Homicídio doloso,Paciencia,Paciência
54977151-2023,2023,Homicídio Provocado por Emprego de Arma Branca,Homicídio doloso,Colegio,Colégio
54977151-2023,2023,Homicídio Provocado por Emprego de Arma Branca,Homicídio doloso,Colegio,Colégio
75789211-2023,2023,Homicídio (outros),Homicídio doloso,Campo grande,Campo Grande
94814961-2023,2023,Homicídio (outros),Homicídio doloso,Padre miguel,Padre Miguel
09682421-2023,2023,Homicídio Provocado por Projétil de Arma de Fogo,Homicídio doloso,Recreio dos bandeirantes,Recreio dos Bandeirantes
45829911-2023,2023,Homicídio (outros),Homicídio doloso,Cascadura,Cascadura
65008451-2024,2024,Morte por Intervenção de Agente do Estado,Morte por intervenção de agente do Estado,Campinho,Campinho
86351941-2024,2024,Homicídio (outros),Homicídio doloso,Penha,Penha
32749351-2024,2024,Homicídio Provocado por Projétil de Arma de Fogo,Homicídio doloso,Marechal hermes,Marechal Hermes
34301321-2024,2024,Morte por Intervenção de Agente do Estado,Morte por intervenção de agente do Estado,Praca seca,Praça Seca
05341462-2024,2024,Homicídio (outros),Homicídio doloso,Campinho,Campinho
11179551-2024,2024,Morte por Intervenção de Agente do Estado,Morte por intervenção de agente do Estado,Itanhanga,Itanhangá
16200691-2024,2024,Homicídio Provocado por Projétil de Arma de Fogo,Homicídio doloso,Vila isabel,Vila Isabel
52424671-2024,2024,Homicídio Provocado por Projétil de Arma de Fogo,Homicídio doloso,Deodoro,Deodoro
63959801-2024,2024,Homicídio Provocado por Paulada,Homicídio doloso,Penha,Penha
70593581-2024,2024,Homicídio Provocado por Projétil de Arma de Fogo,Homicídio doloso,Lins,Lins de Vasconcelos
20546021-2024,2024,Homicídio Provocado por Projétil de Arma de Fogo,Homicídio doloso,Paciencia,Paciência
65155341-2024,2024,Homicídio (outros),Homicídio doloso,Madureira,Madureira
96116581-2024,2024,Morte por Intervenção de Agente do Estado,Morte por intervenção de agente do Estado,Bangu,Bangu
04714541-2024,2024,Homicídio Provocado por Projétil de Arma de Fogo,Homicídio doloso,Taquara,Taquara
24403711-2024,2024,Homicídio Provocado por Projétil de Arma de Fogo,Homicídio doloso,Vargem grande,Vargem Grande
66392781-2024,2024,Homicídio Provocado por Projétil de Arma de Fogo,Homicídio doloso,Recreio dos bandeirantes,Recreio dos Bandeirantes
05283091-2024,2024,Homicídio Provocado por Projétil de Arma de Fogo,Homicídio doloso,Recreio,Recreio dos Bandeirantes
20716081-2024,2024,Homicídio (outros),Homicídio doloso,Bras de pina,Brás de Pina
78704171-2024,2024,Homicídio (outros),Homicídio doloso,Bangu,Bangu
46287401-2024,2024,Homicídio Provocado por Projétil de Arma de Fogo,Homicídio doloso,Recreio dos bandeirantes,Recreio dos Bandeirantes
49481551-2024,2024,Homicídio (outros),Homicídio doloso,Vicente de carvalho,Vicente de Carvalho
65885391-2024,2024,Homicídio (outros),Homicídio doloso,Thomas coelho,Tomás Coelho
69647651-2024,2024,Homicídio Provocado por Projétil de Arma de Fogo,Homicídio doloso,Vargem grande,Vargem Grande
28914641-2024,2024,Morte por Intervenção de Agente do Estado,Morte por intervenção de agente do Estado,Jacarepagua,Jacarepaguá
32821681-2024,2024,Homicídio Provocado por Emprego de Arma Branca,Homicídio doloso,Ramos,Ramos
33596843-2024,2024,Homicídio Provocado por Projétil de Arma de Fogo,Homicídio doloso,Realengo,Realengo
52086221-2024,2024,Morte por Intervenção de Agente do Estado,Morte por intervenção de agente do Estado,Jacarepagua,Jacarepaguá
52086221-2024,2024,Morte por Intervenção de Agente do Estado,Morte por intervenção de agente do Estado,Jacarepagua,Jacarepaguá
65918871-2024,2024,Homicídio Provocado por Paulada,Homicídio doloso,Bonsucesso,Bonsucesso
80850891-2024,2024,Homicídio Provocado por Projétil de Arma de Fogo,Homicídio doloso,Inhauma,Inhaúma
50156751-2024,2024,Homicídio Provocado por Projétil de Arma de Fogo,Homicídio doloso,Cascadura,Cascadura
71416991-2024,2024,Homicídio Provocado por Projétil de Arma de Fogo,Homicídio doloso,Bangu,Bangu
58189971-2024,2024,Morte por Intervenção de Agente do Estado,Morte por intervenção de agente do Estado,Engenho de dentro,Engenho de Dentro
07698691-2024,2024,Homicídio (outros),Homicídio doloso,Monero,Moneró
61306891-2024,2024,Homicídio Provocado por Emprego de Arma Branca,Homicídio doloso,Vila isabel,Vila Isabel
61306891-2024,2024,Homicídio Provocado por Emprego de Arma Branca,Homicídio doloso,Vila isabel,Vila Isabel
63986371-2024,2024,Homicídio (outros),Homicídio doloso,Bras de pina,Brás de Pina
76848541-2024,2024,Homicídio Provocado por Projétil de Arma de Fogo,Homicídio doloso,Barra da tijuca,Barra da Tijuca
03540491-2024,2024,Morte por Intervenção de Agente do Estado,Morte por intervenção de agente do Estado,Meier,Méier
03540491-2024,2024,Morte por Intervenção de Agente do Estado,Morte por intervenção de agente do Estado,Meier,Méier
15256691-2024,2024,Homicídio Provocado por Projétil de Arma de Fogo,Homicídio doloso,Guaratiba,Guaratiba
71829241-2024,2024,Homicídio (outros),Homicídio doloso,Jacarepagua,Jacarepaguá
73021951-2024,2024,Homicídio Provocado por Projétil de Arma de Fogo,Homicídio doloso,Sampaio,Sampaio
94903481-2024,2024,Morte por Intervenção de Agente do Estado,Morte por intervenção de agente do Estado,Vila kennedy,Bangu
85434891-2024,2024,Morte por Intervenção de Agente do Estado,Morte por intervenção de agente do Estado,Manguinhos,Manguinhos
90051751-2024,2024,Homicídio Provocado por Projétil de Arma de Fogo,Homicídio doloso,Bras de pina,Brás de Pina
99363731-2024,2024,Homicídio Provocado por Projétil de Arma de Fogo,Homicídio doloso,Freguesia,Freguesia (Jacarepaguá)
07919241-2024,2024,Homicídio Provocado por Projétil de Arma de Fogo,Homicídio doloso,Manguinhos,Manguinhos
49573981-2024,2024,Homicídio Provocado por Projétil de Arma de Fogo,Homicídio doloso,Jacarepagua,Jacarepaguá
49573981-2024,2024,Homicídio Provocado por Projétil de Arma de Fogo,Homicídio doloso,Jacarepagua,Jacarepaguá
72178471-2024,2024,Homicídio Provocado por Projétil de Arma de Fogo,Homicídio doloso,Guadalupe,Guadalupe
88313641-2024,2024,Roubo Seguido de Morte Provocado por Projétil de Arma de Fogo,Latrocínio (Roubo seguido de morte),Sao cristovao,São Cristóvão
51202251-2024,2024,Homicídio (outros),Homicídio doloso,Campo grande,Campo Grande
02779631-2024,2024,Homicídio Provocado por Projétil de Arma de Fogo,Homicídio doloso,Recreio dos bandeirantes,Recreio dos Bandeirantes
56457151-2024,2024,Homicídio Provocado por Projétil de Arma de Fogo,Homicídio doloso,Engenho da rainha,Engenho da Rainha
65571621-2024,2024,Homicídio (outros),Homicídio doloso,Gardenia azul,Gardênia Azul
04223201-2024,2024,Morte por Intervenção de Agente do Estado,Morte por intervenção de agente do Estado,Vila kosmos,Vila Kosmos
18403121-2024,2024,Morte por Intervenção de Agente do Estado,Morte por intervenção de agente do Estado,Penha circular,Penha Circular
46439271-2024,2024,Morte por Intervenção de Agente do Estado,Morte por intervenção de agente do Estado,Vila kosmos,Vila Kosmos
68015151-2024,2024,Lesão Corporal Seguida de Morte (outros),Lesão corporal seguida de morte,Rio das pedras,Itanhangá
16919361-2024,2024,Homicídio Provocado por Projétil de Arma de Fogo,Homicídio doloso,Centro,Centro
26846191-2024,2024,Homicídio (outros),Homicídio doloso,Manguinhos,Manguinhos
62159911-2024,2024,Morte por Intervenção de Agente do Estado,Morte por intervenção de agente do Estado,Recreio,Recreio dos Bandeirantes
62159911-2024,2024,Morte por Intervenção de Agente do Estado,Morte por intervenção de agente do Estado,Recreio,Recreio dos Bandeirantes
10113501-2024,2024,Homicídio (outros),Homicídio doloso,Gardenia azul,Gardênia Azul
39183971-2024,2024,Homicídio (outros),Homicídio doloso,Anil,Anil
72691981-2024,2024,Homicídio Provocado por Projétil de Arma de Fogo,Homicídio doloso,Jacarepagua,Jacarepaguá
72691981-2024,2024,Homicídio Provocado por Projétil de Arma de Fogo,Homicídio doloso,Jacarepagua,Jacarepaguá
77328121-2024,2024,Morte por Intervenção de Agente do Estado,Morte por intervenção de agente do Estado,Praca seca,Praça Seca
94047221-2024,2024,Homicídio (outros),Homicídio doloso,Campo grande,Campo Grande
98023201-2024,2024,"Lesão Corporal Seguida de Morte Provocada por Socos, Tapas ou Pontapés",Lesão corporal seguida de morte,Mare,Maré
26060641-2024,2024,Homicídio Provocado por Projétil de Arma de Fogo,Homicídio doloso,Anchieta,Anchieta
94663251-2024,2024,Homicídio Provocado por Projétil de Arma de Fogo,Homicídio doloso,Honorio gurgel,Honório Gurgel
11900381-2024,2024,Homicídio (outros),Homicídio doloso,Gardenia azul,Gardênia Azul
17535811-2024,2024,Homicídio Provocado por Projétil de Arma de Fogo,Homicídio doloso,Realengo,Realengo
97900521-2024,2024,Morte por Intervenção de Agente do Estado,Morte por intervenção de agente do Estado,Vargem grande,Vargem Grande
49183391-2024,2024,Morte por Intervenção de Agente do Estado,Morte por intervenção de agente do Estado,Iraja,Irajá
83927461-2024,2024,Homicídio Provocado por Projétil de Arma de Fogo,Homicídio doloso,Gardenia azul,Gardênia Azul
03612471-2024,2024,Morte por Intervenção de Agente do Estado,Morte por intervenção de agente do Estado,Gardenia azul,Gardênia Azul
54613011-2024,2024,Homicídio Provocado por Projétil de Arma de Fogo,Homicídio doloso,Pilares,Pilares
76071671-2024,2024,Homicídio Provocado por Projétil de Arma de Fogo,Homicídio doloso,Coelho neto,Coelho Neto
76071671-2024,2024,Homicídio Provocado por Projétil de Arma de Fogo,Homicídio doloso,Coelho neto,Coelho Neto
90808561-2024,2024,Homicídio Provocado por Projétil de Arma de Fogo,Homicídio doloso,Senador camara,Senador Camará
04182441-2024,2024,Homicídio (outros),Homicídio doloso,Anchieta,Anchieta
62927281-2024,2024,Homicídio Provocado por Emprego de Arma Branca,Homicídio doloso,Gardenia azul,Gardênia Azul
16274001-2024,2024,Homicídio Provocado por Projétil de Arma de Fogo,Homicídio doloso,Campo grande,Campo Grande
46755361-2024,2024,Homicídio Provocado por Projétil de Arma de Fogo,Homicídio doloso,Inhoaiba,Inhoaíba
57701451-2024,2024,Homicídio (outros),Homicídio doloso,Vila cosmos,Vila Kosmos
94805671-2024,2024,Homicídio (outros),Homicídio doloso,Recreio dos bandeirantes,Recreio dos Bandeirantes
62752741-2024,2024,Homicídio (outros),Homicídio doloso,Centro,Centro
27160511-2024,2024,Morte por Intervenção de Agente do Estado,Morte por intervenção de agente do Estado,Sampaio,Sampaio
33709771-2024,2024,Homicídio Provocado por Projétil de Arma de Fogo,Homicídio doloso,Ilha de guaratiba,Guaratiba
96149401-2024,2024,Homicídio Provocado por Projétil de Arma de Fogo,Homicídio doloso,Santa cruz,Santa Cruz
22768011-2024,2024,Homicídio (outros),Homicídio doloso,Campinho,Campinho
55025831-2024,2024,Morte por Intervenção de Agente do Estado,Morte por intervenção de agente do Estado,Gardenia,Gardênia Azul
74619631-2024,2024,Homicídio Provocado por Emprego de Arma Branca,Homicídio doloso,Taua,Tauá
07883541-2024,2024,Homicídio Provocado por Projétil de Arma de Fogo,Homicídio doloso,Bangu,Bangu
49313071-2024,2024,Homicídio (outros),Homicídio doloso,Centro,Centro
55306491-2024,2024,Homicídio Provocado por Emprego de Arma Branca,Homicídio doloso,Colegio,Colégio
91017661-2024,2024,Homicídio Provocado por Projétil de Arma de Fogo,Homicídio doloso,Costa barros,Costa Barros
18056021-2024,2024,Homicídio Provocado por Projétil de Arma de Fogo,Homicídio doloso,Santa cruz,Santa Cruz
19531631-2024,2024,Homicídio Provocado por Projétil de Arma de Fogo,Homicídio doloso,Jacarepagua,Jacarepaguá
79441371-2024,2024,Homicídio Provocado por Projétil de Arma de Fogo,Homicídio doloso,Bangu,Bangu
80415751-2024,2024,Homicídio Provocado por Projétil de Arma de Fogo,Homicídio doloso,Campo grande,Campo Grande
85346841-2024,2024,Homicídio (outros),Homicídio doloso,Barra da tijuca,Barra da Tijuca
07729061-2024,2024,Morte por Intervenção de Agente do Estado,Morte por intervenção de agente do Estado,Praca seca,Praça Seca
19116181-2024,2024,Homicídio Provocado por Projétil de Arma de Fogo,Homicídio doloso,Guaratiba,Guaratiba
76224811-2024,2024,Homicídio Provocado por Projétil de Arma de Fogo,Homicídio doloso,Engenho novo,Engenho Novo
09255401-2024,2024,Homicídio (outros),Homicídio doloso,Gardenia,Gardênia Azul
59517571-2024,2024,Homicídio Provocado por Queimaduras,Homicídio doloso,Campo grande,Campo Grande
72175601-2024,2024,Roubo Seguido de Morte Provocado por Projétil de Arma de Fogo,Latrocínio (Roubo seguido de morte),Penha,Penha
81794321-2024,2024,Homicídio Provocado por Paulada,Homicídio doloso,Bonsucesso,Bonsucesso
21002781-2024,2024,Homicídio (outros),Homicídio doloso,Gavea,Gávea
36076321-2024,2024,Homicídio Provocado por Projétil de Arma de Fogo,Homicídio doloso,Bangu - catiri,Bangu
36076321-2024,2024,Homicídio Provocado por Projétil de Arma de Fogo,Homicídio doloso,Bangu - catiri,Bangu
97188141-2024,2024,Homicídio (outros),Homicídio doloso,Centro,Centro
22820801-2024,2024,Morte por Intervenção de Agente do Estado,Morte por intervenção de agente do Estado,Barra da tijuca,Barra da Tijuca
24757581-2024,2024,Morte por Intervenção de Agente do Estado,Morte por intervenção de agente do Estado,Guadalupe,Guadalupe
35858181-2024,2024,Homicídio Provocado por Projétil de Arma de Fogo,Homicídio doloso,Coelho neto,Coelho Neto
37004381-2024,2024,Homicídio Provocado por Emprego de Arma Branca,Homicídio doloso,Santa cruz,Santa Cruz
49478591-2024,2024,Morte por Intervenção de Agente do Estado,Morte por intervenção de agente do Estado,Vila kennedy - bangu,Bangu
57766741-2024,2024,Homicídio Provocado por Projétil de Arma de Fogo,Homicídio doloso,Realengo,Realengo
12092433-2024,2024,Homicídio Provocado por Projétil de Arma de Fogo,Homicídio doloso,Praca da bandeira,Praça da Bandeira
16332071-2024,2024,Morte por Intervenção de Agente do Estado,Morte por intervenção de agente do Estado,Costa barros,Costa Barros
39763601-2024,2024,Homicídio Provocado por Emprego de Arma Branca,Homicídio doloso,Recreio dos bandeirantes,Recreio dos Bandeirantes
65052141-2024,2024,Homicídio (outros),Homicídio doloso,Santa cruz,Santa Cruz
88340851-2024,2024,Homicídio Provocado por Projétil de Arma de Fogo,Homicídio doloso,Inhoaiba,Inhoaíba
04459201-2024,2024,Morte por Intervenção de Agente do Estado,Morte por intervenção de agente do Estado,Praca seca,Praça Seca
04459201-2024,2024,Morte por Intervenção de Agente do Estado,Morte por intervenção de agente do Estado,Praca seca,Praça Seca
22439681-2024,2024,Homicídio Provocado por Projétil de Arma de Fogo,Homicídio doloso,Barra de guaratiba,Barra de Guaratiba
33944001-2024,2024,Homicídio Provocado por Projétil de Arma de Fogo,Homicídio doloso,Gardenia azul,Gardênia Azul
87952351-2024,2024,Homicídio Provocado por Emprego de Arma Branca,Homicídio doloso,Acari,Acari
61488351-2024,2024,Homicídio Provocado por Projétil de Arma de Fogo,Homicídio doloso,Taquara,Taquara
30866851-2024,2024,Homicídio Provocado por Projétil de Arma de Fogo,Homicídio doloso,Manguinhos,Manguinhos
55689741-2024,2024,Morte por Intervenção de Agente do Estado,Morte por intervenção de agente do Estado,Taquara,Taquara
86623861-2024,2024,Homicídio Provocado por Projétil de Arma de Fogo,Homicídio doloso,Barra da tijuca,Barra da Tijuca
42791441-2024,2024,Roubo Seguido de Morte Provocado por Projétil de Arma de Fogo,Latrocínio (Roubo seguido de morte),Iraja,Irajá
78010171-2024,2024,Homicídio Provocado por Projétil de Arma de Fogo,Homicídio doloso,Centro,Centro
03536581-2024,2024,Morte por Intervenção de Agente do Estado,Morte por intervenção de agente do Estado,Engenho da rainha,Engenho da Rainha
03536581-2024,2024,Morte por Intervenção de Agente do Estado,Morte por intervenção de agente do Estado,Engenho da rainha,Engenho da Rainha
03536581-2024,2024,Morte por Intervenção de Agente do Estado,Morte por intervenção de agente do Estado,Engenho da rainha,Engenho da Rainha
35454721-2024,2024,Homicídio (outros),Homicídio doloso,Vila isabel,Vila Isabel
38748721-2024,2024,Homicídio Provocado por Projétil de Arma de Fogo,Homicídio doloso,Santa cruz,Santa Cruz
45703381-2024,2024,Morte por Intervenção de Agente do Estado,Morte por intervenção de agente do Estado,Penha,Penha
45703381-2024,2024,Morte por Intervenção de Agente do Estado,Morte por intervenção de agente do Estado,Penha,Penha
56818321-2024,2024,Morte por Intervenção de Agente do Estado,Morte por intervenção de agente do Estado,Praca seca,Praça Seca
61291961-2024,2024,Homicídio Provocado por Projétil de Arma de Fogo,Homicídio doloso,Itanhanga,Itanhangá
70535751-2024,2024,Morte por Intervenção de Agente do Estado,Morte por intervenção de agente do Estado,Engenho da rainha,Engenho da Rainha
23884521-2024,2024,Homicídio Provocado por Projétil de Arma de Fogo,Homicídio doloso,Realengo,Realengo
23884521-2024,2024,Homicídio Provocado por Projétil de Arma de Fogo,Homicídio doloso,Realengo,Realengo
29703251-2024,2024,Homicídio (outros),Homicídio doloso,Realengo,Realengo
30248401-2024,2024,Homicídio Provocado por Projétil de Arma de Fogo,Homicídio doloso,Taquara,Taquara
93805931-2024,2024,Homicídio Provocado por Projétil de Arma de Fogo,Homicídio doloso,Recreio dos bandeirantes,Recreio dos Bandeirantes
33968521-2024,2024,Homicídio (outros),Homicídio doloso,Pavuna,Pavuna
11392551-2024,2024,Homicídio Provocado por Projétil de Arma de Fogo,Homicídio doloso,Pedra de guaratiba,Pedra de Guaratiba
11392551-2024,2024,Homicídio Provocado por Projétil de Arma de Fogo,Homicídio doloso,Pedra de guaratiba,Pedra de Guaratiba
43489511-2024,2024,Homicídio (outros),Homicídio doloso,Ramos,Ramos
43489511-2024,2024,Homicídio (outros),Homicídio doloso,Ramos,Ramos
56859641-2024,2024,Morte por Intervenção de Agente do Estado,Morte por intervenção de agente do Estado,Pilares,Pilares
05920321-2024,2024,Homicídio (outros),Homicídio doloso,Senador camara,Senador Camará
89981561-2024,2024,Homicídio Provocado por Projétil de Arma de Fogo,Homicídio doloso,Itanhanga,Itanhangá
75119721-2024,2024,Homicídio Provocado por Projétil de Arma de Fogo,Homicídio doloso,Itanhanga,Itanhangá
43074731-2024,2024,Morte por Intervenção de Agente do Estado,Morte por intervenção de agente do Estado,Jacarezinho,Jacarezinho
51071301-2024,2024,Morte por Intervenção de Agente do Estado,Morte por intervenção de agente do Estado,Curicica,Curicica
67457972-2024,2024,Homicídio Provocado por Projétil de Arma de Fogo,Homicídio doloso,Manguinhos,Manguinhos
11500531-2024,2024,Homicídio Provocado por Projétil de Arma de Fogo,Homicídio doloso,Pedra de guaratiba,Pedra de Guaratiba
80883491-2024,2024,Homicídio Provocado por Projétil de Arma de Fogo,Homicídio doloso,Costa barros,Costa Barros
93480151-2024,2024,Homicídio Provocado por Projétil de Arma de Fogo,Homicídio doloso,Manguinhos,Manguinhos
41929021-2024,2024,Morte por Intervenção de Agente do Estado,Morte por intervenção de agente do Estado,Gardenia azul,Gardênia Azul
45994081-2024,2024,Homicídio Provocado por Projétil de Arma de Fogo,Homicídio doloso,Vila isabel,Vila Isabel
92065371-2024,2024,Roubo Seguido de Morte Provocado por Projétil de Arma de Fogo,Latrocínio (Roubo seguido de morte),Bonsucesso,Bonsucesso
20350411-2024,2024,Homicídio Provocado por Projétil de Arma de Fogo,Homicídio doloso,Realengo,Realengo
27655561-2024,2024,Morte por Intervenção de Agente do Estado,Morte por intervenção de agente do Estado,Taquara,Taquara
29142221-2024,2024,Homicídio Provocado por Projétil de Arma de Fogo,Homicídio doloso,Rocha miranda,Rocha Miranda
17668341-2024,2024,Homicídio Provocado por Projétil de Arma de Fogo,Homicídio doloso,Pedra de guaratiba,Pedra de Guaratiba
33537611-2024,2024,Homicídio Provocado por Projétil de Arma de Fogo,Homicídio doloso,Leblon,Leblon
35121781-2024,2024,Homicídio Provocado por Projétil de Arma de Fogo,Homicídio doloso,Madureira,Madureira
46006411-2024,2024,Homicídio Provocado por Projétil de Arma de Fogo,Homicídio doloso,Itanhanga,Itanhangá
52745531-2024,2024,Homicídio Provocado por Projétil de Arma de Fogo,Homicídio doloso,Vargem pequena,Vargem Pequena
92703711-2024,2024,Homicídio Provocado por Projétil de Arma de Fogo,Homicídio doloso,Turiacu,Turiaçú
16784771-2024,2024,Homicídio (outros),Homicídio doloso,Cachambi,Cachambi
57478661-2024,2024,Morte por Intervenção de Agente do Estado,Morte por intervenção de agente do Estado,Barra da tijuca,Barra da Tijuca
57737281-2024,2024,Homicídio (outros),Homicídio doloso,Sampaio,Sampaio
91727451-2024,2024,Homicídio Provocado por Projétil de Arma de Fogo,Homicídio doloso,Muzema,Itanhangá
91727451-2024,2024,Homicídio Provocado por Projétil de Arma de Fogo,Homicídio doloso,Muzema,Itanhangá
13292991-2024,2024,Homicídio Provocado por Projétil de Arma de Fogo,Homicídio doloso,"Tanque, jacarepagua",Tanque
16482961-2024,2024,Roubo Seguido de Morte Provocado por Projétil de Arma de Fogo,Latrocínio (Roubo seguido de morte),Magalhaes bastos,Magalhães Bastos
51567011-2024,2024,Homicídio Provocado por Projétil de Arma de Fogo,Homicídio doloso,Jacarepagua,Jacarepaguá
51675251-2024,2024,Homicídio (outros),Homicídio doloso,Barra da tijuca,Barra da Tijuca
91150521-2024,2024,Roubo Seguido de Morte Provocado por Projétil de Arma de Fogo,Latrocínio (Roubo seguido de morte),Sao cristovao,São Cristóvão
92234951-2024,2024,Homicídio Provocado por Projétil de Arma de Fogo,Homicídio doloso,Penha,Penha
15005051-2024,2024,Homicídio Provocado por Projétil de Arma de Fogo,Homicídio doloso,Praca seca,Praça Seca
15005051-2024,2024,Homicídio Provocado por Projétil de Arma de Fogo,Homicídio doloso,Praca seca,Praça Seca
15005051-2024,2024,Homicídio Provocado por Projétil de Arma de Fogo,Homicídio doloso,Praca seca,Praça Seca
24137931-2024,2024,Homicídio Provocado por Projétil de Arma de Fogo,Homicídio doloso,Realengo,Realengo
31296871-2024,2024,Homicídio Provocado por Projétil de Arma de Fogo,Homicídio doloso,Guaratiba,Guaratiba
74460071-2024,2024,Homicídio (outros),Homicídio doloso,Vigario geral,Vigário Geral
89885941-2024,2024,Homicídio Provocado por Projétil de Arma de Fogo,Homicídio doloso,Muzema,Itanhangá
36893741-2024,2024,Homicídio Provocado por Projétil de Arma de Fogo,Homicídio doloso,Vargem pequena,Vargem Pequena
79594602-2024,2024,Homicídio Provocado por Emprego de Arma Branca,Homicídio doloso,Galeao,Galeão
56356931-2024,2024,Roubo Seguido de Morte Provocado por Projétil de Arma de Fogo,Latrocínio (Roubo seguido de morte),Santa cruz,Santa Cruz
67016671-2024,2024,Homicídio Provocado por Projétil de Arma de Fogo,Homicídio doloso,Cordovil,Cordovil
74037271-2024,2024,Homicídio Provocado por Projétil de Arma de Fogo,Homicídio doloso,Santa cruz,Santa Cruz
19291531-2024,2024,Homicídio (outros),Homicídio doloso,Recreio dos bandeirantes,Recreio dos Bandeirantes
21000732-2024,2024,Homicídio Provocado por Projétil de Arma de Fogo,Homicídio doloso,Cascadura,Cascadura
81837121-2024,2024,Homicídio Provocado por Projétil de Arma de Fogo,Homicídio doloso,Senador camara,Senador Camará
28862631-2024,2024,Homicídio Provocado por Projétil de Arma de Fogo,Homicídio doloso,Vasco da gama,Vasco da Gama
30896871-2024,2024,Homicídio (outros),Homicídio doloso,Cascadura,Cascadura
80456491-2024,2024,Homicídio Provocado por Projétil de Arma de Fogo,Homicídio doloso,Itanhanga,Itanhangá
03977851-2024,2024,Homicídio Provocado por Projétil de Arma de Fogo,Homicídio doloso,Manguinhos,Manguinhos
19910361-2024,2024,Homicídio Provocado por Projétil de Arma de Fogo,Homicídio doloso,Gardenia azul,Gardênia Azul
86606751-2024,2024,Homicídio Provocado por Projétil de Arma de Fogo,Homicídio doloso,Realengo,Realengo
88316251-2024,2024,Homicídio (outros),Homicídio doloso,Guadalupe,Guadalupe
74225511-2024,2024,Homicídio Provocado por Projétil de Arma de Fogo,Homicídio doloso,Barros filho,Barros Filho
00420291-2024,2024,Roubo Seguido de Morte Provocado por Projétil de Arma de Fogo,Latrocínio (Roubo seguido de morte),Inhauma,Inhaúma
02631921-2024,2024,Lesão Corporal Seguida de Morte Provocada por Paulada,Lesão corporal seguida de morte,Inhoaiba,Inhoaíba
31619981-2024,2024,Homicídio Provocado por Projétil de Arma de Fogo,Homicídio doloso,Pilares,Pilares
52352141-2024,2024,Homicídio Provocado por Projétil de Arma de Fogo,Homicídio doloso,Pavuna,Pavuna
91219711-2024,2024,Morte por Intervenção de Agente do Estado,Morte por intervenção de agente do Estado,Bras de pina,Brás de Pina
06432431-2024,2024,Homicídio (outros),Homicídio doloso,Barra da tijuca,Barra da Tijuca
58291021-2024,2024,Homicídio (outros),Homicídio doloso,Rocha miranda,Rocha Miranda
61293021-2024,2024,Homicídio Provocado por Projétil de Arma de Fogo,Homicídio doloso,Centro da cidade,Centro
73788931-2024,2024,Homicídio Provocado por Projétil de Arma de Fogo,Homicídio doloso,Campo grande,Campo Grande
80027091-2024,2024,Homicídio (outros),Homicídio doloso,Anil,Anil
84408721-2024,2024,Roubo Seguido de Morte (outros),Latrocínio (Roubo seguido de morte),Cachambi,Cachambi
84408721-2024,2024,Morte por Intervenção de Agente do Estado,Morte por intervenção de agente do Estado,Cachambi,Cachambi
17454081-2024,2024,Homicídio (outros),Homicídio doloso,Realengo,Realengo
77949971-2024,2024,Homicídio Provocado por Projétil de Arma de Fogo,Homicídio doloso,Jacarepagua,Jacarepaguá
77949971-2024,2024,Homicídio Provocado por Projétil de Arma de Fogo,Homicídio doloso,Jacarepagua,Jacarepaguá
71908281-2024,2024,Homicídio Provocado por Projétil de Arma de Fogo,Homicídio doloso,Gardenia azul,Gardênia Azul
97412611-2024,2024,Homicídio Provocado por Projétil de Arma de Fogo,Homicídio doloso,Realengo,Realengo
02510351-2024,2024,Morte por Intervenção de Agente do Estado,Morte por intervenção de agente do Estado,Lins de vasconcelos,Lins de Vasconcelos
02510351-2024,2024,Morte por Intervenção de Agente do Estado,Morte por intervenção de agente do Estado,Lins de vasconcelos,Lins de Vasconcelos
24411771-2024,2024,Homicídio Provocado por Projétil de Arma de Fogo,Homicídio doloso,Sepetiba,Sepetiba
01326611-2024,2024,Homicídio Provocado por Projétil de Arma de Fogo,Homicídio doloso,Gardenia azul,Gardênia Azul
14747151-2024,2024,Homicídio Provocado por Projétil de Arma de Fogo,Homicídio doloso,Campo grande,Campo Grande
53607783-2024,2024,Homicídio Provocado por Projétil de Arma de Fogo,Homicídio doloso,Costa barros,Costa Barros
53607783-2024,2024,Homicídio Provocado por Projétil de Arma de Fogo,Homicídio doloso,Costa barros,Costa Barros
53607783-2024,2024,Homicídio Provocado por Projétil de Arma de Fogo,Homicídio doloso,Costa barros,Costa Barros
49272961-2024,2024,Homicídio Provocado por Projétil de Arma de Fogo,Homicídio doloso,Madureira,Madureira
66893351-2024,2024,Homicídio Provocado por Projétil de Arma de Fogo,Homicídio doloso,Penha,Penha
12396541-2024,2024,Homicídio Provocado por Projétil de Arma de Fogo,Homicídio doloso,Turiacu,Turiaçú
15622202-2024,2024,Roubo Seguido de Morte Provocado por Projétil de Arma de Fogo,Latrocínio (Roubo seguido de morte),Coelho neto,Coelho Neto
25905671-2024,2024,Homicídio Provocado por Projétil de Arma de Fogo,Homicídio doloso,Gardenia azul,Gardênia Azul
27168521-2024,2024,Morte por Intervenção de Agente do Estado,Morte por intervenção de agente do Estado,Cascadura,Cascadura
72356431-2024,2024,Homicídio (outros),Homicídio doloso,Campo grande,Campo Grande
78479581-2024,2024,Homicídio Provocado por Projétil de Arma de Fogo,Homicídio doloso,Inhoaiba,Inhoaíba
91156401-2024,2024,Homicídio Provocado por Projétil de Arma de Fogo,Homicídio doloso,Taquara,Taquara
09210801-2024,2024,Homicídio Provocado por Projétil de Arma de Fogo,Homicídio doloso,Pedra de guaratiba,Pedra de Guaratiba
31790421-2024,2024,"Lesão Corporal Seguida de Morte Provocada por Socos, Tapas ou Pontapés",Lesão corporal seguida de morte,Centro,Centro
92977141-2024,2024,Homicídio (outros),Homicídio doloso,Guaratiba,Guaratiba
54570711-2024,2024,Homicídio Provocado por Projétil de Arma de Fogo,Homicídio doloso,Jacarepagua,Jacarepaguá
72350381-2024,2024,Morte por Intervenção de Agente do Estado,Morte por intervenção de agente do Estado,Costa barros,Costa Barros
84698521-2024,2024,Homicídio Provocado por Projétil de Arma de Fogo,Homicídio doloso,Ricardo de albuquerque,Ricardo de Albuquerque
16053411-2024,2024,Homicídio Provocado por Projétil de Arma de Fogo,Homicídio doloso,Vila isabel,Vila Isabel
16053411-2024,2024,Homicídio Provocado por Projétil de Arma de Fogo,Homicídio doloso,Vila isabel,Vila Isabel
16053411-2024,2024,Homicídio Provocado por Projétil de Arma de Fogo,Homicídio doloso,Vila isabel,Vila Isabel
22333211-2024,2024,Homicídio (outros),Homicídio doloso,Campo grande,Campo Grande
22333211-2024,2024,Homicídio (outros),Homicídio doloso,Campo grande,Campo Grande
33590412-2024,2024,Morte por Intervenção de Agente do Estado,Morte por intervenção de agente do Estado,Vargem pequena,Vargem Pequena
33590412-2024,2024,Morte por Intervenção de Agente do Estado,Morte por intervenção de agente do Estado,Vargem pequena,Vargem Pequena
33590412-2024,2024,Morte por Intervenção de Agente do Estado,Morte por intervenção de agente do Estado,Vargem pequena,Vargem Pequena
11724461-2024,2024,Homicídio (outros),Homicídio doloso,Engenho de dentro,Engenho de Dentro
47577241-2024,2024,Homicídio Provocado por Projétil de Arma de Fogo,Homicídio doloso,Maracana,Maracanã
57665541-2024,2024,Morte por Intervenção de Agente do Estado,Morte por intervenção de agente do Estado,Marechal hermes,Marechal Hermes
57665541-2024,2024,Morte por Intervenção de Agente do Estado,Morte por intervenção de agente do Estado,Marechal hermes,Marechal Hermes
57665541-2024,2024,Morte por Intervenção de Agente do Estado,Morte por intervenção de agente do Estado,Marechal hermes,Marechal Hermes
76843241-2024,2024,Morte por Intervenção de Agente do Estado,Morte por intervenção de agente do Estado,Vargem pequena,Vargem Pequena
90861821-2024,2024,Morte por Intervenção de Agente do Estado,Morte por intervenção de agente do Estado,Bangu,Bangu
95756531-2024,2024,Homicídio (outros),Homicídio doloso,Tomas coelho,Tomás Coelho
01234141-2024,2024,Homicídio Provocado por Projétil de Arma de Fogo,Homicídio doloso,Rio das pedras,Itanhangá
06004372-2024,2024,Morte por Intervenção de Agente do Estado,Morte por intervenção de agente do Estado,Itanhanga,Itanhangá
14286441-2024,2024,Homicídio Provocado por Projétil de Arma de Fogo,Homicídio doloso,Leme,Leme
39802191-2024,2024,Morte por Intervenção de Agente do Estado,Morte por intervenção de agente do Estado,Leme,Leme
95029891-2024,2024,Homicídio Provocado por Projétil de Arma de Fogo,Homicídio doloso,Gardenia azul,Gardênia Azul
06276741-2024,2024,Homicídio Provocado por Projétil de Arma de Fogo,Homicídio doloso,Cordovil,Cordovil
11521891-2024,2024,Morte por Intervenção de Agente do Estado,Morte por intervenção de agente do Estado,Coelho neto,Coelho Neto
11521891-2024,2024,Morte por Intervenção de Agente do Estado,Morte por intervenção de agente do Estado,Coelho neto,Coelho Neto
20115501-2024,2024,Morte por Intervenção de Agente do Estado,Morte por intervenção de agente do Estado,Costa barros,Costa Barros
40044831-2024,2024,Homicídio Provocado por Projétil de Arma de Fogo,Homicídio doloso,Santa cruz,Santa Cruz
47164021-2024,2024,Homicídio Provocado por Projétil de Arma de Fogo,Homicídio doloso,Penha circular,Penha Circular
47164021-2024,2024,Homicídio Provocado por Projétil de Arma de Fogo,Homicídio doloso,Penha circular,Penha Circular
88986031-2024,2024,Homicídio (outros),Homicídio doloso,Guaratiba,Guaratiba
18767651-2024,2024,Homicídio Provocado por Projétil de Arma de Fogo,Homicídio doloso,Sao conrado,São Conrado
40443171-2024,2024,Homicídio Provocado por Projétil de Arma de Fogo,Homicídio doloso,Bras de pina,Brás de Pina
46221231-2024,2024,Morte por Intervenção de Agente do Estado,Morte por intervenção de agente do Estado,Colegio,Colégio
46221231-2024,2024,Morte por Intervenção de Agente do Estado,Morte por intervenção de agente do Estado,Colegio,Colégio
46564652-2024,2024,Homicídio (outros),Homicídio doloso,Ramos,Ramos
98585611-2024,2024,Homicídio Provocado por Projétil de Arma de Fogo,Homicídio doloso,Santo cristo,Santo Cristo
15931401-2024,2024,Homicídio Provocado por Projétil de Arma de Fogo,Homicídio doloso,Barros filho,Barros Filho
52496131-2024,2024,Homicídio (outros),Homicídio doloso,Madureira,Madureira
74059001-2024,2024,Morte por Intervenção de Agente do Estado,Morte por intervenção de agente do Estado,Penha,Penha
77543301-2024,2024,Morte por Intervenção de Agente do Estado,Morte por intervenção de agente do Estado,Tanque,Tanque
79489511-2024,2024,Morte por Intervenção de Agente do Estado,Morte por intervenção de agente do Estado,Cachambi,Cachambi
88304671-2024,2024,Morte por Intervenção de Agente do Estado,Morte por intervenção de agente do Estado,Guadalupe,Guadalupe
88304671-2024,2024,Morte por Intervenção de Agente do Estado,Morte por intervenção de agente do Estado,Guadalupe,Guadalupe
95477411-2024,2024,Morte por Intervenção de Agente do Estado,Morte por intervenção de agente do Estado,Campo grande,Campo Grande
07184971-2024,2024,Homicídio Provocado por Projétil de Arma de Fogo,Homicídio doloso,Vicente de carvalho,Vicente de Carvalho
17574601-2024,2024,Homicídio Provocado por Projétil de Arma de Fogo,Homicídio doloso,Del castilho,Del Castilho
87024431-2024,2024,Morte por Intervenção de Agente do Estado,Morte por intervenção de agente do Estado,Bangu,Bangu
88995801-2024,2024,Homicídio Provocado por Projétil de Arma de Fogo,Homicídio doloso,Guaratiba,Guaratiba
93319231-2024,2024,Homicídio Provocado por Projétil de Arma de Fogo,Homicídio doloso,Rio das pedras,Itanhangá
28068101-2024,2024,Morte por Intervenção de Agente do Estado,Morte por intervenção de agente do Estado,Senador camara,Senador Camará
30028731-2024,2024,Roubo Seguido de Morte Provocado por Projétil de Arma de Fogo,Latrocínio (Roubo seguido de morte),Padre miguel,Padre Miguel
33762071-2024,2024,Homicídio Provocado por Projétil de Arma de Fogo,Homicídio doloso,Bonsucesso,Bonsucesso
53909531-2024,2024,Homicídio Provocado por Queimaduras,Homicídio doloso,Santa cruz,Santa Cruz
16540971-2024,2024,Homicídio (outros),Homicídio doloso,Penha,Penha
17153541-2024,2024,Morte por Intervenção de Agente do Estado,Morte por intervenção de agente do Estado,Taquara,Taquara
30047791-2024,2024,Homicídio (outros),Homicídio doloso,Guaratiba,Guaratiba
02308451-2024,2024,Homicídio Provocado por Projétil de Arma de Fogo,Homicídio doloso,Bento ribeiro,Bento Ribeiro
02308451-2024,2024,Homicídio (outros),Homicídio doloso,Bento ribeiro,Bento Ribeiro
45882201-2024,2024,Morte por Intervenção de Agente do Estado,Morte por intervenção de agente do Estado,Inhauma,Inhaúma
66163351-2024,2024,Homicídio Provocado por Projétil de Arma de Fogo,Homicídio doloso,Santa cruz,Santa Cruz
66163351-2024,2024,Homicídio Provocado por Projétil de Arma de Fogo,Homicídio doloso,Santa cruz,Santa Cruz
70190271-2024,2024,Homicídio Provocado por Projétil de Arma de Fogo,Homicídio doloso,Bras de pina,Brás de Pina
77637271-2024,2024,Morte por Intervenção de Agente do Estado,Morte por intervenção de agente do Estado,Santa cruz,Santa Cruz
86057341-2024,2024,Homicídio Provocado por Projétil de Arma de Fogo,Homicídio doloso,Campo grande,Campo Grande
01737721-2024,2024,Homicídio Provocado por Pedrada,Homicídio doloso,Cachambi,Cachambi
22305421-2024,2024,Homicídio Provocado por Projétil de Arma de Fogo,Homicídio doloso,Manguinhos,Manguinhos
83026051-2024,2024,Homicídio Provocado por Projétil de Arma de Fogo,Homicídio doloso,Cidade deus,Cidade de Deus
33869981-2024,2024,Morte por Intervenção de Agente do Estado,Morte por intervenção de agente do Estado,Cordovil,Cordovil
50915221-2024,2024,Lesão Corporal Seguida de Morte (outros),Lesão corporal seguida de morte,Pavuna,Pavuna
10043711-2024,2024,Homicídio Provocado por Projétil de Arma de Fogo,Homicídio doloso,Vila isabel,Vila Isabel
42281702-2024,2024,Homicídio Provocado por Projétil de Arma de Fogo,Homicídio doloso,Realengo,Realengo
69967761-2024,2024,Homicídio Provocado por Projétil de Arma de Fogo,Homicídio doloso,Santa cruz,Santa Cruz
98948761-2024,2024,Homicídio (outros),Homicídio doloso,Costa barros,Costa Barros
11758881-2024,2024,Homicídio Provocado por Projétil de Arma de Fogo,Homicídio doloso,Pavuna,Pavuna
41433581-2024,2024,Homicídio Provocado por Projétil de Arma de Fogo,Homicídio doloso,Madureira,Madureira
43828711-2024,2024,Homicídio Provocado por Projétil de Arma de Fogo,Homicídio doloso,Catumbi,Catumbi
47962481-2024,2024,Homicídio Provocado por Projétil de Arma de Fogo,Homicídio doloso,Santa cruz,Santa Cruz
09999481-2024,2024,Homicídio Provocado por Projétil de Arma de Fogo,Homicídio doloso,Coelho neto,Coelho Neto
13105581-2024,2024,Morte por Intervenção de Agente do Estado,Morte por intervenção de agente do Estado,Realengo,Realengo
01888671-2024,2024,Homicídio Provocado por Projétil de Arma de Fogo,Homicídio doloso,Vicente de carvalho,Vicente de Carvalho
01888671-2024,2024,Homicídio Provocado por Projétil de Arma de Fogo,Homicídio doloso,Vicente de carvalho,Vicente de Carvalho
45745591-2024,2024,Morte por Intervenção de Agente do Estado,Morte por intervenção de agente do Estado,Pilares,Pilares
93740441-2024,2024,Homicídio Provocado por Projétil de Arma de Fogo,Homicídio doloso,"Piraque, pedra de guaratiba",Pedra de Guaratiba
31766651-2024,2024,Homicídio Provocado por Projétil de Arma de Fogo,Homicídio doloso,Itanhanga,Itanhangá
39669371-2024,2024,Homicídio Provocado por Projétil de Arma de Fogo,Homicídio doloso,Piedade,Piedade
93990591-2024,2024,Homicídio Provocado por Projétil de Arma de Fogo,Homicídio doloso,Pedra de guaratiba,Pedra de Guaratiba
93990591-2024,2024,Homicídio Provocado por Projétil de Arma de Fogo,Homicídio doloso,Pedra de guaratiba,Pedra de Guaratiba
42777492-2024,2024,Homicídio Provocado por Projétil de Arma de Fogo,Homicídio doloso,Realengo,Realengo
49492971-2024,2024,Homicídio Provocado por Asfixia,Homicídio doloso,Sao cristovao,São Cristóvão
57176761-2024,2024,Homicídio (outros),Homicídio doloso,Colegio,Colégio
64873351-2024,2024,Morte por Intervenção de Agente do Estado,Morte por intervenção de agente do Estado,Flamengo,Flamengo
35470641-2024,2024,Homicídio Provocado por Emprego de Arma Branca,Homicídio doloso,Engenho novo,Engenho Novo
36375011-2024,2024,Morte por Intervenção de Agente do Estado,Morte por intervenção de agente do Estado,Tanque,Tanque
86842601-2024,2024,Homicídio Provocado por Projétil de Arma de Fogo,Homicídio doloso,Santa cruz,Santa Cruz
86842601-2024,2024,Homicídio Provocado por Projétil de Arma de Fogo,Homicídio doloso,Santa cruz,Santa Cruz
33363741-2024,2024,Homicídio Provocado por Projétil de Arma de Fogo,Homicídio doloso,Penha,Penha
35204811-2024,2024,Morte por Intervenção de Agente do Estado,Morte por intervenção de agente do Estado,Itanhanga,Itanhangá
61651761-2024,2024,Homicídio Provocado por Projétil de Arma de Fogo,Homicídio doloso,Barra da tijuca,Barra da Tijuca
76872541-2024,2024,Morte por Intervenção de Agente do Estado,Morte por intervenção de agente do Estado,Praca seca,Praça Seca
80437641-2024,2024,Morte por Intervenção de Agente do Estado,Morte por intervenção de agente do Estado,Comunidade santa maria,Taquara
00156601-2024,2024,Homicídio Provocado por Projétil de Arma de Fogo,Homicídio doloso,Campo grande,Campo Grande
20384561-2024,2024,Homicídio (outros),Homicídio doloso,Santa cruz,Santa Cruz
92028301-2024,2024,Homicídio Provocado por Projétil de Arma de Fogo,Homicídio doloso,Costa barros,Costa Barros
97031031-2024,2024,Homicídio Provocado por Projétil de Arma de Fogo,Homicídio doloso,Bras de pina,Brás de Pina
18608421-2024,2024,Homicídio Provocado por Projétil de Arma de Fogo,Homicídio doloso,Penha,Penha
18608421-2024,2024,Homicídio Provocado por Projétil de Arma de Fogo,Homicídio doloso,Penha,Penha
23060912-2024,2024,Homicídio Provocado por Projétil de Arma de Fogo,Homicídio doloso,Gardencia azul,Gardênia Azul
82654932-2024,2024,Morte por Intervenção de Agente do Estado,Morte por intervenção de agente do Estado,Bangu,Bangu
14501741-2024,2024,Roubo Seguido de Morte Provocado por Projétil de Arma de Fogo,Latrocínio (Roubo seguido de morte),Realengo,Realengo
60134391-2024,2024,Homicídio Provocado por Emprego de Arma Branca,Homicídio doloso,Sepetiba,Sepetiba
10201541-2024,2024,Morte por Intervenção de Agente do Estado,Morte por intervenção de agente do Estado,Meier,Méier
17851381-2024,2024,Homicídio Provocado por Projétil de Arma de Fogo,Homicídio doloso,Costa barros,Costa Barros
41939881-2024,2024,Homicídio (outros),Homicídio doloso,Leblon,Leblon
70336601-2024,2024,Homicídio Provocado por Projétil de Arma de Fogo,Homicídio doloso,Coelho neto,Coelho Neto
24112991-2024,2024,Homicídio Provocado por Projétil de Arma de Fogo,Homicídio doloso,Sao cristovao,São Cristóvão
52847081-2024,2024,Homicídio Provocado por Projétil de Arma de Fogo,Homicídio doloso,Cidade de deus,Cidade de Deus
53701071-2024,2024,Homicídio Provocado por Emprego de Arma Branca,Homicídio doloso,Santa cruz,Santa Cruz
14715611-2024,2024,Homicídio Provocado por Projétil de Arma de Fogo,Homicídio doloso,Anil,Anil
19554231-2024,2024,Homicídio Provocado por Projétil de Arma de Fogo,Homicídio doloso,Pavuna,Pavuna
82636451-2024,2024,Homicídio Provocado por Projétil de Arma de Fogo,Homicídio doloso,Guaratiba.,Guaratiba
13797161-2024,2024,Homicídio (outros),Homicídio doloso,Senador camara,Senador Camará
63149311-2024,2024,Roubo Seguido de Morte Provocado por Projétil de Arma de Fogo,Latrocínio (Roubo seguido de morte),Flamengo,Flamengo
23341961-2024,2024,Homicídio Provocado por Projétil de Arma de Fogo,Homicídio doloso,Cascadura,Cascadura
98594581-2024,2024,Morte por Intervenção de Agente do Estado,Morte por intervenção de agente do Estado,Realengo,Realengo
53361511-2024,2024,Homicídio Provocado por Projétil de Arma de Fogo,Homicídio doloso,Gavea,Gávea
61007481-2024,2024,Homicídio Provocado por Projétil de Arma de Fogo,Homicídio doloso,Costa barros,Costa Barros
77784271-2024,2024,Homicídio Provocado por Projétil de Arma de Fogo,Homicídio doloso,Anil,Anil
85695461-2024,2024,Homicídio Provocado por Projétil de Arma de Fogo,Homicídio doloso,Gardenia azul,Gardênia Azul
20083561-2024,2024,Roubo Seguido de Morte Provocado por Projétil de Arma de Fogo,Latrocínio (Roubo seguido de morte),Manguinhos,Manguinhos
30672211-2024,2024,Morte por Intervenção de Agente do Estado,Morte por intervenção de agente do Estado,Vila do joao,Maré
73560341-2024,2024,Morte por Intervenção de Agente do Estado,Morte por intervenção de agente do Estado,Quintino bocaiuva,Quintino Bocaiúva
73560341-2024,2024,Morte por Intervenção de Agente do Estado,Morte por intervenção de agente do Estado,Quintino bocaiuva,Quintino Bocaiúva
00699352-2024,2024,Morte por Intervenção de Agente do Estado,Morte por intervenção de agente do Estado,Vaz lobo,Vaz Lobo
00699352-2024,2024,Morte por Intervenção de Agente do Estado,Morte por intervenção de agente do Estado,Vaz lobo,Vaz Lobo
26518041-2024,2024,Homicídio Provocado por Projétil de Arma de Fogo,Homicídio doloso,Recreio,Recreio dos Bandeirantes
28557761-2024,2024,Morte por Intervenção de Agente do Estado,Morte por intervenção de agente do Estado,Vaz lobo,Vaz Lobo
32051161-2024,2024,Homicídio (outros),Homicídio doloso,Gardenia,Gardênia Azul
38868741-2024,2024,Homicídio Provocado por Projétil de Arma de Fogo,Homicídio doloso,Bangu,Bangu
54654991-2024,2024,Homicídio Provocado por Projétil de Arma de Fogo,Homicídio doloso,Cordovil,Cordovil
69042261-2024,2024,Homicídio (outros),Homicídio doloso,Barra da tijuca,Barra da Tijuca
87658501-2024,2024,Homicídio Provocado por Projétil de Arma de Fogo,Homicídio doloso,Anil gardenia,Anil
03684181-2024,2024,Homicídio Provocado por Projétil de Arma de Fogo,Homicídio doloso,Vicente de carvalho,Vicente de Carvalho
03684181-2024,2024,Homicídio Provocado por Projétil de Arma de Fogo,Homicídio doloso,Vicente de carvalho,Vicente de Carvalho
22075702-2024,2024,Homicídio Provocado por Projétil de Arma de Fogo,Homicídio doloso,Cordovil,Cordovil
64055011-2024,2024,Homicídio Provocado por Projétil de Arma de Fogo,Homicídio doloso,Centro,Centro
79149361-2024,2024,Homicídio Provocado por Projétil de Arma de Fogo,Homicídio doloso,Penha circular,Penha Circular
25998711-2024,2024,Roubo Seguido de Morte Provocado por Projétil de Arma de Fogo,Latrocínio (Roubo seguido de morte),Santa cruz.,Santa Cruz
73159031-2024,2024,Homicídio Provocado por Projétil de Arma de Fogo,Homicídio doloso,Pavuna,Pavuna
76646141-2024,2024,Homicídio Provocado por Projétil de Arma de Fogo,Homicídio doloso,Realengo,Realengo
78425181-2024,2024,Roubo Seguido de Morte (outros),Latrocínio (Roubo seguido de morte),Pavuna,Pavuna
91855311-2024,2024,Homicídio Provocado por Emprego de Arma Branca,Homicídio doloso,Cacuia,Cacuia
99883251-2024,2024,Homicídio Provocado por Projétil de Arma de Fogo,Homicídio doloso,Meier,Méier
05659511-2024,2024,Homicídio Provocado por Projétil de Arma de Fogo,Homicídio doloso,Recreio dos bandeirantes,Recreio dos Bandeirantes
71763341-2024,2024,Homicídio Provocado por Projétil de Arma de Fogo,Homicídio doloso,Cordovil,Cordovil
71763341-2024,2024,Homicídio Provocado por Projétil de Arma de Fogo,Homicídio doloso,Cordovil,Cordovil
99814591-2024,2024,Homicídio Provocado por Projétil de Arma de Fogo,Homicídio doloso,Barra da tijuca,Barra da Tijuca
33319991-2024,2024,Homicídio Provocado por Projétil de Arma de Fogo,Homicídio doloso,Vargem grande,Vargem Grande
37175401-2024,2024,Morte por Intervenção de Agente do Estado,Morte por intervenção de agente do Estado,Iraja,Irajá
53761781-2024,2024,Morte por Intervenção de Agente do Estado,Morte por intervenção de agente do Estado,Rio comprido,Rio Comprido
62868271-2024,2024,Morte por Intervenção de Agente do Estado,Morte por intervenção de agente do Estado,Guadalupe,Guadalupe
89957041-2024,2024,Morte por Intervenção de Agente do Estado,Morte por intervenção de agente do Estado,Tanque,Tanque
89957041-2024,2024,Morte por Intervenção de Agente do Estado,Morte por intervenção de agente do Estado,Tanque,Tanque
78328901-2024,2024,Morte por Intervenção de Agente do Estado,Morte por intervenção de agente do Estado,Senador camara,Senador Camará
38530141-2024,2024,Morte por Intervenção de Agente do Estado,Morte por intervenção de agente do Estado,Centro,Centro
21717001-2024,2024,Homicídio Provocado por Projétil de Arma de Fogo,Homicídio doloso,Encantado,Encantado
25829681-2024,2024,Homicídio Provocado por Projétil de Arma de Fogo,Homicídio doloso,Realengo,Realengo
26685991-2024,2024,Morte por Intervenção de Agente do Estado,Morte por intervenção de agente do Estado,Taquara,Taquara
26685991-2024,2024,Morte por Intervenção de Agente do Estado,Morte por intervenção de agente do Estado,Taquara,Taquara
26685991-2024,2024,Morte por Intervenção de Agente do Estado,Morte por intervenção de agente do Estado,Taquara,Taquara
32313861-2024,2024,Homicídio (outros),Homicídio doloso,Bangu,Bangu
32313861-2024,2024,Homicídio (outros),Homicídio doloso,Bangu,Bangu
40230541-2024,2024,Morte por Intervenção de Agente do Estado,Morte por intervenção de agente do Estado,Vargem pequena,Vargem Pequena
73444281-2024,2024,Morte por Intervenção de Agente do Estado,Morte por intervenção de agente do Estado,Colegio,Colégio
73444281-2024,2024,Morte por Intervenção de Agente do Estado,Morte por intervenção de agente do Estado,Colegio,Colégio
74736251-2024,2024,Lesão Corporal Seguida de Morte (outros),Lesão corporal seguida de morte,Senador vasconcelos,Senador Vasconcelos
83869851-2024,2024,Homicídio (outros),Homicídio doloso,Paciencia,Paciência
91354541-2024,2024,Morte por Intervenção de Agente do Estado,Morte por intervenção de agente do Estado,Rocha miranda,Rocha Miranda
99055801-2024,2024,Morte por Intervenção de Agente do Estado,Morte por intervenção de agente do Estado,Bangu,Bangu
30659651-2024,2024,Morte por Intervenção de Agente do Estado,Morte por intervenção de agente do Estado,Marechal hermes,Marechal Hermes
57637021-2024,2024,Homicídio (outros),Homicídio doloso,Campo grande,Campo Grande
29016751-2024,2024,Homicídio Provocado por Projétil de Arma de Fogo,Homicídio doloso,"Cocota, ilha do governador",Cocotá
29713841-2024,2024,Homicídio Provocado por Projétil de Arma de Fogo,Homicídio doloso,Realengo,Realengo
19609141-2024,2024,Homicídio (outros),Homicídio doloso,Engenho novo,Engenho Novo
41478831-2024,2024,Homicídio Provocado por Projétil de Arma de Fogo,Homicídio doloso,Realengo,Realengo
09317091-2024,2024,Morte por Intervenção de Agente do Estado,Morte por intervenção de agente do Estado,Pavuna,Pavuna
18084481-2024,2024,Homicídio Provocado por Projétil de Arma de Fogo,Homicídio doloso,Recreio dos bandeirntes,Recreio dos Bandeirantes
75763571-2024,2024,Homicídio (outros),Homicídio doloso,Gardenia azul,Gardênia Azul
91160001-2024,2024,Homicídio Provocado por Projétil de Arma de Fogo,Homicídio doloso,Quintino,Quintino Bocaiúva
07847121-2024,2024,Homicídio (outros),Homicídio doloso,Campinho,Campinho
11356641-2024,2024,Morte por Intervenção de Agente do Estado,Morte por intervenção de agente do Estado,Piedade,Piedade
35863491-2024,2024,Homicídio Provocado por Projétil de Arma de Fogo,Homicídio doloso,Vila do joao,Maré
57522771-2024,2024,Homicídio (outros),Homicídio doloso,Penha circular,Penha Circular
66963211-2024,2024,Morte por Intervenção de Agente do Estado,Morte por intervenção de agente do Estado,Ricardo de albuquerque,Ricardo de Albuquerque
16255961-2024,2024,Homicídio Provocado por Paulada,Homicídio doloso,Jacarepagua,Jacarepaguá
16255961-2024,2024,Homicídio Provocado por Paulada,Homicídio doloso,Jacarepagua,Jacarepaguá
36553111-2024,2024,Homicídio Provocado por Projétil de Arma de Fogo,Homicídio doloso,Cosmos,Cosmos
54609181-2024,2024,Morte por Intervenção de Agente do Estado,Morte por intervenção de agente do Estado,Bras de pina,Brás de Pina
54609181-2024,2024,Morte por Intervenção de Agente do Estado,Morte por intervenção de agente do Estado,Bras de pina,Brás de Pina
60431321-2024,2024,Homicídio (outros),Homicídio doloso,"Uniao, paciencia",Paciência
88819471-2024,2024,Morte por Intervenção de Agente do Estado,Morte por intervenção de agente do Estado,Madureira,Madureira
96567061-2024,2024,Homicídio Provocado por Projétil de Arma de Fogo,Homicídio doloso,Pavuna,Pavuna
02088771-2024,2024,Morte por Intervenção de Agente do Estado,Morte por intervenção de agente do Estado,Barra da tijuca,Barra da Tijuca
50346721-2024,2024,Homicídio (outros),Homicídio doloso,Anil,Anil
50346721-2024,2024,Homicídio (outros),Homicídio doloso,Anil,Anil
68395681-2024,2024,Homicídio Provocado por Projétil de Arma de Fogo,Homicídio doloso,Cordovil,Cordovil
95926341-2024,2024,Homicídio (outros),Homicídio doloso,Campo grande,Campo Grande
16529471-2024,2024,Homicídio Provocado por Projétil de Arma de Fogo,Homicídio doloso,Itanhanga,Itanhangá
20921021-2024,2024,Homicídio Provocado por Projétil de Arma de Fogo,Homicídio doloso,Anchieta,Anchieta
22421111-2024,2024,Homicídio Provocado por Projétil de Arma de Fogo,Homicídio doloso,Santissimo,Santíssimo
26236981-2024,2024,Homicídio Provocado por Projétil de Arma de Fogo,Homicídio doloso,Costa barros,Costa Barros
26236981-2024,2024,Homicídio Provocado por Projétil de Arma de Fogo,Homicídio doloso,Costa barros,Costa Barros
52705121-2024,2024,Homicídio Provocado por Projétil de Arma de Fogo,Homicídio doloso,Quintino,Quintino Bocaiúva
56557661-2024,2024,Lesão Corporal Seguida de Morte (outros),Lesão corporal seguida de morte,Mare,Maré
93050631-2024,2024,Morte por Intervenção de Agente do Estado,Morte por intervenção de agente do Estado,Barros filho,Barros Filho
02983111-2024,2024,Morte por Intervenção de Agente do Estado,Morte por intervenção de agente do Estado,Lins de vasconcelos,Lins de Vasconcelos
10057261-2024,2024,Morte por Intervenção de Agente do Estado,Morte por intervenção de agente do Estado,Bangu,Bangu
44100901-2024,2024,Homicídio Provocado por Projétil de Arma de Fogo,Homicídio doloso,Pavuna,Pavuna
67938711-2024,2024,Homicídio Provocado por Projétil de Arma de Fogo,Homicídio doloso,Realengo,Realengo
77681871-2024,2024,Homicídio (outros),Homicídio doloso,Taua,Tauá
88412121-2024,2024,Morte por Intervenção de Agente do Estado,Morte por intervenção de agente do Estado,Costa barros,Costa Barros
73980741-2024,2024,Homicídio Provocado por Projétil de Arma de Fogo,Homicídio doloso,Bangu,Bangu
23185431-2024,2024,Homicídio Provocado por Projétil de Arma de Fogo,Homicídio doloso,Santa cruz,Santa Cruz
27874411-2024,2024,Homicídio Provocado por Projétil de Arma de Fogo,Homicídio doloso,Santissimo,Santíssimo
27874411-2024,2024,Homicídio Provocado por Projétil de Arma de Fogo,Homicídio doloso,Santissimo,Santíssimo
46971601-2024,2024,Morte por Intervenção de Agente do Estado,Morte por intervenção de agente do Estado,Colegio,Colégio
46971601-2024,2024,Morte por Intervenção de Agente do Estado,Morte por intervenção de agente do Estado,Colegio,Colégio
46971601-2024,2024,Morte por Intervenção de Agente do Estado,Morte por intervenção de agente do Estado,Colegio,Colégio
46971601-2024,2024,Morte por Intervenção de Agente do Estado,Morte por intervenção de agente do Estado,Colegio,Colégio
46971601-2024,2024,Morte por Intervenção de Agente do Estado,Morte por intervenção de agente do Estado,Colegio,Colégio
58396631-2024,2024,Homicídio Provocado por Projétil de Arma de Fogo,Homicídio doloso,Realengo,Realengo
90342641-2024,2024,Morte por Intervenção de Agente do Estado,Morte por intervenção de agente do Estado,Costa barros,Costa Barros
04331751-2024,2024,Homicídio Provocado por Projétil de Arma de Fogo,Homicídio doloso,Madureira,Madureira
57609131-2024,2024,Lesão Corporal Seguida de Morte (outros),Lesão corporal seguida de morte,Santa cruz,Santa Cruz
80624161-2024,2024,Morte por Intervenção de Agente do Estado,Morte por intervenção de agente do Estado,Barros filho,Barros Filho
80624161-2024,2024,Morte por Intervenção de Agente do Estado,Morte por intervenção de agente do Estado,Barros filho,Barros Filho
80624161-2024,2024,Morte por Intervenção de Agente do Estado,Morte por intervenção de agente do Estado,Barros filho,Barros Filho
80624161-2024,2024,Morte por Intervenção de Agente do Estado,Morte por intervenção de agente do Estado,Barros filho,Barros Filho
06099111-2024,2024,Homicídio Provocado por Projétil de Arma de Fogo,Homicídio doloso,Tanque,Tanque
06099111-2024,2024,Morte por Intervenção de Agente do Estado,Morte por intervenção de agente do Estado,Tanque,Tanque
06099111-2024,2024,Morte por Intervenção de Agente do Estado,Morte por intervenção de agente do Estado,Tanque,Tanque
06099111-2024,2024,Morte por Intervenção de Agente do Estado,Morte por intervenção de agente do Estado,Tanque,Tanque
11980321-2024,2024,Morte por Intervenção de Agente do Estado,Morte por intervenção de agente do Estado,Campinho,Campinho
30819061-2024,2024,Morte por Intervenção de Agente do Estado,Morte por intervenção de agente do Estado,Cascadura,Cascadura
32265831-2024,2024,Morte por Intervenção de Agente do Estado,Morte por intervenção de agente do Estado,Todos os santos,Todos os Santos
32265831-2024,2024,Morte por Intervenção de Agente do Estado,Morte por intervenção de agente do Estado,Todos os santos,Todos os Santos
63796421-2024,2024,Homicídio (outros),Homicídio doloso,Senador camara,Senador Camará
03708711-2024,2024,Homicídio (outros),Homicídio doloso,Campinho,Campinho
21425671-2024,2024,Homicídio (outros),Homicídio doloso,Campo grande,Campo Grande
43417511-2024,2024,Homicídio Provocado por Projétil de Arma de Fogo,Homicídio doloso,Costa barros,Costa Barros
43941151-2024,2024,Morte por Intervenção de Agente do Estado,Morte por intervenção de agente do Estado,Penha,Penha
30647561-2024,2024,Homicídio Provocado por Projétil de Arma de Fogo,Homicídio doloso,Taquara,Taquara
49139671-2024,2024,Homicídio (outros),Homicídio doloso,Copacabana,Copacabana
90533021-2024,2024,Morte por Intervenção de Agente do Estado,Morte por intervenção de agente do Estado,Inhauma,Inhaúma
99353691-2024,2024,Homicídio Provocado por Projétil de Arma de Fogo,Homicídio doloso,Leblon,Leblon
54776151-2024,2024,Homicídio (outros),Homicídio doloso,Realengo,Realengo
37711031-2024,2024,Roubo Seguido de Morte (outros),Latrocínio (Roubo seguido de morte),Campo grande,Campo Grande
48777021-2024,2024,Homicídio Provocado por Projétil de Arma de Fogo,Homicídio doloso,Pavuna,Pavuna
67341861-2024,2024,Morte por Intervenção de Agente do Estado,Morte por intervenção de agente do Estado,Bangu,Bangu
16574511-2024,2024,Morte por Intervenção de Agente do Estado,Morte por intervenção de agente do Estado,Marechal hermes,Marechal Hermes
00618221-2024,2024,Morte por Intervenção de Agente do Estado,Morte por intervenção de agente do Estado,Inhauma,Inhaúma
35035231-2024,2024,Homicídio Provocado por Projétil de Arma de Fogo,Homicídio doloso,Penha,Penha
36896331-2024,2024,Homicídio Provocado por Emprego de Arma Branca,Homicídio doloso,Cosmos,Cosmos
44943851-2024,2024,Morte por Intervenção de Agente do Estado,Morte por intervenção de agente do Estado,Favela do rodo,Santa Cruz
53214191-2024,2024,Homicídio Provocado por Projétil de Arma de Fogo,Homicídio doloso,Guadalupe,Guadalupe
66465871-2024,2024,Homicídio Provocado por Projétil de Arma de Fogo,Homicídio doloso,Vicente de carvalho,Vicente de Carvalho
85846571-2024,2024,Homicídio Provocado por Projétil de Arma de Fogo,Homicídio doloso,Rocha miranda,Rocha Miranda
85846571-2024,2024,Homicídio Provocado por Projétil de Arma de Fogo,Homicídio doloso,Rocha miranda,Rocha Miranda
06432811-2024,2024,Homicídio Provocado por Projétil de Arma de Fogo,Homicídio doloso,Realengo,Realengo
69899581-2024,2024,Morte por Intervenção de Agente do Estado,Morte por intervenção de agente do Estado,Senador camara,Senador Camará
69899581-2024,2024,Morte por Intervenção de Agente do Estado,Morte por intervenção de agente do Estado,Senador camara,Senador Camará
85219101-2024,2024,Lesão Corporal Seguida de Morte (outros),Lesão corporal seguida de morte,Guaratiba,Guaratiba
28667471-2024,2024,Homicídio Provocado por Paulada,Homicídio doloso,Campo grande,Campo Grande
58547301-2024,2024,Morte por Intervenção de Agente do Estado,Morte por intervenção de agente do Estado,Deodoro,Deodoro
77814651-2024,2024,Homicídio Provocado por Projétil de Arma de Fogo,Homicídio doloso,Costa barros,Costa Barros
91499611-2024,2024,Homicídio Provocado por Projétil de Arma de Fogo,Homicídio doloso,Vila isabel,Vila Isabel
03217671-2024,2024,Homicídio Provocado por Projétil de Arma de Fogo,Homicídio doloso,Mare,Maré
07069811-2024,2024,Morte por Intervenção de Agente do Estado,Morte por intervenção de agente do Estado,Marechal hermes,Marechal Hermes
12428921-2024,2024,Homicídio Provocado por Projétil de Arma de Fogo,Homicídio doloso,Bonsucesso,Bonsucesso
48101702-2024,2024,Morte por Intervenção de Agente do Estado,Morte por intervenção de agente do Estado,Benfica,Benfica
93154371-2024,2024,Morte por Intervenção de Agente do Estado,Morte por intervenção de agente do Estado,Engenheiro leal,Engenheiro Leal
08915971-2024,2024,Morte por Intervenção de Agente do Estado,Morte por intervenção de agente do Estado,Cascadura,Cascadura
12958101-2024,2024,Homicídio Provocado por Projétil de Arma de Fogo,Homicídio doloso,Andarai,Andaraí
70121441-2024,2024,Homicídio Provocado por Projétil de Arma de Fogo,Homicídio doloso,Madureira,Madureira
11327901-2024,2024,Homicídio Provocado por Projétil de Arma de Fogo,Homicídio doloso,Bangu,Bangu
19331261-2024,2024,Homicídio (outros),Homicídio doloso,Iraja,Irajá
65802331-2024,2024,Homicídio (outros),Homicídio doloso,Rio comprido,Rio Comprido
85980891-2024,2024,Homicídio Provocado por Projétil de Arma de Fogo,Homicídio doloso,Anil,Anil
61667241-2024,2024,Homicídio (outros),Homicídio doloso,Meier,Méier
42566311-2024,2024,Homicídio Provocado por Emprego de Arma Branca,Homicídio doloso,Vila valqueire,Vila Valqueire
63003551-2024,2024,Homicídio (outros),Homicídio doloso,Penha,Penha
68742531-2024,2024,Homicídio (outros),Homicídio doloso,Santa cruz,Santa Cruz
91335501-2024,2024,Homicídio Provocado por Projétil de Arma de Fogo,Homicídio doloso,Honorio gurgel,Honório Gurgel
96812431-2024,2024,Homicídio Provocado por Projétil de Arma de Fogo,Homicídio doloso,Penha,Penha
10726751-2024,2024,Homicídio Provocado por Projétil de Arma de Fogo,Homicídio doloso,Benfica,Benfica
37124251-2024,2024,Homicídio Provocado por Projétil de Arma de Fogo,Homicídio doloso,Taquara,Taquara
41473711-2024,2024,Homicídio (outros),Homicídio doloso,Penha,Penha
78479352-2024,2024,Morte por Intervenção de Agente do Estado,Morte por intervenção de agente do Estado,Realengo,Realengo
78479352-2024,2024,Morte por Intervenção de Agente do Estado,Morte por intervenção de agente do Estado,Realengo,Realengo
78479352-2024,2024,Morte por Intervenção de Agente do Estado,Morte por intervenção de agente do Estado,Realengo,Realengo
03956081-2024,2024,Morte por Intervenção de Agente do Estado,Morte por intervenção de agente do Estado,Taquara,Taquara
09861241-2024,2024,Homicídio Provocado por Projétil de Arma de Fogo,Homicídio doloso,Penha,Penha
25647501-2024,2024,Morte por Intervenção de Agente do Estado,Morte por intervenção de agente do Estado,Bangu,Bangu
38214771-2024,2024,Morte por Intervenção de Agente do Estado,Morte por intervenção de agente do Estado,Taquara,Taquara
61248042-2024,2024,Homicídio Provocado por Projétil de Arma de Fogo,Homicídio doloso,Anil - jacarepagua,Anil
72200091-2024,2024,Morte por Intervenção de Agente do Estado,Morte por intervenção de agente do Estado,Ramos,Ramos
87282732-2024,2024,Homicídio Provocado por Projétil de Arma de Fogo,Homicídio doloso,Catumbi,Catumbi
87282732-2024,2024,Homicídio Provocado por Projétil de Arma de Fogo,Homicídio doloso,Catumbi,Catumbi
16862031-2024,2024,Roubo Seguido de Morte Provocado por Projétil de Arma de Fogo,Latrocínio (Roubo seguido de morte),Recreio dos bandeirantes,Recreio dos Bandeirantes
19295711-2024,2024,Roubo Seguido de Morte Provocado por Projétil de Arma de Fogo,Latrocínio (Roubo seguido de morte),Bonsucesso,Bonsucesso
19295711-2024,2024,Roubo Seguido de Morte Provocado por Projétil de Arma de Fogo,Latrocínio (Roubo seguido de morte),Bonsucesso,Bonsucesso
35201371-2024,2024,Lesão Corporal Seguida de Morte (outros),Lesão corporal seguida de morte,Praca da bandeira,Praça da Bandeira
23051631-2024,2024,Lesão Corporal Seguida de Morte (outros),Lesão corporal seguida de morte,Tijuca,Tijuca
30058031-2024,2024,Morte por Intervenção de Agente do Estado,Morte por intervenção de agente do Estado,Sulacap,Jardim Sulacap
35552191-2024,2024,Morte por Intervenção de Agente do Estado,Morte por intervenção de agente do Estado,Rio comprido,Rio Comprido
45328801-2024,2024,Morte por Intervenção de Agente do Estado,Morte por intervenção de agente do Estado,Anil,Anil
66211261-2024,2024,Homicídio Provocado por Projétil de Arma de Fogo,Homicídio doloso,Itanhanga,Itanhangá
68733261-2024,2024,Homicídio Provocado por Projétil de Arma de Fogo,Homicídio doloso,Curicica,Curicica
97150231-2024,2024,Homicídio Provocado por Projétil de Arma de Fogo,Homicídio doloso,Jacarepagua,Jacarepaguá
98059871-2024,2024,Lesão Corporal Seguida de Morte (outros),Lesão corporal seguida de morte,Realengo,Realengo
02385631-2024,2024,Morte por Intervenção de Agente do Estado,Morte por intervenção de agente do Estado,Realengo,Realengo
13066071-2024,2024,Morte por Intervenção de Agente do Estado,Morte por intervenção de agente do Estado,Taquara,Taquara
13066071-2024,2024,Morte por Intervenção de Agente do Estado,Morte por intervenção de agente do Estado,Taquara,Taquara
18576241-2024,2024,Homicídio Provocado por Projétil de Arma de Fogo,Homicídio doloso,Penha circular,Penha Circular
35684071-2024,2024,Homicídio Provocado por Projétil de Arma de Fogo,Homicídio doloso,Realengo,Realengo
56261371-2024,2024,Homicídio (outros),Homicídio doloso,Cavalcanti,Cavalcanti
56261371-2024,2024,Homicídio (outros),Homicídio doloso,Cavalcanti,Cavalcanti
56261371-2024,2024,Homicídio (outros),Homicídio doloso,Cavalcanti,Cavalcanti
27112571-2024,2024,Homicídio Provocado por Projétil de Arma de Fogo,Homicídio doloso,Rio das pedras,Itanhangá
48051691-2024,2024,Homicídio Provocado por Projétil de Arma de Fogo,Homicídio doloso,Penha,Penha
49284241-2024,2024,Homicídio (outros),Homicídio doloso,Benfica,Benfica
80696681-2024,2024,Homicídio (outros),Homicídio doloso,Mangueira,Mangueira
13052011-2024,2024,Homicídio Provocado por Projétil de Arma de Fogo,Homicídio doloso,Deodoro,Deodoro
09443651-2024,2024,Homicídio Provocado por Projétil de Arma de Fogo,Homicídio doloso,Barros filho,Barros Filho
09675631-2024,2024,Homicídio Provocado por Projétil de Arma de Fogo,Homicídio doloso,Madureira,Madureira
20489541-2024,2024,Homicídio Provocado por Projétil de Arma de Fogo,Homicídio doloso,Jacarepagua,Jacarepaguá
40773521-2024,2024,Homicídio Provocado por Projétil de Arma de Fogo,Homicídio doloso,Centro,Centro
62446171-2024,2024,Homicídio (outros),Homicídio doloso,Santa cruz,Santa Cruz
26396421-2024,2024,Homicídio Provocado por Emprego de Arma Branca,Homicídio doloso,Campo grande,Campo Grande
33053571-2024,2024,Homicídio Provocado por Projétil de Arma de Fogo,Homicídio doloso,Curicica,Curicica
69813941-2024,2024,Homicídio Provocado por Projétil de Arma de Fogo,Homicídio doloso,Realengo,Realengo
88615151-2024,2024,Homicídio Provocado por Projétil de Arma de Fogo,Homicídio doloso,Santa cruz,Santa Cruz
50121511-2024,2024,Homicídio Provocado por Projétil de Arma de Fogo,Homicídio doloso,Centro,Centro
69618691-2024,2024,Homicídio Provocado por Projétil de Arma de Fogo,Homicídio doloso,Pilares,Pilares
92217681-2024,2024,Homicídio Provocado por Projétil de Arma de Fogo,Homicídio doloso,Senador camara,Senador Camará
88927011-2024,2024,Homicídio (outros),Homicídio doloso,Anil,Anil
50479601-2024,2024,Homicídio (outros),Homicídio doloso,Vicente de carvalho,Vicente de Carvalho
44587791-2024,2024,Homicídio Provocado por Projétil de Arma de Fogo,Homicídio doloso,Anchieta,Anchieta
73020381-2024,2024,Homicídio Provocado por Projétil de Arma de Fogo,Homicídio doloso,Piedade,Piedade
19198951-2024,2024,Homicídio Provocado por Projétil de Arma de Fogo,Homicídio doloso,Thomaz coelho,Tomás Coelho
39304371-2024,2024,Homicídio Provocado por Projétil de Arma de Fogo,Homicídio doloso,Bangu,Bangu
50884721-2024,2024,Homicídio Provocado por Projétil de Arma de Fogo,Homicídio doloso,Bras de pina,Brás de Pina
07191511-2024,2024,Homicídio (outros),Homicídio doloso,Bangu,Bangu
42317521-2024,2024,Homicídio Provocado por Emprego de Arma Branca,Homicídio doloso,Pedra de guaratiba,Pedra de Guaratiba
50179091-2024,2024,Homicídio Provocado por Projétil de Arma de Fogo,Homicídio doloso,Costa barros,Costa Barros
50179091-2024,2024,Homicídio Provocado por Projétil de Arma de Fogo,Homicídio doloso,Costa barros,Costa Barros
58188791-2024,2024,Homicídio Provocado por Projétil de Arma de Fogo,Homicídio doloso,Botafogo,Botafogo
76173161-2024,2024,Homicídio Provocado por Emprego de Arma Branca,Homicídio doloso,Ramos,Ramos
02243971-2024,2024,Homicídio Provocado por Projétil de Arma de Fogo,Homicídio doloso,Costa barros,Costa Barros
63159881-2024,2024,Homicídio Provocado por Projétil de Arma de Fogo,Homicídio doloso,Pavuna,Pavuna
76160281-2024,2024,Homicídio Provocado por Projétil de Arma de Fogo,Homicídio doloso,Costa barros,Costa Barros
63723351-2024,2024,Homicídio (outros),Homicídio doloso,Meier,Méier
86087031-2024,2024,Homicídio Provocado por Projétil de Arma de Fogo,Homicídio doloso,Barra da tijuca,Barra da Tijuca
92061021-2024,2024,Homicídio Provocado por Paulada,Homicídio doloso,Pavuna,Pavuna
02753061-2024,2024,Lesão Corporal Seguida de Morte (outros),Lesão corporal seguida de morte,Guaratiba,Guaratiba
04018421-2024,2024,Morte por Intervenção de Agente do Estado,Morte por intervenção de agente do Estado,Portuguesa,Portuguesa
44270211-2024,2024,Morte por Intervenção de Agente do Estado,Morte por intervenção de agente do Estado,Estacio,Estácio
54091281-2024,2024,Morte por Intervenção de Agente do Estado,Morte por intervenção de agente do Estado,Galeao,Galeão
64461051-2024,2024,Homicídio Provocado por Projétil de Arma de Fogo,Homicídio doloso,Realengo,Realengo
79793541-2024,2024,Homicídio (outros),Homicídio doloso,Jacarepagua,Jacarepaguá
06280921-2024,2024,Homicídio Provocado por Paulada,Homicídio doloso,Vicente de carvalho,Vicente de Carvalho
66993041-2024,2024,Homicídio Provocado por Projétil de Arma de Fogo,Homicídio doloso,Ramos,Ramos
89149741-2024,2024,Homicídio Provocado por Emprego de Arma Branca,Homicídio doloso,Realengo,Realengo
09345801-2024,2024,Homicídio Provocado por Projétil de Arma de Fogo,Homicídio doloso,Realengo,Realengo
09345801-2024,2024,Homicídio Provocado por Projétil de Arma de Fogo,Homicídio doloso,Realengo,Realengo
09345801-2024,2024,Homicídio Provocado por Projétil de Arma de Fogo,Homicídio doloso,Realengo,Realengo
17665361-2024,2024,Homicídio Provocado por Projétil de Arma de Fogo,Homicídio doloso,Penha circular,Penha Circular
00790961-2024,2024,Homicídio Provocado por Projétil de Arma de Fogo,Homicídio doloso,Mal. hermes,Marechal Hermes
79263321-2024,2024,Homicídio Provocado por Projétil de Arma de Fogo,Homicídio doloso,Vaz lobo,Vaz Lobo
19084741-2024,2024,Homicídio (outros),Homicídio doloso,Recreio dos bandeirantes,Recreio dos Bandeirantes
32011791-2024,2024,Homicídio (outros),Homicídio doloso,Jardim guanabara,Jardim Guanabara
45475661-2024,2024,Morte por Intervenção de Agente do Estado,Morte por intervenção de agente do Estado,Taquara,Taquara
55008221-2024,2024,Homicídio Provocado por Projétil de Arma de Fogo,Homicídio doloso,Pavuna,Pavuna
84934051-2024,2024,Morte por Intervenção de Agente do Estado,Morte por intervenção de agente do Estado,Olaria,Olaria
98229481-2024,2024,Homicídio Provocado por Projétil de Arma de Fogo,Homicídio doloso,Madureira,Madureira
18025701-2024,2024,Homicídio Provocado por Queimaduras,Homicídio doloso,Bento ribeiro,Bento Ribeiro
41904281-2024,2024,Homicídio Provocado por Projétil de Arma de Fogo,Homicídio doloso,Penha,Penha
92759431-2024,2024,Homicídio Provocado por Projétil de Arma de Fogo,Homicídio doloso,Tijuca,Tijuca
61766251-2024,2024,Homicídio Provocado por Projétil de Arma de Fogo,Homicídio doloso,Praca seca,Praça Seca
73194211-2024,2024,Roubo Seguido de Morte Provocado por Projétil de Arma de Fogo,Latrocínio (Roubo seguido de morte),Bangu,Bangu
80585001-2024,2024,Homicídio (outros),Homicídio doloso,Santa cruz,Santa Cruz
07781281-2024,2024,Homicídio (outros),Homicídio doloso,Paciencia,Paciência
30298401-2024,2024,Homicídio Provocado por Projétil de Arma de Fogo,Homicídio doloso,Pavuna,Pavuna
74832011-2024,2024,Roubo Seguido de Morte Provocado por Projétil de Arma de Fogo,Latrocínio (Roubo seguido de morte),Rocha miranda,Rocha Miranda
39615991-2024,2024,Homicídio (outros),Homicídio doloso,Manguinhos,Manguinhos
49844611-2024,2024,Homicídio Provocado por Projétil de Arma de Fogo,Homicídio doloso,Taquara,Taquara
73224211-2024,2024,Lesão Corporal Seguida de Morte (outros),Lesão corporal seguida de morte,Jacarepagua,Jacarepaguá
30823161-2024,2024,Morte por Intervenção de Agente do Estado,Morte por intervenção de agente do Estado,Anchieta,Anchieta
87859761-2024,2024,Homicídio (outros),Homicídio doloso,Pechincha,Pechincha
24241561-2024,2024,Morte por Intervenção de Agente do Estado,Morte por intervenção de agente do Estado,Pavuna,Pavuna
45127871-2024,2024,Homicídio (outros),Homicídio doloso,Iraja,Irajá
27765631-2024,2024,Lesão Corporal Seguida de Morte (outros),Lesão corporal seguida de morte,Santo cristo,Santo Cristo
30236771-2024,2024,Homicídio Provocado por Projétil de Arma de Fogo,Homicídio doloso,Bonsucesso,Bonsucesso
36149081-2024,2024,Morte por Intervenção de Agente do Estado,Morte por intervenção de agente do Estado,Guadalupe,Guadalupe
44454701-2024,2024,Morte por Intervenção de Agente do Estado,Morte por intervenção de agente do Estado,Valqueire,Vila Valqueire
65425601-2024,2024,Morte por Intervenção de Agente do Estado,Morte por intervenção de agente do Estado,Benfica,Benfica
01637951-2024,2024,Morte por Intervenção de Agente do Estado,Morte por intervenção de agente do Estado,Benfica,Benfica
92589271-2024,2024,Morte por Intervenção de Agente do Estado,Morte por intervenção de agente do Estado,Vicente de carvalho,Vicente de Carvalho
92589271-2024,2024,Morte por Intervenção de Agente do Estado,Morte por intervenção de agente do Estado,Vicente de carvalho,Vicente de Carvalho
92589271-2024,2024,Morte por Intervenção de Agente do Estado,Morte por intervenção de agente do Estado,Vicente de carvalho,Vicente de Carvalho
18807451-2024,2024,Homicídio (outros),Homicídio doloso,Benfica,Benfica
19053641-2024,2024,Homicídio Provocado por Projétil de Arma de Fogo,Homicídio doloso,Itanhanga,Itanhangá
19053641-2024,2024,Morte por Intervenção de Agente do Estado,Morte por intervenção de agente do Estado,Itanhanga,Itanhangá
45345811-2024,2024,Homicídio Provocado por Projétil de Arma de Fogo,Homicídio doloso,Vila isabel,Vila Isabel
92431011-2024,2024,Morte por Intervenção de Agente do Estado,Morte por intervenção de agente do Estado,Benfica,Benfica
92431011-2024,2024,Morte por Intervenção de Agente do Estado,Morte por intervenção de agente do Estado,Benfica,Benfica
96749521-2024,2024,Morte por Intervenção de Agente do Estado,Morte por intervenção de agente do Estado,Cavalcanti,Cavalcanti
01174461-2024,2024,Morte por Intervenção de Agente do Estado,Morte por intervenção de agente do Estado,Colegio,Colégio
05493062-2024,2024,Homicídio Provocado por Projétil de Arma de Fogo,Homicídio doloso,Portuguesa,Portuguesa
53353781-2024,2024,Homicídio (outros),Homicídio doloso,Tomas coelho,Tomás Coelho
38207061-2024,2024,Morte por Intervenção de Agente do Estado,Morte por intervenção de agente do Estado,Bras de pina,Brás de Pina
51673081-2024,2024,Homicídio Provocado por Projétil de Arma de Fogo,Homicídio doloso,Recreio dos bandeirantes,Recreio dos Bandeirantes
51673081-2024,2024,Homicídio Provocado por Projétil de Arma de Fogo,Homicídio doloso,Recreio dos bandeirantes,Recreio dos Bandeirantes
54455871-2024,2024,Homicídio (outros),Homicídio doloso,Santa cruz,Santa Cruz
30086931-2024,2024,Homicídio Provocado por Emprego de Arma Branca,Homicídio doloso,Guadalupe,Guadalupe
40293941-2024,2024,Morte por Intervenção de Agente do Estado,Morte por intervenção de agente do Estado,Pilares,Pilares
76533641-2024,2024,Morte por Intervenção de Agente do Estado,Morte por intervenção de agente do Estado,Grajau,Grajaú
92659091-2024,2024,Homicídio Provocado por Projétil de Arma de Fogo,Homicídio doloso,Barra da tijuca,Barra da Tijuca
17641951-2024,2024,Homicídio Provocado por Emprego de Arma Branca,Homicídio doloso,Marechal hermes,Marechal Hermes
66868751-2024,2024,Roubo Seguido de Morte Provocado por Projétil de Arma de Fogo,Latrocínio (Roubo seguido de morte),Pavuna,Pavuna
70335791-2024,2024,Morte por Intervenção de Agente do Estado,Morte por intervenção de agente do Estado,Engenho de dentro,Engenho de Dentro
41008671-2024,2024,Homicídio Provocado por Projétil de Arma de Fogo,Homicídio doloso,Realengo,Realengo
92472091-2024,2024,Homicídio Provocado por Projétil de Arma de Fogo,Homicídio doloso,Anil,Anil
92472091-2024,2024,Homicídio Provocado por Projétil de Arma de Fogo,Homicídio doloso,Anil,Anil
13469691-2024,2024,Homicídio Provocado por Projétil de Arma de Fogo,Homicídio doloso,Bangu,Bangu
14491591-2024,2024,Homicídio Provocado por Projétil de Arma de Fogo,Homicídio doloso,Parada de lucas,Parada de Lucas
32344991-2024,2024,Homicídio Provocado por Projétil de Arma de Fogo,Homicídio doloso,Bangu,Bangu
45435101-2024,2024,Morte por Intervenção de Agente do Estado,Morte por intervenção de agente do Estado,Barra olimpica,Camorim
24913911-2024,2024,Roubo Seguido de Morte Provocado por Projétil de Arma de Fogo,Latrocínio (Roubo seguido de morte),Anchieta,Anchieta
98267081-2024,2024,Homicídio Provocado por Projétil de Arma de Fogo,Homicídio doloso,Rio comprido,Rio Comprido
22733351-2024,2024,Morte por Intervenção de Agente do Estado,Morte por intervenção de agente do Estado,Cidade de deus,Cidade de Deus
38135821-2024,2024,Morte por Intervenção de Agente do Estado,Morte por intervenção de agente do Estado,Sao cristovao,São Cristóvão
72758911-2024,2024,Homicídio Provocado por Projétil de Arma de Fogo,Homicídio doloso,Oswaldo cruz,Oswaldo Cruz
21328281-2024,2024,Homicídio Provocado por Projétil de Arma de Fogo,Homicídio doloso,Vargem pequena,Vargem Pequena
46207731-2024,2024,Homicídio Provocado por Projétil de Arma de Fogo,Homicídio doloso,Campinho,Campinho
56576062-2024,2024,Morte por Intervenção de Agente do Estado,Morte por intervenção de agente do Estado,Meier,Méier
77633851-2024,2024,Homicídio Provocado por Projétil de Arma de Fogo,Homicídio doloso,Cidade de deus,Cidade de Deus
87697571-2024,2024,Homicídio Provocado por Projétil de Arma de Fogo,Homicídio doloso,Vargem pequena,Vargem Pequena
31377012-2024,2024,Morte por Intervenção de Agente do Estado,Morte por intervenção de agente do Estado,Acari,Acari
47688952-2024,2024,Morte por Intervenção de Agente do Estado,Morte por intervenção de agente do Estado,Recreio dos bandeirantes,Recreio dos Bandeirantes
68591811-2024,2024,Morte por Intervenção de Agente do Estado,Morte por intervenção de agente do Estado,Padre miguel,Padre Miguel
88343481-2024,2024,Roubo Seguido de Morte (outros),Latrocínio (Roubo seguido de morte),Copacabana,Copacabana
59429931-2024,2024,Homicídio Provocado por Projétil de Arma de Fogo,Homicídio doloso,Padre miguel,Padre Miguel
82608211-2024,2024,Homicídio Provocado por Projétil de Arma de Fogo,Homicídio doloso,Bangu,Bangu
05182191-2024,2024,Morte por Intervenção de Agente do Estado,Morte por intervenção de agente do Estado,Vigario geral,Vigário Geral
11440461-2024,2024,Homicídio Provocado por Projétil de Arma de Fogo,Homicídio doloso,Pavuna,Pavuna
29756511-2024,2024,Homicídio (outros),Homicídio doloso,Barra da tijuca,Barra da Tijuca
84563591-2024,2024,Homicídio Provocado por Projétil de Arma de Fogo,Homicídio doloso,Tanque,Tanque
37433141-2024,2024,Homicídio (outros),Homicídio doloso,Recreio dos bandeirantes,Recreio dos Bandeirantes
10812571-2024,2024,Morte por Intervenção de Agente do Estado,Morte por intervenção de agente do Estado,Guadalupe,Guadalupe
41740821-2024,2024,Morte por Intervenção de Agente do Estado,Morte por intervenção de agente do Estado,Piedade,Piedade
41740821-2024,2024,Morte por Intervenção de Agente do Estado,Morte por intervenção de agente do Estado,Piedade,Piedade
53834581-2024,2024,Homicídio (outros),Homicídio doloso,Manguinhos,Manguinhos
54388801-2024,2024,Morte por Intervenção de Agente do Estado,Morte por intervenção de agente do Estado,Marechal hermes,Marechal Hermes
63494721-2024,2024,Homicídio Provocado por Projétil de Arma de Fogo,Homicídio doloso,Taquara,Taquara
75086321-2024,2024,Homicídio Provocado por Emprego de Arma Branca,Homicídio doloso,Guaratiba,Guaratiba
96187901-2024,2024,Morte por Intervenção de Agente do Estado,Morte por intervenção de agente do Estado,Jacarepagua,Jacarepaguá
06159441-2024,2024,Homicídio Provocado por Projétil de Arma de Fogo,Homicídio doloso,Iraja,Irajá
39090241-2024,2024,Morte por Intervenção de Agente do Estado,Morte por intervenção de agente do Estado,Colegio,Colégio
85254151-2024,2024,Homicídio Provocado por Projétil de Arma de Fogo,Homicídio doloso,Rio comprido,Rio Comprido
05548111-2024,2024,Homicídio Provocado por Projétil de Arma de Fogo,Homicídio doloso,Guadalupe,Guadalupe
78071501-2024,2024,Homicídio Provocado por Projétil de Arma de Fogo,Homicídio doloso,Bangu,Bangu
37541501-2024,2024,Homicídio Provocado por Projétil de Arma de Fogo,Homicídio doloso,Anil,Anil
70830591-2024,2024,Homicídio Provocado por Projétil de Arma de Fogo,Homicídio doloso,Anil,Anil
13753121-2024,2024,Homicídio (outros),Homicídio doloso,Jardim guanabara,Jardim Guanabara
18575301-2024,2024,Morte por Intervenção de Agente do Estado,Morte por intervenção de agente do Estado,Freguesia (jacarepagua),Freguesia (Jacarepaguá)
18575301-2024,2024,Morte por Intervenção de Agente do Estado,Morte por intervenção de agente do Estado,Freguesia (jacarepagua),Freguesia (Jacarepaguá)
29999161-2024,2024,Homicídio (outros),Homicídio doloso,Tanque,Tanque
47774851-2024,2024,Homicídio Provocado por Projétil de Arma de Fogo,Homicídio doloso,Itanhanga,Itanhangá
71942421-2024,2024,Homicídio (outros),Homicídio doloso,Cidade universitaria,Cidade Universitária
71942421-2024,2024,Homicídio (outros),Homicídio doloso,Cidade universitaria,Cidade Universitária
71942421-2024,2024,Homicídio (outros),Homicídio doloso,Cidade universitaria,Cidade Universitária
71942421-2024,2024,Homicídio (outros),Homicídio doloso,Cidade universitaria,Cidade Universitária
80268801-2024,2024,Homicídio Provocado por Projétil de Arma de Fogo,Homicídio doloso,Engenho novo,Engenho Novo
02208091-2024,2024,Morte por Intervenção de Agente do Estado,Morte por intervenção de agente do Estado,Meier,Méier
12832751-2024,2024,Morte por Intervenção de Agente do Estado,Morte por intervenção de agente do Estado,Vicente de carvalho,Vicente de Carvalho
53808041-2024,2024,Homicídio Provocado por Paulada,Homicídio doloso,Barra da tijuca,Barra da Tijuca
78157451-2024,2024,Homicídio (outros),Homicídio doloso,Barra da tijuca,Barra da Tijuca
86113611-2024,2024,Homicídio Provocado por Projétil de Arma de Fogo,Homicídio doloso,Rocha miranda,Rocha Miranda
42803891-2024,2024,Morte por Intervenção de Agente do Estado,Morte por intervenção de agente do Estado,Bras de pina,Brás de Pina
49501231-2024,2024,Morte por Intervenção de Agente do Estado,Morte por intervenção de agente do Estado,Ricardo de albuquerque,Ricardo de Albuquerque
62266801-2024,2024,Homicídio (outros),Homicídio doloso,Penha,Penha
79093581-2024,2024,Homicídio (outros),Homicídio doloso,Jardim guanabara,Jardim Guanabara
91782401-2024,2024,Morte por Intervenção de Agente do Estado,Morte por intervenção de agente do Estado,Taquara,Taquara
12327991-2024,2024,Homicídio Provocado por Emprego de Arma Branca,Homicídio doloso,Santissimo,Santíssimo
21266721-2024,2024,Homicídio Provocado por Projétil de Arma de Fogo,Homicídio doloso,Curicica,Curicica
21266721-2024,2024,Homicídio Provocado por Projétil de Arma de Fogo,Homicídio doloso,Curicica,Curicica
30450191-2024,2024,Homicídio Provocado por Paulada,Homicídio doloso,Centro,Centro
41016321-2024,2024,Homicídio Provocado por Projétil de Arma de Fogo,Homicídio doloso,Cavalcanti,Cavalcanti
41016321-2024,2024,Homicídio Provocado por Projétil de Arma de Fogo,Homicídio doloso,Cavalcanti,Cavalcanti
04153101-2024,2024,Homicídio Provocado por Projétil de Arma de Fogo,Homicídio doloso,Guaratiba,Guaratiba
46996571-2024,2024,Homicídio Provocado por Projétil de Arma de Fogo,Homicídio doloso,Santa cruz,Santa Cruz
56794621-2024,2024,Homicídio Provocado por Projétil de Arma de Fogo,Homicídio doloso,Penha circular,Penha Circular
20065211-2024,2024,Morte por Intervenção de Agente do Estado,Morte por intervenção de agente do Estado,Oswaldo cruz,Oswaldo Cruz
18428931-2024,2024,Homicídio Provocado por Projétil de Arma de Fogo,Homicídio doloso,Santa cruz,Santa Cruz
39127211-2024,2024,Homicídio (outros),Homicídio doloso,Vila da penha,Vila da Penha
49665372-2024,2024,Morte por Intervenção de Agente do Estado,Morte por intervenção de agente do Estado,Engenho de dentro,Engenho de Dentro
02496382-2024,2024,Homicídio Provocado por Projétil de Arma de Fogo,Homicídio doloso,Abolicao,Abolição
09047921-2024,2024,Homicídio Provocado por Projétil de Arma de Fogo,Homicídio doloso,Penha,Penha
13792971-2024,2024,Morte por Intervenção de Agente do Estado,Morte por intervenção de agente do Estado,Itanhanga,Itanhangá
16812501-2024,2024,Homicídio Provocado por Projétil de Arma de Fogo,Homicídio doloso,Meier,Méier
30842671-2024,2024,Morte por Intervenção de Agente do Estado,Morte por intervenção de agente do Estado,Cidade de deus,Cidade de Deus
42523021-2024,2024,Homicídio (outros),Homicídio doloso,Pavuna,Pavuna
77179821-2024,2024,Homicídio (outros),Homicídio doloso,Manguinhos,Manguinhos
33070781-2024,2024,Morte por Intervenção de Agente do Estado,Morte por intervenção de agente do Estado,Cidade nova,Cidade Nova
56790041-2024,2024,Morte por Intervenção de Agente do Estado,Morte por intervenção de agente do Estado,Costa barros,Costa Barros
75715361-2024,2024,Homicídio Provocado por Projétil de Arma de Fogo,Homicídio doloso,Penha,Penha
82479011-2024,2024,Morte por Intervenção de Agente do Estado,Morte por intervenção de agente do Estado,Timbau,Maré
82479011-2024,2024,Morte por Intervenção de Agente do Estado,Morte por intervenção de agente do Estado,Timbau,Maré
82479011-2024,2024,Morte por Intervenção de Agente do Estado,Morte por intervenção de agente do Estado,Timbau,Maré
91550001-2024,2024,Homicídio (outros),Homicídio doloso,Penha,Penha
45147191-2024,2024,Morte por Intervenção de Agente do Estado,Morte por intervenção de agente do Estado,Catete,Catete
86587291-2024,2024,Homicídio Provocado por Projétil de Arma de Fogo,Homicídio doloso,Itanhanga,Itanhangá
60290692-2024,2024,Homicídio Provocado por Projétil de Arma de Fogo,Homicídio doloso,Realengo,Realengo
89371261-2024,2024,Homicídio Provocado por Projétil de Arma de Fogo,Homicídio doloso,Vargem grande,Vargem Grande
11827251-2024,2024,Morte por Intervenção de Agente do Estado,Morte por intervenção de agente do Estado,Gavea,Gávea
68411931-2024,2024,Roubo Seguido de Morte Provocado por Projétil de Arma de Fogo,Latrocínio (Roubo seguido de morte),Pavuna.,Pavuna
43485091-2024,2024,Morte por Intervenção de Agente do Estado,Morte por intervenção de agente do Estado,Cordovil,Cordovil
43485091-2024,2024,Morte por Intervenção de Agente do Estado,Morte por intervenção de agente do Estado,Cordovil,Cordovil
86412391-2024,2024,Lesão Corporal Seguida de Morte Provocada por Queimaduras,Lesão corporal seguida de morte,Centro,Centro
99934681-2024,2024,Morte por Intervenção de Agente do Estado,Morte por intervenção de agente do Estado,Marechal hermes,Marechal Hermes
05619091-2024,2024,Homicídio Provocado por Projétil de Arma de Fogo,Homicídio doloso,Anchieta,Anchieta
93966011-2024,2024,"Lesão Corporal Seguida de Morte Provocada por Socos, Tapas ou Pontapés",Lesão corporal seguida de morte,Campo grande,Campo Grande
06546541-2024,2024,Homicídio Provocado por Projétil de Arma de Fogo,Homicídio doloso,Itanhanga,Itanhangá
56053711-2024,2024,Homicídio (outros),Homicídio doloso,Bras de pina,Brás de Pina
63013381-2024,2024,Homicídio (outros),Homicídio doloso,Bonsucesso,Bonsucesso
73340671-2024,2024,Homicídio Provocado por Projétil de Arma de Fogo,Homicídio doloso,Bras de pina,Brás de Pina
81048781-2024,2024,Homicídio Provocado por Projétil de Arma de Fogo,Homicídio doloso,Bras de pina,Brás de Pina
41542341-2024,2024,Homicídio Provocado por Projétil de Arma de Fogo,Homicídio doloso,Bras de pina,Brás de Pina
51813441-2024,2024,Morte por Intervenção de Agente do Estado,Morte por intervenção de agente do Estado,Sao cristovao,São Cristóvão
60043571-2024,2024,Homicídio Provocado por Projétil de Arma de Fogo,Homicídio doloso,Realengo,Realengo
60043571-2024,2024,Homicídio Provocado por Projétil de Arma de Fogo,Homicídio doloso,Realengo,Realengo
60043571-2024,2024,Homicídio Provocado por Projétil de Arma de Fogo,Homicídio doloso,Realengo,Realengo
86694061-2024,2024,Homicídio (outros),Homicídio doloso,Santissimo,Santíssimo
10114011-2024,2024,Homicídio Provocado por Projétil de Arma de Fogo,Homicídio doloso,Curicica,Curicica
17909401-2024,2024,Morte por Intervenção de Agente do Estado,Morte por intervenção de agente do Estado,Tijuca,Tijuca
19623411-2024,2024,Homicídio (outros),Homicídio doloso,Tanque,Tanque
65257641-2024,2024,Homicídio Provocado por Projétil de Arma de Fogo,Homicídio doloso,Bras de pina,Brás de Pina
66278331-2024,2024,Homicídio Provocado por Projétil de Arma de Fogo,Homicídio doloso,Bangu,Bangu
35636641-2024,2024,Morte por Intervenção de Agente do Estado,Morte por intervenção de agente do Estado,Iraja,Irajá
96232211-2024,2024,Homicídio Provocado por Projétil de Arma de Fogo,Homicídio doloso,Realengo,Realengo
98239741-2024,2024,Morte por Intervenção de Agente do Estado,Morte por intervenção de agente do Estado,Praca seca,Praça Seca
02553731-2024,2024,Homicídio Provocado por Projétil de Arma de Fogo,Homicídio doloso,Bairro treze,Penha
45813491-2024,2024,Homicídio Provocado por Projétil de Arma de Fogo,Homicídio doloso,Penha,Penha
82510451-2024,2024,Homicídio Provocado por Projétil de Arma de Fogo,Homicídio doloso,Jacare,Jacaré
88259141-2024,2024,Homicídio Provocado por Emprego de Arma Branca,Homicídio doloso,Morro do alemao,Complexo do Alemão
99665281-2024,2024,Morte por Intervenção de Agente do Estado,Morte por intervenção de agente do Estado,Cocota,Cocotá
73689831-2024,2024,Homicídio Provocado por Projétil de Arma de Fogo,Homicídio doloso,Guadalupe,Guadalupe
49718571-2024,2024,Homicídio Provocado por Projétil de Arma de Fogo,Homicídio doloso,Penha,Penha
76350691-2024,2024,Roubo Seguido de Morte (outros),Latrocínio (Roubo seguido de morte),Guaratiba,Guaratiba
11101261-2024,2024,Homicídio Provocado por Projétil de Arma de Fogo,Homicídio doloso,Tijuca,Tijuca
37834781-2024,2024,Homicídio Provocado por Projétil de Arma de Fogo,Homicídio doloso,Senador camara,Senador Camará
49248961-2024,2024,Homicídio Provocado por Projétil de Arma de Fogo,Homicídio doloso,Vila isabel,Vila Isabel
49248961-2024,2024,Homicídio Provocado por Projétil de Arma de Fogo,Homicídio doloso,Vila isabel,Vila Isabel
51031361-2024,2024,Homicídio Provocado por Projétil de Arma de Fogo,Homicídio doloso,Jacarepagua,Jacarepaguá
63302071-2024,2024,Homicídio (outros),Homicídio doloso,Tanque,Tanque
07037661-2024,2024,Homicídio (outros),Homicídio doloso,Barros filho,Barros Filho
16554901-2024,2024,Homicídio (outros),Homicídio doloso,Cordovil,Cordovil
09610841-2024,2024,Homicídio Provocado por Projétil de Arma de Fogo,Homicídio doloso,Madureira,Madureira
26967271-2024,2024,Homicídio Provocado por Projétil de Arma de Fogo,Homicídio doloso,Bangu,Bangu
35430721-2024,2024,Homicídio Provocado por Projétil de Arma de Fogo,Homicídio doloso,Senador camara,Senador Camará
93820121-2024,2024,Homicídio Provocado por Projétil de Arma de Fogo,Homicídio doloso,Rocha miranda,Rocha Miranda
60533561-2024,2024,Morte por Intervenção de Agente do Estado,Morte por intervenção de agente do Estado,Anchieta,Anchieta
83634031-2024,2024,Morte por Intervenção de Agente do Estado,Morte por intervenção de agente do Estado,Tijuca,Tijuca
10537911-2024,2024,Lesão Corporal Seguida de Morte (outros),Lesão corporal seguida de morte,Barros filho,Barros Filho
26171111-2024,2024,Homicídio Provocado por Projétil de Arma de Fogo,Homicídio doloso,Bangu,Bangu
38981471-2024,2024,Homicídio Provocado por Projétil de Arma de Fogo,Homicídio doloso,Bangu,Bangu
81621871-2024,2024,Homicídio (outros),Homicídio doloso,Campo grande,Campo Grande
89117101-2024,2024,Morte por Intervenção de Agente do Estado,Morte por intervenção de agente do Estado,Tijuca,Tijuca
20713271-2024,2024,Morte por Intervenção de Agente do Estado,Morte por intervenção de agente do Estado,Bangu,Bangu
82687441-2024,2024,Homicídio Provocado por Emprego de Arma Branca,Homicídio doloso,Sao cristovao,São Cristóvão
93568181-2024,2024,Morte por Intervenção de Agente do Estado,Morte por intervenção de agente do Estado,Marechal hermes,Marechal Hermes
05230131-2024,2024,Morte por Intervenção de Agente do Estado,Morte por intervenção de agente do Estado,Mare,Maré
51494871-2024,2024,Homicídio Provocado por Projétil de Arma de Fogo,Homicídio doloso,Del castilho,Del Castilho
66529501-2024,2024,Homicídio Provocado por Projétil de Arma de Fogo,Homicídio doloso,Meier,Méier
00350761-2024,2024,Morte por Intervenção de Agente do Estado,Morte por intervenção de agente do Estado,Quintino,Quintino Bocaiúva
00350761-2024,2024,Morte por Intervenção de Agente do Estado,Morte por intervenção de agente do Estado,Quintino,Quintino Bocaiúva
24770341-2024,2024,Homicídio (outros),Homicídio doloso,Bangu - rj,Bangu
24770341-2024,2024,Homicídio (outros),Homicídio doloso,Bangu - rj,Bangu
51686641-2024,2024,Roubo Seguido de Morte (outros),Latrocínio (Roubo seguido de morte),Caju,Caju
91831411-2024,2024,Homicídio Provocado por Projétil de Arma de Fogo,Homicídio doloso,Bangu,Bangu
41298331-2024,2024,Homicídio Provocado por Veneno,Homicídio doloso,Inhauma,Inhaúma
41298331-2024,2024,Homicídio Provocado por Veneno,Homicídio doloso,Inhauma,Inhaúma
52455051-2024,2024,Homicídio (outros),Homicídio doloso,Penha,Penha
94516891-2024,2024,Homicídio Provocado por Projétil de Arma de Fogo,Homicídio doloso,Guaratiba,Guaratiba
85080441-2024,2024,Homicídio Provocado por Projétil de Arma de Fogo,Homicídio doloso,Costa barros,Costa Barros
71906511-2024,2024,Homicídio Provocado por Projétil de Arma de Fogo,Homicídio doloso,Bangu,Bangu
92304621-2024,2024,Homicídio Provocado por Projétil de Arma de Fogo,Homicídio doloso,Bras de pina,Brás de Pina
17506591-2024,2024,Homicídio (outros),Homicídio doloso,Bonsucesso,Bonsucesso
18809861-2024,2024,Lesão Corporal Seguida de Morte (outros),Lesão corporal seguida de morte,Barra da tijuca,Barra da Tijuca
50689501-2024,2024,Homicídio Provocado por Projétil de Arma de Fogo,Homicídio doloso,Recreio dos bandeirantes,Recreio dos Bandeirantes
36568931-2024,2024,Homicídio (outros),Homicídio doloso,Jardim guanabara,Jardim Guanabara
16274061-2024,2024,Morte por Intervenção de Agente do Estado,Morte por intervenção de agente do Estado,Jacarepagua,Jacarepaguá
05851311-2024,2024,Morte por Intervenção de Agente do Estado,Morte por intervenção de agente do Estado,Praca seca,Praça Seca
29469531-2024,2024,Homicídio Provocado por Projétil de Arma de Fogo,Homicídio doloso,Ricardo de albuquerque,Ricardo de Albuquerque
51057471-2024,2024,Morte por Intervenção de Agente do Estado,Morte por intervenção de agente do Estado,Anchieta,Anchieta
69939992-2024,2024,Morte por Intervenção de Agente do Estado,Morte por intervenção de agente do Estado,Centro,Centro
18364261-2024,2024,Morte por Intervenção de Agente do Estado,Morte por intervenção de agente do Estado,Vila da penha,Vila da Penha
18364261-2024,2024,Morte por Intervenção de Agente do Estado,Morte por intervenção de agente do Estado,Vila da penha,Vila da Penha
18364261-2024,2024,Morte por Intervenção de Agente do Estado,Morte por intervenção de agente do Estado,Vila da penha,Vila da Penha
18364261-2024,2024,Morte por Intervenção de Agente do Estado,Morte por intervenção de agente do Estado,Vila da penha,Vila da Penha
51283211-2024,2024,Morte por Intervenção de Agente do Estado,Morte por intervenção de agente do Estado,Mare,Maré
67976181-2024,2024,Homicídio Provocado por Projétil de Arma de Fogo,Homicídio doloso,Penha,Penha
67976181-2024,2024,Homicídio Provocado por Projétil de Arma de Fogo,Homicídio doloso,Penha,Penha
93963941-2024,2024,Morte por Intervenção de Agente do Estado,Morte por intervenção de agente do Estado,Cordovil,Cordovil
80318321-2024,2024,Roubo Seguido de Morte Provocado por Projétil de Arma de Fogo,Latrocínio (Roubo seguido de morte),Marechal hermes,Marechal Hermes
22602011-2024,2024,Homicídio Provocado por Projétil de Arma de Fogo,Homicídio doloso,Bonsucesso,Bonsucesso
75414261-2024,2024,Homicídio Provocado por Emprego de Arma Branca,Homicídio doloso,Vigario geral,Vigário Geral
94577211-2024,2024,Homicídio Provocado por Projétil de Arma de Fogo,Homicídio doloso,Jacarepagua,Jacarepaguá
13946391-2024,2024,Homicídio Provocado por Projétil de Arma de Fogo,Homicídio doloso,Costa barros,Costa Barros
94200371-2024,2024,Homicídio Provocado por Projétil de Arma de Fogo,Homicídio doloso,Vargem pequena,Vargem Pequena
23445251-2024,2024,Homicídio Provocado por Projétil de Arma de Fogo,Homicídio doloso,Comunidade do coroado,Santa Teresa
26967251-2024,2024,Homicídio Provocado por Projétil de Arma de Fogo,Homicídio doloso,Itanhanga,Itanhangá
30319091-2024,2024,Homicídio (outros),Homicídio doloso,Bonsucesso,Bonsucesso
40331791-2024,2024,Morte por Intervenção de Agente do Estado,Morte por intervenção de agente do Estado,Bonsucesso,Bonsucesso
42300271-2024,2024,Morte por Intervenção de Agente do Estado,Morte por intervenção de agente do Estado,Tanque,Tanque
69363331-2024,2024,Homicídio Provocado por Projétil de Arma de Fogo,Homicídio doloso,Realengo,Realengo
24054392-2024,2024,Homicídio (outros),Homicídio doloso,Santa cruz,Santa Cruz
38795351-2024,2024,Homicídio Provocado por Projétil de Arma de Fogo,Homicídio doloso,Vargem pequena,Vargem Pequena
40564871-2024,2024,Homicídio Provocado por Projétil de Arma de Fogo,Homicídio doloso,Taquara,Taquara
44904331-2024,2024,Morte por Intervenção de Agente do Estado,Morte por intervenção de agente do Estado,Boiuna,Taquara
44904331-2024,2024,Morte por Intervenção de Agente do Estado,Morte por intervenção de agente do Estado,Boiuna,Taquara
63267862-2024,2024,Homicídio Provocado por Projétil de Arma de Fogo,Homicídio doloso,Muzema,Itanhangá
65858091-2024,2024,Homicídio Provocado por Projétil de Arma de Fogo,Homicídio doloso,Realengo,Realengo
45460971-2024,2024,Homicídio Provocado por Projétil de Arma de Fogo,Homicídio doloso,Meier,Méier
46086111-2024,2024,Homicídio Provocado por Projétil de Arma de Fogo,Homicídio doloso,Itanhanga,Itanhangá
16819311-2024,2024,Homicídio Provocado por Projétil de Arma de Fogo,Homicídio doloso,Campo grande,Campo Grande
56583851-2024,2024,Homicídio (outros),Homicídio doloso,Jacare,Jacaré
18777261-2024,2024,Morte por Intervenção de Agente do Estado,Morte por intervenção de agente do Estado,Engenho novo,Engenho Novo
31550411-2024,2024,Homicídio Provocado por Projétil de Arma de Fogo,Homicídio doloso,Coelho neto,Coelho Neto
68230111-2024,2024,Homicídio Provocado por Projétil de Arma de Fogo,Homicídio doloso,Cavalcanti,Cavalcanti
37510161-2024,2024,Morte por Intervenção de Agente do Estado,Morte por intervenção de agente do Estado,Realengo,Realengo
46017911-2024,2024,Homicídio (outros),Homicídio doloso,Cavalcante,Cavalcanti
86559231-2024,2024,Homicídio (outros),Homicídio doloso,Senador camara,Senador Camará
52333031-2024,2024,Morte por Intervenção de Agente do Estado,Morte por intervenção de agente do Estado,Tanque,Tanque
52333031-2024,2024,Morte por Intervenção de Agente do Estado,Morte por intervenção de agente do Estado,Tanque,Tanque
52333031-2024,2024,Morte por Intervenção de Agente do Estado,Morte por intervenção de agente do Estado,Tanque,Tanque
64669271-2024,2024,Morte por Intervenção de Agente do Estado,Morte por intervenção de agente do Estado,Costa barros,Costa Barros
72526471-2024,2024,Morte por Intervenção de Agente do Estado,Morte por intervenção de agente do Estado,Centro,Centro
67775611-2024,2024,Morte por Intervenção de Agente do Estado,Morte por intervenção de agente do Estado,Padre miguel,Padre Miguel
73374931-2024,2024,Homicídio (outros),Homicídio doloso,Vila kosmos,Vila Kosmos
75011441-2024,2024,Morte por Intervenção de Agente do Estado,Morte por intervenção de agente do Estado,Praca seca,Praça Seca
06669811-2024,2024,Homicídio Provocado por Projétil de Arma de Fogo,Homicídio doloso,Senador camara,Senador Camará
20812861-2024,2024,Homicídio (outros),Homicídio doloso,Tomaz coelho,Tomás Coelho
23133901-2024,2024,Homicídio (outros),Homicídio doloso,Realengo,Realengo
93506561-2024,2024,Homicídio (outros),Homicídio doloso,Cordovil,Cordovil
40294791-2024,2024,Homicídio Provocado por Projétil de Arma de Fogo,Homicídio doloso,Freguesia,Freguesia (Jacarepaguá)
47162981-2024,2024,Homicídio Provocado por Projétil de Arma de Fogo,Homicídio doloso,Guandu do sena,Bangu
86623171-2024,2024,Homicídio Provocado por Projétil de Arma de Fogo,Homicídio doloso,Senador camara,Senador Camará
37923191-2024,2024,Homicídio (outros),Homicídio doloso,Centro,Centro
57132551-2024,2024,Homicídio Provocado por Projétil de Arma de Fogo,Homicídio doloso,Sepetiba,Sepetiba
64943191-2024,2024,Morte por Intervenção de Agente do Estado,Morte por intervenção de agente do Estado,Itanhanga,Itanhangá
25932521-2024,2024,Homicídio Provocado por Projétil de Arma de Fogo,Homicídio doloso,Realengo,Realengo
34269791-2024,2024,Homicídio Provocado por Projétil de Arma de Fogo,Homicídio doloso,Gloria,Glória
47812821-2024,2024,Homicídio Provocado por Projétil de Arma de Fogo,Homicídio doloso,Recreio dos bandeirantes,Recreio dos Bandeirantes
68118561-2024,2024,Homicídio Provocado por Projétil de Arma de Fogo,Homicídio doloso,Santissimo,Santíssimo
19294001-2024,2024,Homicídio Provocado por Projétil de Arma de Fogo,Homicídio doloso,Taquara,Taquara
15317191-2024,2024,Homicídio Provocado por Projétil de Arma de Fogo,Homicídio doloso,Anil,Anil
54493431-2024,2024,Homicídio Provocado por Projétil de Arma de Fogo,Homicídio doloso,Ramos,Ramos
55766071-2024,2024,Homicídio Provocado por Projétil de Arma de Fogo,Homicídio doloso,Vila isabel,Vila Isabel
07215831-2024,2024,Morte por Intervenção de Agente do Estado,Morte por intervenção de agente do Estado,Muzema itanhanga,Itanhangá
19534321-2024,2024,Homicídio Provocado por Projétil de Arma de Fogo,Homicídio doloso,Taquara,Taquara
19534321-2024,2024,Homicídio Provocado por Projétil de Arma de Fogo,Homicídio doloso,Taquara,Taquara
20823981-2024,2024,Lesão Corporal Seguida de Morte (outros),Lesão corporal seguida de morte,Madureira,Madureira
62450971-2024,2024,Homicídio Provocado por Projétil de Arma de Fogo,Homicídio doloso,Andarai,Andaraí
63749851-2024,2024,Roubo Seguido de Morte Provocado por Projétil de Arma de Fogo,Latrocínio (Roubo seguido de morte),Recreio dos bandeirantes,Recreio dos Bandeirantes
68962131-2024,2024,Lesão Corporal Seguida de Morte (outros),Lesão corporal seguida de morte,Sao cristovao,São Cristóvão
84584671-2024,2024,Morte por Intervenção de Agente do Estado,Morte por intervenção de agente do Estado,Pilares,Pilares
59004641-2024,2024,Morte por Intervenção de Agente do Estado,Morte por intervenção de agente do Estado,Parada de lucas,Parada de Lucas
92107881-2024,2024,Morte por Intervenção de Agente do Estado,Morte por intervenção de agente do Estado,Santo cristo,Santo Cristo
49398031-2024,2024,Homicídio Provocado por Projétil de Arma de Fogo,Homicídio doloso,Lins de vasconcelos,Lins de Vasconcelos
65122581-2024,2024,Homicídio Provocado por Projétil de Arma de Fogo,Homicídio doloso,Taquara,Taquara
67953451-2024,2024,Homicídio Provocado por Projétil de Arma de Fogo,Homicídio doloso,Todos os santos,Todos os Santos
60989301-2024,2024,Homicídio Provocado por Projétil de Arma de Fogo,Homicídio doloso,Jardim bangu,Bangu
63801701-2024,2024,Homicídio Provocado por Projétil de Arma de Fogo,Homicídio doloso,Santa tereza.,Santa Teresa
14479331-2024,2024,Homicídio (outros),Homicídio doloso,Vicente de carvalho,Vicente de Carvalho
14479331-2024,2024,Homicídio (outros),Homicídio doloso,Vicente de carvalho,Vicente de Carvalho
36788921-2024,2024,Homicídio Provocado por Projétil de Arma de Fogo,Homicídio doloso,Santissimo,Santíssimo
60041791-2024,2024,Morte por Intervenção de Agente do Estado,Morte por intervenção de agente do Estado,Lagoa,Lagoa
88184651-2024,2024,Homicídio Provocado por Projétil de Arma de Fogo,Homicídio doloso,Iraja,Irajá
99671291-2024,2024,Homicídio Provocado por Emprego de Arma Branca,Homicídio doloso,Cidade de deus,Cidade de Deus
39499021-2024,2024,Morte por Intervenção de Agente do Estado,Morte por intervenção de agente do Estado,Jacarepagua,Jacarepaguá
46355121-2024,2024,Homicídio Provocado por Projétil de Arma de Fogo,Homicídio doloso,Coelho neto,Coelho Neto
69717351-2024,2024,Homicídio Provocado por Projétil de Arma de Fogo,Homicídio doloso,Freguesia,Freguesia (Jacarepaguá)
63211521-2024,2024,Morte por Intervenção de Agente do Estado,Morte por intervenção de agente do Estado,Pavuna,Pavuna
79551631-2024,2024,Homicídio Provocado por Projétil de Arma de Fogo,Homicídio doloso,Jardim bangu,Bangu
08353231-2024,2024,Morte por Intervenção de Agente do Estado,Morte por intervenção de agente do Estado,Vila da penha,Vila da Penha
08353231-2024,2024,Morte por Intervenção de Agente do Estado,Morte por intervenção de agente do Estado,Vila da penha,Vila da Penha
08353231-2024,2024,Morte por Intervenção de Agente do Estado,Morte por intervenção de agente do Estado,Vila da penha,Vila da Penha
82090571-2024,2024,Homicídio Provocado por Projétil de Arma de Fogo,Homicídio doloso,Parada de lucas,Parada de Lucas
08915751-2024,2024,Homicídio Provocado por Projétil de Arma de Fogo,Homicídio doloso,Honorio gurgel,Honório Gurgel
40780321-2024,2024,Homicídio Provocado por Projétil de Arma de Fogo,Homicídio doloso,Recreio dos bandeirantes,Recreio dos Bandeirantes
53873531-2024,2024,Homicídio (outros),Homicídio doloso,Costa barros,Costa Barros
33548461-2024,2024,Homicídio Provocado por Projétil de Arma de Fogo,Homicídio doloso,Bonsucesso,Bonsucesso
30642421-2024,2024,Roubo Seguido de Morte Provocado por Projétil de Arma de Fogo,Latrocínio (Roubo seguido de morte),Barros filho,Barros Filho
65447372-2024,2024,Homicídio Provocado por Projétil de Arma de Fogo,Homicídio doloso,Pavuna,Pavuna
65861861-2024,2024,Homicídio Provocado por Projétil de Arma de Fogo,Homicídio doloso,Sants cruz,Santa Cruz
17467351-2024,2024,Homicídio Provocado por Projétil de Arma de Fogo,Homicídio doloso,Recreio dos bandeirantes,Recreio dos Bandeirantes
19534381-2024,2024,Roubo Seguido de Morte Provocado por Projétil de Arma de Fogo,Latrocínio (Roubo seguido de morte),Bangu,Bangu
44195641-2024,2024,Morte por Intervenção de Agente do Estado,Morte por intervenção de agente do Estado,Marechal hermes,Marechal Hermes
45057291-2024,2024,Homicídio Provocado por Paulada,Homicídio doloso,Rio cumprido,Rio Comprido
43753051-2024,2024,Homicídio Provocado por Projétil de Arma de Fogo,Homicídio doloso,Madureira,Madureira
58133021-2024,2024,Homicídio Provocado por Projétil de Arma de Fogo,Homicídio doloso,Realengo,Realengo
63240891-2024,2024,Homicídio Provocado por Projétil de Arma de Fogo,Homicídio doloso,Gardenia,Gardênia Azul
46845321-2024,2024,Homicídio (outros),Homicídio doloso,Rio das pedras,Itanhangá
46845321-2024,2024,Homicídio (outros),Homicídio doloso,Rio das pedras,Itanhangá
40043691-2024,2024,Morte por Intervenção de Agente do Estado,Morte por intervenção de agente do Estado,Bangu,Bangu
71012381-2024,2024,Homicídio Provocado por Projétil de Arma de Fogo,Homicídio doloso,Taquara,Taquara
89929542-2024,2024,Homicídio Provocado por Projétil de Arma de Fogo,Homicídio doloso,Bangu,Bangu
99141591-2024,2024,Homicídio (outros),Homicídio doloso,- vila kennedy,Bangu
24109321-2024,2024,Morte por Intervenção de Agente do Estado,Morte por intervenção de agente do Estado,Tijuca,Tijuca
33157921-2024,2024,Homicídio Provocado por Projétil de Arma de Fogo,Homicídio doloso,Jacarepagua,Jacarepaguá
73241291-2024,2024,Homicídio (outros),Homicídio doloso,Jardim maravilha /guaratiba,Guaratiba
98721941-2024,2024,Homicídio Provocado por Projétil de Arma de Fogo,Homicídio doloso,Colegio,Colégio
98947631-2024,2024,Homicídio Provocado por Projétil de Arma de Fogo,Homicídio doloso,Vargem pequena,Vargem Pequena
71906091-2024,2024,Homicídio Provocado por Projétil de Arma de Fogo,Homicídio doloso,Barra de guaratiba,Barra de Guaratiba
50531511-2024,2024,Homicídio (outros),Homicídio doloso,Bangu,Bangu
52091631-2024,2024,Homicídio Provocado por Projétil de Arma de Fogo,Homicídio doloso,Guaratiba,Guaratiba
56101221-2024,2024,Homicídio Provocado por Paulada,Homicídio doloso,Realengo,Realengo
93754231-2024,2024,Morte por Intervenção de Agente do Estado,Morte por intervenção de agente do Estado,Taquara,Taquara
93754231-2024,2024,Morte por Intervenção de Agente do Estado,Morte por intervenção de agente do Estado,Taquara,Taquara
16752871-2024,2024,Morte por Intervenção de Agente do Estado,Morte por intervenção de agente do Estado,Costa barros,Costa Barros
06301881-2024,2024,Homicídio Provocado por Projétil de Arma de Fogo,Homicídio doloso,Jacarepagua,Jacarepaguá
19349751-2024,2024,Homicídio Provocado por Projétil de Arma de Fogo,Homicídio doloso,Guadalupe,Guadalupe
19349751-2024,2024,Homicídio Provocado por Projétil de Arma de Fogo,Homicídio doloso,Guadalupe,Guadalupe
34373991-2024,2024,Homicídio Provocado por Projétil de Arma de Fogo,Homicídio doloso,Realengo,Realengo
88353971-2024,2024,Homicídio (outros),Homicídio doloso,Meier,Méier
16417661-2024,2024,Lesão Corporal Seguida de Morte (outros),Lesão corporal seguida de morte,Costa barros,Costa Barros
20704891-2024,2024,Homicídio Provocado por Projétil de Arma de Fogo,Homicídio doloso,Itanhanga,Itanhangá
80967661-2024,2024,Homicídio Provocado por Emprego de Arma Branca,Homicídio doloso,Vila isabel,Vila Isabel
20518971-2024,2024,Homicídio Provocado por Projétil de Arma de Fogo,Homicídio doloso,Rio das pedras,Itanhangá
20518971-2024,2024,Homicídio Provocado por Projétil de Arma de Fogo,Homicídio doloso,Rio das pedras,Itanhangá
31674141-2024,2024,Morte por Intervenção de Agente do Estado,Morte por intervenção de agente do Estado,Colegio,Colégio
56432211-2024,2024,Morte por Intervenção de Agente do Estado,Morte por intervenção de agente do Estado,Pavuna,Pavuna
71940061-2024,2024,Homicídio Provocado por Projétil de Arma de Fogo,Homicídio doloso,Penha circular,Penha Circular
23015421-2024,2024,Homicídio Provocado por Projétil de Arma de Fogo,Homicídio doloso,Realengo,Realengo
58100031-2024,2024,Morte por Intervenção de Agente do Estado,Morte por intervenção de agente do Estado,Bangu,Bangu
58735081-2024,2024,Homicídio Provocado por Projétil de Arma de Fogo,Homicídio doloso,Penha,Penha
59460891-2024,2024,Homicídio (outros),Homicídio doloso,Vargem grande,Vargem Grande
38115101-2024,2024,Homicídio Provocado por Projétil de Arma de Fogo,Homicídio doloso,Rio das pedras,Itanhangá
85211601-2024,2024,Homicídio Provocado por Projétil de Arma de Fogo,Homicídio doloso,Meier,Méier
15994571-2024,2024,Homicídio Provocado por Projétil de Arma de Fogo,Homicídio doloso,Itanhanga,Itanhangá
44107161-2024,2024,Homicídio Provocado por Projétil de Arma de Fogo,Homicídio doloso,Campo grande,Campo Grande
58664981-2024,2024,Roubo Seguido de Morte (outros),Latrocínio (Roubo seguido de morte),Recreio,Recreio dos Bandeirantes
13443561-2024,2024,Homicídio Provocado por Projétil de Arma de Fogo,Homicídio doloso,Jardim bangu,Bangu
13443561-2024,2024,Homicídio Provocado por Projétil de Arma de Fogo,Homicídio doloso,Jardim bangu,Bangu
24520211-2024,2024,Homicídio Provocado por Projétil de Arma de Fogo,Homicídio doloso,Taquara,Taquara
53185691-2024,2024,Homicídio Provocado por Projétil de Arma de Fogo,Homicídio doloso,Anil,Anil
27333981-2024,2024,Morte por Intervenção de Agente do Estado,Morte por intervenção de agente do Estado,Vila da penha,Vila da Penha
51130281-2024,2024,Homicídio Provocado por Projétil de Arma de Fogo,Homicídio doloso,Santa cruz,Santa Cruz
53077731-2024,2024,Homicídio Provocado por Projétil de Arma de Fogo,Homicídio doloso,Cavalcanti,Cavalcanti
03963941-2024,2024,Homicídio Provocado por Projétil de Arma de Fogo,Homicídio doloso,Realengo,Realengo
09034121-2024,2024,Homicídio Provocado por Projétil de Arma de Fogo,Homicídio doloso,Bras de pina,Brás de Pina
15017751-2024,2024,Homicídio Provocado por Projétil de Arma de Fogo,Homicídio doloso,Campo grande,Campo Grande
20781721-2024,2024,Homicídio Provocado por Projétil de Arma de Fogo,Homicídio doloso,Vila isabel,Vila Isabel
43417941-2024,2024,Homicídio Provocado por Emprego de Arma Branca,Homicídio doloso,Sepetiba,Sepetiba
63364831-2024,2024,Morte por Intervenção de Agente do Estado,Morte por intervenção de agente do Estado,Cordovil,Cordovil
87874461-2024,2024,Homicídio Provocado por Projétil de Arma de Fogo,Homicídio doloso,Penha,Penha
22436231-2024,2024,Homicídio Provocado por Projétil de Arma de Fogo,Homicídio doloso,Anil,Anil
10875561-2024,2024,Homicídio Provocado por Projétil de Arma de Fogo,Homicídio doloso,Meier,Méier
61714382-2024,2024,Lesão Corporal Seguida de Morte (outros),Lesão corporal seguida de morte,Pilares,Pilares
63941521-2024,2024,Homicídio (outros),Homicídio doloso,Grumari,Grumari
31874871-2024,2024,Homicídio Provocado por Projétil de Arma de Fogo,Homicídio doloso,Iraja,Irajá
37533051-2024,2024,Homicídio Provocado por Emprego de Arma Branca,Homicídio doloso,Magalhaes bastos,Magalhães Bastos
97746491-2024,2024,Homicídio Provocado por Projétil de Arma de Fogo,Homicídio doloso,Piedade,Piedade
97746491-2024,2024,Homicídio Provocado por Projétil de Arma de Fogo,Homicídio doloso,Piedade,Piedade
12001731-2024,2024,Homicídio Provocado por Projétil de Arma de Fogo,Homicídio doloso,Jacarepagua,Jacarepaguá
31607331-2024,2024,Homicídio Provocado por Projétil de Arma de Fogo,Homicídio doloso,Vicente de carvalho,Vicente de Carvalho
90813781-2024,2024,Lesão Corporal Seguida de Morte (outros),Lesão corporal seguida de morte,Urca,Urca
94936151-2024,2024,Homicídio Provocado por Projétil de Arma de Fogo,Homicídio doloso,Madureira,Madureira
58379901-2024,2024,Roubo Seguido de Morte Provocado por Projétil de Arma de Fogo,Latrocínio (Roubo seguido de morte),Vargem grande,Vargem Grande
81295371-2024,2024,Homicídio Provocado por Projétil de Arma de Fogo,Homicídio doloso,Barra da tijuca,Barra da Tijuca
99260641-2024,2024,Roubo Seguido de Morte Provocado por Projétil de Arma de Fogo,Latrocínio (Roubo seguido de morte),Penha,Penha
08204291-2024,2024,Homicídio Provocado por Projétil de Arma de Fogo,Homicídio doloso,Vila joao,Maré
10180301-2024,2024,Morte por Intervenção de Agente do Estado,Morte por intervenção de agente do Estado,Ramos,Ramos
67240721-2024,2024,Homicídio Provocado por Projétil de Arma de Fogo,Homicídio doloso,Mare,Maré
76056131-2024,2024,Morte por Intervenção de Agente do Estado,Morte por intervenção de agente do Estado,Bonsucesso,Bonsucesso
82330231-2024,2024,Homicídio Provocado por Projétil de Arma de Fogo,Homicídio doloso,Grajau,Grajaú
89364841-2024,2024,Homicídio Provocado por Emprego de Arma Branca,Homicídio doloso,Freguesia da ilha do governado,Freguesia (Ilha do Governador)
06565091-2024,2024,Homicídio Provocado por Projétil de Arma de Fogo,Homicídio doloso,Lins de vasconcelos,Lins de Vasconcelos
91258971-2024,2024,Homicídio (outros),Homicídio doloso,Barra da tijuca,Barra da Tijuca
12565461-2024,2024,Homicídio Provocado por Projétil de Arma de Fogo,Homicídio doloso,Vicente de carvalho,Vicente de Carvalho
26556531-2024,2024,Homicídio Provocado por Emprego de Arma Branca,Homicídio doloso,Pavuna,Pavuna
75522021-2024,2024,Morte por Intervenção de Agente do Estado,Morte por intervenção de agente do Estado,Barros filho,Barros Filho
92418791-2024,2024,Homicídio (outros),Homicídio doloso,Rio das pedras,Itanhangá
93500761-2024,2024,Homicídio (outros),Homicídio doloso,Copacabana,Copacabana
26892531-2024,2024,Homicídio Provocado por Projétil de Arma de Fogo,Homicídio doloso,Bangu,Bangu
88311441-2024,2024,Roubo Seguido de Morte Provocado por Projétil de Arma de Fogo,Latrocínio (Roubo seguido de morte),Meier,Méier
12112091-2024,2024,Homicídio Provocado por Emprego de Arma Branca,Homicídio doloso,Vaz lobo,Vaz Lobo
47244681-2024,2024,Homicídio Provocado por Projétil de Arma de Fogo,Homicídio doloso,Centro,Centro
59606071-2024,2024,Homicídio Provocado por Projétil de Arma de Fogo,Homicídio doloso,Penha,Penha
39207241-2024,2024,Homicídio Provocado por Projétil de Arma de Fogo,Homicídio doloso,Campo grande,Campo Grande
52772771-2024,2024,Homicídio Provocado por Projétil de Arma de Fogo,Homicídio doloso,"Barra da tijuca,",Barra da Tijuca
52772771-2024,2024,Homicídio Provocado por Projétil de Arma de Fogo,Homicídio doloso,"Barra da tijuca,",Barra da Tijuca
95567641-2024,2024,Homicídio (outros),Homicídio doloso,Colegio,Colégio
54156081-2024,2024,Homicídio Provocado por Projétil de Arma de Fogo,Homicídio doloso,Colegio,Colégio
57027601-2024,2024,Homicídio Provocado por Projétil de Arma de Fogo,Homicídio doloso,Coelho neto,Coelho Neto
05616161-2024,2024,Morte por Intervenção de Agente do Estado,Morte por intervenção de agente do Estado,Cavalcanti,Cavalcanti
05616161-2024,2024,Morte por Intervenção de Agente do Estado,Morte por intervenção de agente do Estado,Cavalcanti,Cavalcanti
14551041-2024,2024,Homicídio Provocado por Projétil de Arma de Fogo,Homicídio doloso,Campo grande,Campo Grande
47906191-2024,2024,Homicídio Provocado por Projétil de Arma de Fogo,Homicídio doloso,Campo grande,Campo Grande
02383951-2024,2024,Homicídio Provocado por Projétil de Arma de Fogo,Homicídio doloso,Barra da tijuca,Barra da Tijuca
39423331-2024,2024,Morte por Intervenção de Agente do Estado,Morte por intervenção de agente do Estado,Rocinha,Rocinha
74231811-2024,2024,Homicídio Provocado por Paulada,Homicídio doloso,Bonsucesso,Bonsucesso
97356091-2024,2024,Lesão Corporal Seguida de Morte (outros),Lesão corporal seguida de morte,Vila valqueire,Vila Valqueire
86262771-2024,2024,Homicídio (outros),Homicídio doloso,Tanque,Tanque
43924791-2024,2024,Homicídio (outros),Homicídio doloso,Mangueira,Mangueira
43924791-2024,2024,Homicídio (outros),Homicídio doloso,Mangueira,Mangueira
51856561-2024,2024,Homicídio Provocado por Projétil de Arma de Fogo,Homicídio doloso,Sta cruz,Santa Cruz
58479731-2024,2024,Homicídio Provocado por Projétil de Arma de Fogo,Homicídio doloso,Bangu,Bangu
60558101-2024,2024,Lesão Corporal Seguida de Morte (outros),Lesão corporal seguida de morte,Realengo,Realengo
61040571-2024,2024,Homicídio Provocado por Projétil de Arma de Fogo,Homicídio doloso,Costa barros,Costa Barros
89265611-2024,2024,Roubo Seguido de Morte Provocado por Projétil de Arma de Fogo,Latrocínio (Roubo seguido de morte),Santa cruz,Santa Cruz
89265611-2024,2024,Roubo Seguido de Morte Provocado por Projétil de Arma de Fogo,Latrocínio (Roubo seguido de morte),Santa cruz,Santa Cruz
12523991-2024,2024,Homicídio Provocado por Projétil de Arma de Fogo,Homicídio doloso,"Anil, jacarepagua",Anil
80375981-2024,2024,Homicídio Provocado por Projétil de Arma de Fogo,Homicídio doloso,Anil,Anil
93118811-2024,2024,Homicídio (outros),Homicídio doloso,Bonsucesso,Bonsucesso
94015601-2024,2024,Homicídio Provocado por Projétil de Arma de Fogo,Homicídio doloso,Guaratiba,Guaratiba
36915791-2024,2024,Homicídio Provocado por Projétil de Arma de Fogo,Homicídio doloso,Penha circular,Penha Circular
36915791-2024,2024,Homicídio Provocado por Projétil de Arma de Fogo,Homicídio doloso,Penha circular,Penha Circular
40062171-2024,2024,Homicídio Provocado por Projétil de Arma de Fogo,Homicídio doloso,Vila isabel,Vila Isabel
44217671-2024,2024,Lesão Corporal Seguida de Morte (outros),Lesão corporal seguida de morte,Penha circular,Penha Circular
69749011-2024,2024,Homicídio Provocado por Projétil de Arma de Fogo,Homicídio doloso,"Tanque, jacarepagua",Tanque
01323091-2024,2024,Homicídio Provocado por Projétil de Arma de Fogo,Homicídio doloso,Recreio dos bandeirantes,Recreio dos Bandeirantes
38527831-2024,2024,Homicídio (outros),Homicídio doloso,Taquara,Taquara
40755361-2024,2024,Homicídio Provocado por Projétil de Arma de Fogo,Homicídio doloso,Coelho neto,Coelho Neto
41474391-2024,2024,Morte por Intervenção de Agente do Estado,Morte por intervenção de agente do Estado,Realengo,Realengo
66828851-2024,2024,Homicídio Provocado por Emprego de Arma Branca,Homicídio doloso,Nova sepetiba,Sepetiba
70225021-2024,2024,"Lesão Corporal Seguida de Morte Provocada por Socos, Tapas ou Pontapés",Lesão corporal seguida de morte,Realengo,Realengo
71447151-2024,2024,Morte por Intervenção de Agente do Estado,Morte por intervenção de agente do Estado,Bangu,Bangu
84260741-2024,2024,Homicídio Provocado por Projétil de Arma de Fogo,Homicídio doloso,Senador camara,Senador Camará
53141511-2024,2024,Morte por Intervenção de Agente do Estado,Morte por intervenção de agente do Estado,Bangu,Bangu
27714301-2024,2024,Morte por Intervenção de Agente do Estado,Morte por intervenção de agente do Estado,Jacarepagua,Jacarepaguá
29543081-2024,2024,Homicídio Provocado por Projétil de Arma de Fogo,Homicídio doloso,Bangu,Bangu
44530011-2024,2024,Homicídio Provocado por Emprego de Arma Branca,Homicídio doloso,Sao cristovao,São Cristóvão
65453041-2024,2024,Homicídio Provocado por Projétil de Arma de Fogo,Homicídio doloso,Realengo,Realengo
01092191-2024,2024,Homicídio (outros),Homicídio doloso,Recreio,Recreio dos Bandeirantes
14547611-2024,2024,Morte por Intervenção de Agente do Estado,Morte por intervenção de agente do Estado,Caju,Caju
24563201-2024,2024,Morte por Intervenção de Agente do Estado,Morte por intervenção de agente do Estado,Caju,Caju
82196401-2024,2024,Homicídio (outros),Homicídio doloso,Praca da bandeira,Praça da Bandeira
51375992-2024,2024,Homicídio Provocado por Projétil de Arma de Fogo,Homicídio doloso,Meier,Méier
87979691-2024,2024,Homicídio (outros),Homicídio doloso,Meier,Méier
87979691-2024,2024,Homicídio (outros),Homicídio doloso,Meier,Méier
03885301-2024,2024,Homicídio Provocado por Projétil de Arma de Fogo,Homicídio doloso,Padre miguel,Padre Miguel
10229461-2024,2024,Homicídio Provocado por Projétil de Arma de Fogo,Homicídio doloso,Vargem pequena,Vargem Pequena
33656981-2024,2024,Homicídio Provocado por Projétil de Arma de Fogo,Homicídio doloso,Magalhaes bastos,Magalhães Bastos
42184561-2024,2024,Homicídio Provocado por Projétil de Arma de Fogo,Homicídio doloso,Colegio,Colégio
09620311-2024,2024,Homicídio Provocado por Projétil de Arma de Fogo,Homicídio doloso,Vargem grande,Vargem Grande
13624441-2024,2024,Roubo Seguido de Morte (outros),Latrocínio (Roubo seguido de morte),Madureira,Madureira
35274491-2024,2024,Morte por Intervenção de Agente do Estado,Morte por intervenção de agente do Estado,Taquara,Taquara
72119271-2024,2024,Homicídio (outros),Homicídio doloso,Sampaio,Sampaio
99468611-2024,2024,Homicídio Provocado por Projétil de Arma de Fogo,Homicídio doloso,Engenho novo,Engenho Novo
00205891-2024,2024,Homicídio Provocado por Emprego de Arma Branca,Homicídio doloso,Sepetiba,Sepetiba
17624431-2024,2024,Homicídio Provocado por Projétil de Arma de Fogo,Homicídio doloso,Tanque,Tanque
75211161-2024,2024,Homicídio (outros),Homicídio doloso,Centro,Centro
05741831-2024,2024,Homicídio Provocado por Projétil de Arma de Fogo,Homicídio doloso,Vicente de carvalho.,Vicente de Carvalho
17138421-2024,2024,Homicídio Provocado por Projétil de Arma de Fogo,Homicídio doloso,Meier,Méier
22528651-2024,2024,Homicídio Provocado por Projétil de Arma de Fogo,Homicídio doloso,Recreio,Recreio dos Bandeirantes
45119851-2024,2024,Homicídio Provocado por Projétil de Arma de Fogo,Homicídio doloso,Engenho novo,Engenho Novo
49375321-2024,2024,Homicídio Provocado por Projétil de Arma de Fogo,Homicídio doloso,Centro,Centro
25498362-2019,2019,Feminicídio,Homicídio doloso,Pilares,Pilares
92092341-2019,2019,Feminicídio,Homicídio doloso,Cordovil,Cordovil
18931491-2019,2019,Feminicídio,Homicídio doloso,Jacarezinho,Jacarezinho
75497741-2019,2019,Feminicídio,Homicídio doloso,Tanque,Tanque
94755601-2019,2019,Feminicídio,Homicídio doloso,Bangu,Bangu
81779361-2019,2019,Feminicídio,Homicídio doloso,Padre miguel,Padre Miguel
12820862-2019,2019,Feminicídio,Homicídio doloso,Bangu,Bangu
16105711-2019,2019,Feminicídio,Homicídio doloso,Pilares,Pilares
44061391-2019,2019,Feminicídio,Homicídio doloso,Jacarepagua - rio das pedras,Jacarepaguá
12111381-2019,2019,Feminicídio,Homicídio doloso,Gardenia,Gardênia Azul
08367311-2019,2019,Feminicídio,Homicídio doloso,Anil,Anil
82762161-2019,2019,Feminicídio,Homicídio doloso,Itanhanga,Itanhangá
99615331-2019,2019,Feminicídio,Homicídio doloso,Sepetiba,Sepetiba
72467881-2019,2019,Feminicídio,Homicídio doloso,Marechal hermes,Marechal Hermes
64747031-2019,2019,Feminicídio,Homicídio doloso,Gamboa,Gamboa
66221211-2019,2019,Feminicídio,Homicídio doloso,Santa teresa,Santa Teresa
08032101-2019,2019,Feminicídio,Homicídio doloso,Vila isabel,Vila Isabel
16807791-2019,2019,Feminicídio,Homicídio doloso,Realengo,Realengo
69382521-2019,2019,Feminicídio,Homicídio doloso,Vista alegre,Vista Alegre
03831441-2019,2019,Feminicídio,Homicídio doloso,Batanzinho - realengo,Realengo
62419701-2020,2020,Feminicídio (Provocado por Projétil de Arma de Fogo),Homicídio doloso,Rocinha,Rocinha
88627471-2020,2020,Feminicídio (Provocado por Emprego de Arma Branca),Homicídio doloso,Gamboa,Gamboa
45436291-2020,2020,Feminicídio (Provocado por Asfixia),Homicídio doloso,Sao cristovao,São Cristóvão
69610451-2020,2020,Feminicídio (Provocado por Emprego de Arma Branca),Homicídio doloso,Sao cristovao,São Cristóvão
26450181-2020,2020,Feminicídio (Provocado por Emprego de Arma Branca),Homicídio doloso,Padre miguel,Padre Miguel
09689691-2020,2020,Feminicídio,Homicídio doloso,Barra da tijuca,Barra da Tijuca
45405911-2020,2020,Feminicídio,Homicídio doloso,Madureira,Madureira
41990231-2020,2020,Feminicídio,Homicídio doloso,Santa cruz,Santa Cruz
64162151-2020,2020,Feminicídio (Provocado por Emprego de Arma Branca),Homicídio doloso,Olaria,Olaria
81843571-2020,2020,Feminicídio (Provocado por Projétil de Arma de Fogo),Homicídio doloso,Campo grande,Campo Grande
97194871-2020,2020,Feminicídio (Provocado por Emprego de Arma Branca),Homicídio doloso,Campo grande,Campo Grande
38532071-2020,2020,Feminicídio (Provocado por Emprego de Arma Branca),Homicídio doloso,Santa cruz,Santa Cruz
02643461-2020,2020,Feminicídio (Provocado por Asfixia),Homicídio doloso,Campo grande,Campo Grande
79645741-2020,2020,Feminicídio,Homicídio doloso,Gardenia azul,Gardênia Azul
14192731-2020,2020,Feminicídio (Provocado por Emprego de Arma Branca),Homicídio doloso,Barra da tijuca,Barra da Tijuca
74295671-2021,2021,Feminicídio (Provocado por Projétil de Arma de Fogo),Homicídio doloso,Penha,Penha
22932941-2021,2021,Feminicídio (Provocado por Projétil de Arma de Fogo),Homicídio doloso,Cidade de deus,Cidade de Deus
04987401-2021,2021,Feminicídio (Provocado por Asfixia),Homicídio doloso,Rio das pedras,Itanhangá
63483512-2021,2021,Feminicídio,Homicídio doloso,Realengo,Realengo
41119311-2021,2021,Feminicídio (Provocado por Emprego de Arma Branca),Homicídio doloso,Realengo,Realengo
10654711-2021,2021,Feminicídio,Homicídio doloso,Centro,Centro
81124461-2021,2021,Feminicídio (Provocado por Emprego de Arma Branca),Homicídio doloso,Santa cruz,Santa Cruz
40911131-2021,2021,Feminicídio,Homicídio doloso,Anil,Anil
39727741-2021,2021,Feminicídio,Homicídio doloso,Vila do joao - complexo da mar,Maré
00638341-2021,2021,Feminicídio (Provocado por Paulada),Homicídio doloso,Cavalcante,Cavalcanti
39628791-2021,2021,Feminicídio,Homicídio doloso,Bangu,Bangu
72269361-2021,2021,Feminicídio,Homicídio doloso,Campo grande,Campo Grande
13893491-2021,2021,Feminicídio,Homicídio doloso,Campo grande,Campo Grande
57618461-2021,2021,Feminicídio (Provocado por Projétil de Arma de Fogo),Homicídio doloso,Cosmos,Cosmos
74563361-2021,2021,Feminicídio,Homicídio doloso,Campo grande,Campo Grande
41184191-2021,2021,Feminicídio (Provocado por Projétil de Arma de Fogo),Homicídio doloso,Bonsucesso,Bonsucesso
23759601-2021,2021,Feminicídio (Provocado por Emprego de Arma Branca),Homicídio doloso,Guaratiba,Guaratiba
80685381-2021,2021,Feminicídio,Homicídio doloso,Realengo,Realengo
77738471-2021,2021,Feminicídio,Homicídio doloso,Barros filho,Barros Filho
30157681-2021,2021,Feminicídio (Provocado por Asfixia),Homicídio doloso,Cosmos,Cosmos
29861001-2022,2022,Feminicídio,Homicídio doloso,Lins de vasconcelos,Lins de Vasconcelos
96919961-2022,2022,Feminicídio,Homicídio doloso,Vargem grande,Vargem Grande
35293051-2022,2022,Feminicídio,Homicídio doloso,Guadalupe,Guadalupe
45080241-2022,2022,Feminicídio,Homicídio doloso,Realengo,Realengo
78729631-2022,2022,Feminicídio,Homicídio doloso,Senador camara,Senador Camará
18462551-2022,2022,Feminicídio (Provocado por Asfixia),Homicídio doloso,Penha circular,Penha Circular
42219001-2022,2022,Feminicídio,Homicídio doloso,Praca seca,Praça Seca
75830161-2022,2022,Feminicídio,Homicídio doloso,Inhauma,Inhaúma
98305941-2022,2022,Feminicídio,Homicídio doloso,Penha circular,Penha Circular
62100871-2022,2022,Feminicídio,Homicídio doloso,Santa cruz,Santa Cruz
14470911-2022,2022,Feminicídio,Homicídio doloso,Bento ribeiro,Bento Ribeiro
51457291-2022,2022,Feminicídio (Provocado por Emprego de Arma Branca),Homicídio doloso,Bangu,Bangu
79269961-2022,2022,Feminicídio (Provocado por Asfixia),Homicídio doloso,Inhoaiba,Inhoaíba
10699731-2022,2022,Feminicídio (Provocado por Asfixia),Homicídio doloso,Rio das pedras,Itanhangá
94910731-2022,2022,Feminicídio,Homicídio doloso,Vargem grande,Vargem Grande
99248081-2022,2022,Feminicídio (Provocado por Projétil de Arma de Fogo),Homicídio doloso,Centro,Centro
03388221-2022,2022,Feminicídio,Homicídio doloso,Campo grande,Campo Grande
91129851-2022,2022,Feminicídio (Provocado por Emprego de Arma Branca),Homicídio doloso,Bras de pina,Brás de Pina
21610271-2022,2022,Feminicídio (Provocado por Emprego de Arma Branca),Homicídio doloso,Rio comprido,Rio Comprido
25667231-2022,2022,Feminicídio (Provocado por Projétil de Arma de Fogo),Homicídio doloso,Bangu,Bangu
84700021-2022,2022,Feminicídio (Provocado por Projétil de Arma de Fogo),Homicídio doloso,Bangu,Bangu
59116491-2022,2022,Feminicídio (Provocado por Projétil de Arma de Fogo),Homicídio doloso,Taquara,Taquara
57701991-2022,2022,Feminicídio (Provocado por Projétil de Arma de Fogo),Homicídio doloso,Engenho de dentro,Engenho de Dentro
49877511-2022,2022,Feminicídio,Homicídio doloso,Grajau,Grajaú
73070221-2022,2022,Feminicídio,Homicídio doloso,Bonsucesso,Bonsucesso
28537482-2022,2022,Feminicídio,Homicídio doloso,Piedade,Piedade
98714471-2022,2022,Feminicídio (Provocado por Emprego de Arma Branca),Homicídio doloso,Bangu,Bangu
01767531-2022,2022,Feminicídio (Provocado por Asfixia),Homicídio doloso,Campo grande,Campo Grande
41719951-2022,2022,Feminicídio,Homicídio doloso,Madureira,Madureira
80825751-2022,2022,Feminicídio,Homicídio doloso,Copacabana,Copacabana
12192371-2022,2022,Feminicídio (Provocado por Emprego de Arma Branca),Homicídio doloso,Rocinha,Rocinha
45650851-2023,2023,Feminicídio (Provocado por Emprego de Arma Branca),Homicídio doloso,Laranjeiras,Laranjeiras
92166091-2023,2023,Feminicídio,Homicídio doloso,Gavea,Gávea
15128851-2023,2023,Feminicídio,Homicídio doloso,Rocinha,Rocinha
65265961-2023,2023,Feminicídio,Homicídio doloso,Realengo,Realengo
88263231-2023,2023,Feminicídio (Provocado por Emprego de Arma Branca),Homicídio doloso,Anil,Anil
34807901-2023,2023,Feminicídio,Homicídio doloso,Guaratiba,Guaratiba
77309791-2023,2023,Feminicídio (Provocado por Projétil de Arma de Fogo),Homicídio doloso,Recreio dos bandeirantes,Recreio dos Bandeirantes
66822771-2023,2023,Feminicídio,Homicídio doloso,Penha circular,Penha Circular
20869611-2023,2023,Feminicídio (Provocado por Asfixia),Homicídio doloso,Jacarepagua,Jacarepaguá
30964751-2023,2023,Feminicídio (Provocado por Asfixia),Homicídio doloso,Guadalupe,Guadalupe
59735951-2023,2023,Feminicídio,Homicídio doloso,Senador camara,Senador Camará
61243981-2023,2023,Feminicídio (Provocado por Projétil de Arma de Fogo),Homicídio doloso,Centro,Centro
96413551-2023,2023,Feminicídio (Provocado por Projétil de Arma de Fogo),Homicídio doloso,Sepetiba,Sepetiba
64657902-2023,2023,Feminicídio (Provocado por Emprego de Arma Branca),Homicídio doloso,Bonsucesso,Bonsucesso
12812941-2023,2023,Feminicídio,Homicídio doloso,Santa cruz,Santa Cruz
33105101-2023,2023,Feminicídio,Homicídio doloso,Bangu,Bangu
78665561-2023,2023,Feminicídio (Provocado por Projétil de Arma de Fogo),Homicídio doloso,Bangu,Bangu
78836511-2023,2023,Feminicídio,Homicídio doloso,Iraja,Irajá
17194241-2023,2023,Feminicídio,Homicídio doloso,Realengo,Realengo
91185971-2023,2023,Feminicídio,Homicídio doloso,Santa cruz,Santa Cruz
19098252-2023,2023,Feminicídio (Provocado por Asfixia),Homicídio doloso,Urucania,Santa Cruz
15915111-2023,2023,Feminicídio (Provocado por Paulada),Homicídio doloso,Bonsucesso,Bonsucesso
14903461-2023,2023,Feminicídio (Provocado por Projétil de Arma de Fogo),Homicídio doloso,Comunidade salsa e merengue,Maré
98109191-2023,2023,Feminicídio,Homicídio doloso,Bento ribeiro,Bento Ribeiro
95014271-2023,2023,Feminicídio (Provocado por Paulada),Homicídio doloso,Bangu,Bangu
41053411-2023,2023,Feminicídio,Homicídio doloso,Vargem pequena,Vargem Pequena
86143941-2023,2023,Feminicídio,Homicídio doloso,Campo grande,Campo Grande
47074501-2023,2023,Feminicídio,Homicídio doloso,Bangu,Bangu
10898891-2023,2023,Feminicídio,Homicídio doloso,Santa cruz,Santa Cruz
95222641-2023,2023,Feminicídio,Homicídio doloso,Inhauma,Inhaúma
81289121-2023,2023,Feminicídio,Homicídio doloso,Iraja,Irajá
50338791-2023,2023,Feminicídio,Homicídio doloso,Senador camara,Senador Camará
50338791-2023,2023,Feminicídio,Homicídio doloso,Senador camara,Senador Camará
50338791-2023,2023,Feminicídio,Homicídio doloso,Senador camara,Senador Camará
93284421-2023,2023,Feminicídio (Provocado por Emprego de Arma Branca),Homicídio doloso,Bonsucesso,Bonsucesso
43968601-2023,2023,Feminicídio (Provocado por Asfixia),Homicídio doloso,Taquara,Taquara
99816231-2023,2023,Feminicídio,Homicídio doloso,Mare,Maré
01864991-2023,2023,Feminicídio (Provocado por Emprego de Arma Branca),Homicídio doloso,Pavuna,Pavuna
02178941-2023,2023,Feminicídio (Provocado por Asfixia),Homicídio doloso,Bonsucesso,Bonsucesso
65522061-2024,2024,Feminicídio,Homicídio doloso,Bangu,Bangu
15628981-2024,2024,Feminicídio (Provocado por Emprego de Arma Branca),Homicídio doloso,Campo grande,Campo Grande
82627691-2024,2024,Feminicídio,Homicídio doloso,Sta cruz,Santa Cruz
44296101-2024,2024,Feminicídio (Provocado por Emprego de Arma Branca),Homicídio doloso,Alto da boa vista,Alto da Boa Vista
76977811-2024,2024,Feminicídio,Homicídio doloso,Santa cruz,Santa Cruz
25550451-2024,2024,Feminicídio,Homicídio doloso,Campo grande,Campo Grande
01710331-2024,2024,Feminicídio,Homicídio doloso,Meier,Méier
47976391-2024,2024,Feminicídio,Homicídio doloso,Areal - rio das pedras,Itanhangá
47513821-2024,2024,Feminicídio,Homicídio doloso,Realengo,Realengo
68160881-2024,2024,Feminicídio,Homicídio doloso,Jacare,Jacaré
63300861-2024,2024,Feminicídio (Provocado por Queimaduras),Homicídio doloso,Senador vasconcelos,Senador Vasconcelos
85593011-2024,2024,Feminicídio (Provocado por Emprego de Arma Branca),Homicídio doloso,Jardim guanabara,Jardim Guanabara
85593011-2024,2024,Feminicídio (Provocado por Emprego de Arma Branca),Homicídio doloso,Jardim guanabara,Jardim Guanabara
20818991-2024,2024,Feminicídio (Provocado por Emprego de Arma Branca),Homicídio doloso,"Bancarios, ilha do governador",Bancários
95853511-2024,2024,Feminicídio (Provocado por Asfixia),Homicídio doloso,Santa cruz,Santa Cruz
65891281-2024,2024,Feminicídio,Homicídio doloso,Sto cristo,Santo Cristo
39903661-2024,2024,Feminicídio,Homicídio doloso,Campo grande,Campo Grande
42129781-2024,2024,Feminicídio,Homicídio doloso,Vila valqueire,Vila Valqueire
58476271-2024,2024,Feminicídio (Provocado por Asfixia),Homicídio doloso,Botafogo,Botafogo
64502931-2024,2024,Feminicídio (Provocado por Asfixia),Homicídio doloso,Taquara,Taquara
32972121-2024,2024,Feminicídio (Provocado por Projétil de Arma de Fogo),Homicídio doloso,Jacarepagua - rio das pedras,Jacarepaguá
56268501-2024,2024,Feminicídio (Provocado por Emprego de Arma Branca),Homicídio doloso,Bangu,Bangu
87486911-2024,2024,Feminicídio,Homicídio doloso,Paciencia,Paciência
61271351-2024,2024,Feminicídio (Provocado por Emprego de Arma Branca),Homicídio doloso,Sampaio,Sampaio
92061021-2024,2024,Feminicídio (Provocado por Asfixia),Homicídio doloso,Pavuna,Pavuna
22988641-2024,2024,Feminicídio (Provocado por Emprego de Arma Branca),Homicídio doloso,Cordovil,Cordovil
87577511-2024,2024,Feminicídio,Homicídio doloso,Barra da tijuca,Barra da Tijuca
37266431-2024,2024,Feminicídio (Provocado por Emprego de Arma Branca),Homicídio doloso,Cavalcanti,Cavalcanti
90389341-2024,2024,Feminicídio,Homicídio doloso,Morro sao joao,Engenho Novo
16070631-2024,2024,Feminicídio (Provocado por Emprego de Arma Branca),Homicídio doloso,Cosmos,Cosmos
67414991-2024,2024,Feminicídio (Provocado por Emprego de Arma Branca),Homicídio doloso,Sepetiba,Sepetiba
23940461-2024,2024,Feminicídio (Provocado por Projétil de Arma de Fogo),Homicídio doloso,Jardim carioca,Jardim Carioca
21888881-2024,2024,Feminicídio,Homicídio doloso,Gamboa,Gamboa
92393871-2024,2024,Feminicídio,Homicídio doloso,Santissimo,Santíssimo
61516151-2024,2024,Feminicídio,Homicídio doloso,Todos os santos,Todos os Santos
69598211-2024,2024,Feminicídio,Homicídio doloso,Inhoaiba,Inhoaíba
01270011-2024,2024,Feminicídio,Homicídio doloso,Taua,Tauá
12063331-2024,2024,Feminicídio,Homicídio doloso,Rio das pedras,Itanhangá
99201801-2024,2024,Feminicídio,Homicídio doloso,Cosmos,Cosmos
26617191-2024,2024,Feminicídio,Homicídio doloso,Taquara,Taquara
71122801-2024,2024,Feminicídio,Homicídio doloso,Rio das pedras,Itanhangá
61736381-2024,2024,Feminicídio,Homicídio doloso,Senador camara,Senador Camará
04556641-2024,2024,Feminicídio,Homicídio doloso,Quintino bocaiuva,Quintino Bocaiúva
86034141-2024,2024,Feminicídio,Homicídio doloso,Barra da tijuca,Barra da Tijuca
97634272-2024,2024,Feminicídio (Provocado por Projétil de Arma de Fogo),Homicídio doloso,Rio das pedras,Itanhangá
26415131-2024,2024,Feminicídio (Provocado por Emprego de Arma Branca),Homicídio doloso,Centro,Centro
74723871-2024,2024,Feminicídio (Provocado por Emprego de Arma Branca),Homicídio doloso,Recreio dos bandeirantes,Recreio dos Bandeirantes
00271321-2024,2024,Feminicídio,Homicídio doloso,Taquara,Taquara
