"bairro";"ano";"n_mvi";"bairro_id";"periodo";"pct_area_dominacao_ada";"pct_area_dominacao_cv";"pct_area_dominacao_milicia";"pct_area_dominacao_tcp";"ips_2022_agua_saneamento";"ips_2022_pessoas_vivendo_em_favelas_nao_urbanizadas";"censo_2010_populacao_total";"censo_2010_rendimento_domiciliar_medio_brl";"fc_total_tiroteios";"fc_acao_policial"
"Freguesia (Ilha do Governador)";"2019";"3";"1";"1";"0,000000000000000";"0,00000000000000";"0,0000000000000000";"5,66474299999999964";"95,3061729793018";"0,1408";"19437";"2801,22";"6";"1"
"Freguesia (Ilha do Governador)";"2020";"0";"1";"2";"0,000000000000000";"0,00000000000000";"0,0000000000000000";"5,66474299999999964";"95,3061729793018";"0,1408";"19437";"2801,22";"2";"0"
"Freguesia (Ilha do Governador)";"2021";"0";"1";"3";"0,000000000000000";"0,00000000000000";"0,0000000000000000";"5,66474299999999964";"95,3061729793018";"0,1408";"19437";"2801,22";"2";"0"
"Freguesia (Ilha do Governador)";"2022";"0";"1";"4";"0,000000000000000";"0,00000000000000";"0,0000000000000000";"3,97774200000000011";"95,3061729793018";"0,1408";"19437";"2801,22";"2";"1"
"Freguesia (Ilha do Governador)";"2023";"1";"1";"5";"0,000000000000000";"0,00000000000000";"0,0000000000000000";"5,66474299999999964";"95,3061729793018";"0,1408";"19437";"2801,22";"1";"0"
"Freguesia (Ilha do Governador)";"2024";"1";"1";"6";"0,000000000000000";"0,00000000000000";"0,0000000000000000";"5,66474299999999964";"95,3061729793018";"0,1408";"19437";"2801,22";"1";"0"
"Bancários";"2019";"0";"2";"1";"5,881197000000000";"0,00000000000000";"0,0822330000000000";"9,41677400000000020";"97,2131465515380";"0,4743";"12512";"2481,54";"1";"0"
"Bancários";"2020";"0";"2";"2";"5,881197000000000";"0,00000000000000";"0,0822330000000000";"9,41677400000000020";"97,2131465515380";"0,4743";"12512";"2481,54";"5";"1"
"Bancários";"2021";"0";"2";"3";"5,881197000000000";"0,00000000000000";"0,0822330000000000";"9,41677400000000020";"97,2131465515380";"0,4743";"12512";"2481,54";"7";"3"
"Bancários";"2022";"0";"2";"4";"5,881197000000000";"0,00000000000000";"0,0822330000000000";"9,40614199999999911";"97,2131465515380";"0,4743";"12512";"2481,54";"3";"1"
"Bancários";"2023";"0";"2";"5";"5,881197000000000";"0,00000000000000";"0,0822330000000000";"9,41677400000000020";"97,2131465515380";"0,4743";"12512";"2481,54";"0";"0"
"Bancários";"2024";"1";"2";"6";"5,881197000000000";"0,00000000000000";"0,0822330000000000";"9,41677400000000020";"97,2131465515380";"0,4743";"12512";"2481,54";"1";"1"
"Galeão";"2019";"8";"3";"1";"0,000000000000000";"1,80141700000000";"0,0000000000000000";"0,61844600000000005";"79,1365660254960";"0,0922";"22971";"2269,73";"18";"7"
"Galeão";"2020";"2";"3";"2";"0,000000000000000";"1,80141700000000";"0,0000000000000000";"0,61844600000000005";"79,1365660254960";"0,0922";"22971";"2269,73";"10";"3"
"Galeão";"2021";"9";"3";"3";"0,000000000000000";"1,80141700000000";"0,0000000000000000";"0,61844600000000005";"79,1365660254960";"0,0922";"22971";"2269,73";"6";"1"
"Galeão";"2022";"3";"3";"4";"0,000000000000000";"1,80141700000000";"0,0000000000000000";"0,61844600000000005";"79,1365660254960";"0,0922";"22971";"2269,73";"27";"16"
"Galeão";"2023";"0";"3";"5";"0,000000000000000";"1,80141700000000";"0,0000000000000000";"0,61844600000000005";"79,1365660254960";"0,0922";"22971";"2269,73";"2";"1"
"Galeão";"2024";"2";"3";"6";"0,000000000000000";"1,80141700000000";"0,0000000000000000";"0,61844600000000005";"79,1365660254960";"0,0922";"22971";"2269,73";"10";"5"
"Tauá";"2019";"7";"4";"1";"0,005589000000000";"0,00000000000000";"2,9931820000000000";"14,61978200000000072";"92,2521242943769";"0,0798";"29567";"2310,23";"0";"0"
"Tauá";"2020";"2";"4";"2";"0,005589000000000";"0,00000000000000";"2,9931820000000000";"14,61978200000000072";"92,2521242943769";"0,0798";"29567";"2310,23";"1";"1"
"Tauá";"2021";"1";"4";"3";"0,005589000000000";"0,00000000000000";"2,9931820000000000";"14,61978200000000072";"92,2521242943769";"0,0798";"29567";"2310,23";"1";"0"
"Tauá";"2022";"1";"4";"4";"0,005589000000000";"0,00000000000000";"10,4601340000000000";"7,15282999999999980";"92,2521242943769";"0,0798";"29567";"2310,23";"4";"0"
"Tauá";"2023";"1";"4";"5";"0,005589000000000";"0,00000000000000";"10,3752209999999998";"7,15282999999999980";"92,2521242943769";"0,0798";"29567";"2310,23";"6";"2"
"Tauá";"2024";"3";"4";"6";"0,005589000000000";"0,00000000000000";"2,9082680000000005";"14,61978200000000072";"92,2521242943769";"0,0798";"29567";"2310,23";"6";"2"
"Portuguesa";"2019";"1";"5";"1";"0,000000000000000";"0,00000000000000";"0,0000000000000000";"16,01495200000000096";"96,9027287915397";"0,0000";"23856";"3567,57";"4";"2"
"Portuguesa";"2020";"0";"5";"2";"0,000000000000000";"0,00000000000000";"0,0000000000000000";"16,01495200000000096";"96,9027287915397";"0,0000";"23856";"3567,57";"3";"0"
"Portuguesa";"2021";"6";"5";"3";"0,000000000000000";"0,00000000000000";"0,0000000000000000";"16,01495200000000096";"96,9027287915397";"0,0000";"23856";"3567,57";"1";"0"
"Portuguesa";"2022";"7";"5";"4";"0,000000000000000";"0,00000000000000";"0,0000000000000000";"16,01495200000000096";"96,9027287915397";"0,0000";"23856";"3567,57";"2";"1"
"Portuguesa";"2023";"3";"5";"5";"0,000000000000000";"0,00000000000000";"0,0000000000000000";"16,01495200000000096";"96,9027287915397";"0,0000";"23856";"3567,57";"1";"1"
"Portuguesa";"2024";"2";"5";"6";"0,000000000000000";"0,00000000000000";"0,0000000000000000";"16,01495200000000096";"96,9027287915397";"0,0000";"23856";"3567,57";"0";"0"
"Moneró";"2019";"1";"6";"1";"0,000000000000000";"0,00000000000000";"0,0000000000000000";"0,00000000000000000";"86,0053673635453";"0,0000";"6476";"5068,63";"1";"0"
"Moneró";"2020";"0";"6";"2";"0,000000000000000";"0,00000000000000";"0,0000000000000000";"0,00000000000000000";"86,0053673635453";"0,0000";"6476";"5068,63";"0";"0"
"Moneró";"2021";"0";"6";"3";"0,000000000000000";"0,00000000000000";"0,0000000000000000";"0,00000000000000000";"86,0053673635453";"0,0000";"6476";"5068,63";"0";"0"
"Moneró";"2022";"0";"6";"4";"0,000000000000000";"0,00000000000000";"0,0000000000000000";"0,00000000000000000";"86,0053673635453";"0,0000";"6476";"5068,63";"0";"0"
"Moneró";"2023";"1";"6";"5";"0,000000000000000";"0,00000000000000";"0,0000000000000000";"0,00000000000000000";"86,0053673635453";"0,0000";"6476";"5068,63";"0";"0"
"Moneró";"2024";"1";"6";"6";"0,000000000000000";"0,00000000000000";"0,0000000000000000";"0,00000000000000000";"86,0053673635453";"0,0000";"6476";"5068,63";"0";"0"
"Vigário Geral";"2019";"9";"7";"1";"0,000000000000000";"9,57907000000000";"0,0000000000000000";"4,39024099999999962";"88,2756583355632";"0,2709";"41820";"1420,75";"21";"6"
"Vigário Geral";"2020";"9";"7";"2";"0,000000000000000";"9,57907000000000";"0,0055050000000000";"4,39024099999999962";"88,2756583355632";"0,2709";"41820";"1420,75";"17";"5"
"Vigário Geral";"2021";"7";"7";"3";"0,000000000000000";"9,57907000000000";"0,0055050000000000";"4,39024099999999962";"88,2756583355632";"0,2709";"41820";"1420,75";"16";"7"
"Vigário Geral";"2022";"6";"7";"4";"0,000000000000000";"9,57907000000000";"0,0000000000000000";"4,39024099999999962";"88,2756583355632";"0,2709";"41820";"1420,75";"23";"11"
"Vigário Geral";"2023";"7";"7";"5";"0,000000000000000";"9,57907000000000";"0,0000000000000000";"4,39024099999999962";"88,2756583355632";"0,2709";"41820";"1420,75";"17";"7"
"Vigário Geral";"2024";"3";"7";"6";"0,000000000000000";"9,57907000000000";"0,0055050000000000";"4,39024099999999962";"88,2756583355632";"0,2709";"41820";"1420,75";"8";"6"
"Cocotá";"2019";"0";"8";"1";"0,000000000000000";"0,00000000000000";"51,3590540000000004";"0,02409000000000000";"94,7889852033143";"0,0734";"4877";"3698,42";"4";"0"
"Cocotá";"2020";"3";"8";"2";"0,000000000000000";"0,00000000000000";"51,3590540000000004";"0,02409000000000000";"94,7889852033143";"0,0734";"4877";"3698,42";"0";"0"
"Cocotá";"2021";"0";"8";"3";"0,000000000000000";"0,00000000000000";"51,3590540000000004";"0,02409000000000000";"94,7889852033143";"0,0734";"4877";"3698,42";"3";"0"
"Cocotá";"2022";"1";"8";"4";"0,000000000000000";"0,00000000000000";"51,3831450000000061";"0,00000000000000000";"94,7889852033143";"0,0734";"4877";"3698,42";"0";"0"
"Cocotá";"2023";"0";"8";"5";"0,000000000000000";"0,00000000000000";"0,0240900000000000";"0,00000000000000000";"94,7889852033143";"0,0734";"4877";"3698,42";"1";"1"
"Cocotá";"2024";"2";"8";"6";"0,000000000000000";"0,00000000000000";"0,0000000000000000";"0,02409000000000000";"94,7889852033143";"0,0734";"4877";"3698,42";"0";"0"
"Jardim América";"2019";"9";"9";"1";"0,000000000000000";"10,50335200000000";"0,0000000000000000";"0,00000000000000000";"97,4373564756673";"0,0369";"25226";"1996,71";"12";"2"
"Jardim América";"2020";"6";"9";"2";"0,000000000000000";"10,50335200000000";"0,0000000000000000";"0,00000000000000000";"97,4373564756673";"0,0369";"25226";"1996,71";"10";"1"
"Jardim América";"2021";"8";"9";"3";"0,000000000000000";"10,50335200000000";"0,0000000000000000";"0,00000000000000000";"97,4373564756673";"0,0369";"25226";"1996,71";"13";"6"
"Jardim América";"2022";"7";"9";"4";"0,000000000000000";"10,50335200000000";"0,0000000000000000";"0,00000000000000000";"97,4373564756673";"0,0369";"25226";"1996,71";"8";"2"
"Jardim América";"2023";"1";"9";"5";"0,000000000000000";"10,50335200000000";"0,0000000000000000";"0,00000000000000000";"97,4373564756673";"0,0369";"25226";"1996,71";"7";"6"
"Jardim América";"2024";"0";"9";"6";"0,000000000000000";"10,50335200000000";"0,0000000000000000";"0,00000000000000000";"97,4373564756673";"0,0369";"25226";"1996,71";"3";"1"
"Jardim Carioca";"2019";"8";"10";"1";"0,000000000000000";"0,00000000000000";"1,4073500000000001";"7,83185800000000043";"93,3859672782920";"0,0033";"24848";"2679,69";"14";"8"
"Jardim Carioca";"2020";"1";"10";"2";"0,000000000000000";"0,00000000000000";"1,4073500000000001";"7,83185800000000043";"93,3859672782920";"0,0033";"24848";"2679,69";"13";"6"
"Jardim Carioca";"2021";"1";"10";"3";"0,000000000000000";"0,00000000000000";"1,4073500000000001";"7,83185800000000043";"93,3859672782920";"0,0033";"24848";"2679,69";"10";"1"
"Jardim Carioca";"2022";"0";"10";"4";"0,000000000000000";"0,00000000000000";"1,4147390000000000";"7,82446899999999967";"93,3859672782920";"0,0033";"24848";"2679,69";"13";"3"
"Jardim Carioca";"2023";"0";"10";"5";"0,000000000000000";"0,00000000000000";"0,0073890000000000";"7,82446899999999967";"93,3859672782920";"0,0033";"24848";"2679,69";"6";"2"
"Jardim Carioca";"2024";"1";"10";"6";"0,000000000000000";"0,00000000000000";"0,0000000000000000";"16,36158700000000010";"93,3859672782920";"0,0033";"24848";"2679,69";"2";"0"
"Pavuna";"2019";"55";"11";"1";"1,973092000000000";"19,15530500000000";"17,0979829999999993";"9,84617199999999926";"94,4840900762220";"0,2130";"97350";"1698,29";"74";"18"
"Pavuna";"2020";"31";"11";"2";"1,203149000000000";"19,15530500000000";"17,0979829999999993";"10,61594400000000071";"94,4840900762220";"0,2130";"97350";"1698,29";"37";"11"
"Pavuna";"2021";"37";"11";"3";"0,923608000000000";"19,20207800000000";"14,4552460000000007";"10,84871099999999977";"94,4840900762220";"0,2130";"97350";"1698,29";"36";"14"
"Pavuna";"2022";"24";"11";"4";"0,899135000000000";"19,20207800000000";"17,0979829999999993";"10,87335599999999936";"94,4840900762220";"0,2130";"97350";"1698,29";"30";"9"
"Pavuna";"2023";"29";"11";"5";"0,899135000000000";"17,37591600000000";"13,0706559999999996";"10,87335599999999936";"94,4840900762220";"0,2130";"97350";"1698,29";"17";"7"
"Pavuna";"2024";"25";"11";"6";"0,899135000000000";"19,20207800000000";"9,9892850000000006";"10,87335599999999936";"94,4840900762220";"0,2130";"97350";"1698,29";"14";"6"
"Cordovil";"2019";"15";"12";"1";"0,000000000000000";"8,77783600000000";"6,8409600000000008";"12,14558199999999921";"96,4655975065232";"0,1744";"45202";"1689,59";"33";"6"
"Cordovil";"2020";"15";"12";"2";"0,000000000000000";"8,52075200000000";"24,8458599999999947";"17,15829700000000102";"96,4655975065232";"0,1744";"45202";"1689,59";"55";"8"
"Cordovil";"2021";"6";"12";"3";"0,000000000000000";"5,80361000000000";"24,8458599999999947";"19,87543900000000008";"96,4655975065232";"0,1744";"45202";"1689,59";"38";"6"
"Cordovil";"2022";"11";"12";"4";"0,000000000000000";"0,66827000000000";"7,3333300000000001";"25,21381200000000078";"96,4655975065232";"0,1744";"45202";"1689,59";"55";"10"
"Cordovil";"2023";"7";"12";"5";"0,000000000000000";"3,82555900000000";"0,0000000000000000";"25,28279600000000116";"96,4655975065232";"0,1744";"45202";"1689,59";"19";"10"
"Cordovil";"2024";"15";"12";"6";"0,000000000000000";"5,22391600000000";"14,9671280000000007";"25,22664199999999823";"96,4655975065232";"0,1744";"45202";"1689,59";"35";"19"
"Jardim Guanabara";"2019";"7";"13";"1";"0,000000000000000";"0,00000000000000";"0,0000000000000000";"0,41487400000000008";"99,1307286773496";"0,0197";"32213";"6575,54";"0";"0"
"Jardim Guanabara";"2020";"2";"13";"2";"0,000000000000000";"0,00000000000000";"0,0000000000000000";"0,41487400000000008";"99,1307286773496";"0,0197";"32213";"6575,54";"0";"0"
"Jardim Guanabara";"2021";"1";"13";"3";"0,000000000000000";"0,00000000000000";"0,0000000000000000";"0,41487400000000008";"99,1307286773496";"0,0197";"32213";"6575,54";"1";"0"
"Jardim Guanabara";"2022";"1";"13";"4";"0,000000000000000";"0,00000000000000";"0,0000000000000000";"0,41487400000000008";"99,1307286773496";"0,0197";"32213";"6575,54";"1";"0"
"Jardim Guanabara";"2023";"2";"13";"5";"0,000000000000000";"0,00000000000000";"0,0000000000000000";"0,41487400000000008";"99,1307286773496";"0,0197";"32213";"6575,54";"0";"0"
"Jardim Guanabara";"2024";"6";"13";"6";"0,000000000000000";"0,00000000000000";"0,0000000000000000";"0,41487400000000008";"99,1307286773496";"0,0197";"32213";"6575,54";"2";"1"
"Parada de Lucas";"2019";"11";"14";"1";"0,000000000000000";"0,00301800000000";"0,8938620000000000";"29,02490900000000096";"97,6696869076970";"0,0026";"23923";"1411,97";"14";"5"
"Parada de Lucas";"2020";"8";"14";"2";"0,000000000000000";"0,00301800000000";"13,1666380000000007";"32,15638400000000274";"97,6696869076970";"0,0026";"23923";"1411,97";"11";"4"
"Parada de Lucas";"2021";"8";"14";"3";"0,000000000000000";"0,00301800000000";"13,1666380000000007";"32,15638400000000274";"97,6696869076970";"0,0026";"23923";"1411,97";"9";"3"
"Parada de Lucas";"2022";"4";"14";"4";"0,000000000000000";"0,00000000000000";"0,8816090000000000";"32,15940099999999546";"97,6696869076970";"0,0026";"23923";"1411,97";"12";"3"
"Parada de Lucas";"2023";"5";"14";"5";"0,000000000000000";"0,00000000000000";"0,8816090000000000";"32,15940099999999546";"97,6696869076970";"0,0026";"23923";"1411,97";"4";"3"
"Parada de Lucas";"2024";"3";"14";"6";"0,000000000000000";"0,00000000000000";"13,1666380000000007";"32,15940099999999546";"97,6696869076970";"0,0026";"23923";"1411,97";"7";"4"
"Parque Colúmbia";"2019";"0";"15";"1";"1,350443000000000";"0,00000000000000";"0,0037450000000000";"7,39643400000000018";"91,9927307160707";"0,0000";"9202";"1663,36";"3";"1"
"Parque Colúmbia";"2020";"2";"15";"2";"1,350443000000000";"0,00000000000000";"0,0037450000000000";"7,39643400000000018";"91,9927307160707";"0,0000";"9202";"1663,36";"1";"0"
"Parque Colúmbia";"2021";"0";"15";"3";"1,350443000000000";"0,00000000000000";"0,0037450000000000";"7,39643400000000018";"91,9927307160707";"0,0000";"9202";"1663,36";"0";"0"
"Parque Colúmbia";"2022";"2";"15";"4";"1,350443000000000";"0,00000000000000";"0,0037450000000000";"7,39643400000000018";"91,9927307160707";"0,0000";"9202";"1663,36";"1";"0"
"Parque Colúmbia";"2023";"0";"15";"5";"1,350443000000000";"0,00000000000000";"0,0037450000000000";"7,39643400000000018";"91,9927307160707";"0,0000";"9202";"1663,36";"1";"0"
"Parque Colúmbia";"2024";"0";"15";"6";"1,350443000000000";"0,00000000000000";"0,0037450000000000";"7,39643400000000018";"91,9927307160707";"0,0000";"9202";"1663,36";"1";"1"
"Praia da Bandeira";"2019";"0";"16";"1";"0,000000000000000";"0,00000000000000";"57,5639090000000024";"0,00000000000000000";"99,5464786172551";"0,0000";"5948";"3574,74";"0";"0"
"Praia da Bandeira";"2020";"0";"16";"2";"0,000000000000000";"0,00000000000000";"57,5639090000000024";"0,00000000000000000";"99,5464786172551";"0,0000";"5948";"3574,74";"0";"0"
"Praia da Bandeira";"2021";"0";"16";"3";"0,000000000000000";"0,00000000000000";"57,5639090000000024";"0,00000000000000000";"99,5464786172551";"0,0000";"5948";"3574,74";"0";"0"
"Praia da Bandeira";"2022";"0";"16";"4";"0,000000000000000";"0,00000000000000";"57,5639090000000024";"0,00000000000000000";"99,5464786172551";"0,0000";"5948";"3574,74";"1";"0"
"Praia da Bandeira";"2023";"0";"16";"5";"0,000000000000000";"0,00000000000000";"14,8678310000000007";"0,00000000000000000";"99,5464786172551";"0,0000";"5948";"3574,74";"0";"0"
"Praia da Bandeira";"2024";"0";"16";"6";"0,000000000000000";"0,00000000000000";"14,8678310000000007";"0,00000000000000000";"99,5464786172551";"0,0000";"5948";"3574,74";"1";"0"
"Penha Circular";"2019";"18";"17";"1";"0,000000000000000";"14,89168600000000";"1,8776679999999999";"0,09308700000000000";"98,5527517983438";"0,0032";"47816";"2412,71";"73";"10"
"Penha Circular";"2020";"11";"17";"2";"0,000000000000000";"14,15939900000000";"3,5551029999999999";"0,21779000000000001";"98,5527517983438";"0,0032";"47816";"2412,71";"33";"6"
"Penha Circular";"2021";"10";"17";"3";"0,000000000000000";"15,04954400000000";"3,5551029999999999";"0,21779000000000001";"98,5527517983438";"0,0032";"47816";"2412,71";"22";"11"
"Penha Circular";"2022";"29";"17";"4";"0,000000000000000";"15,90056400000000";"3,4922520000000001";"0,21779000000000001";"98,5527517983438";"0,0032";"47816";"2412,71";"23";"6"
"Penha Circular";"2023";"16";"17";"5";"0,000000000000000";"17,89446100000000";"3,5309080000000002";"0,21779000000000001";"98,5527517983438";"0,0032";"47816";"2412,71";"12";"9"
"Penha Circular";"2024";"12";"17";"6";"0,000000000000000";"17,89716400000000";"3,4310320000000001";"0,31766600000000000";"98,5527517983438";"0,0032";"47816";"2412,71";"9";"2"
"Cacuia";"2019";"1";"18";"1";"0,000000000000000";"0,00000000000000";"3,9560270000000006";"0,00000000000000000";"91,7186777412197";"0,2580";"11013";"2453,73";"1";"0"
"Cacuia";"2020";"1";"18";"2";"0,000000000000000";"0,00000000000000";"3,9560270000000006";"0,00000000000000000";"91,7186777412197";"0,2580";"11013";"2453,73";"2";"0"
"Cacuia";"2021";"0";"18";"3";"0,000000000000000";"0,00000000000000";"3,9560270000000006";"0,00000000000000000";"91,7186777412197";"0,2580";"11013";"2453,73";"1";"0"
"Cacuia";"2022";"2";"18";"4";"0,000000000000000";"0,00000000000000";"3,9560270000000006";"0,00000000000000000";"91,7186777412197";"0,2580";"11013";"2453,73";"0";"0"
"Cacuia";"2023";"1";"18";"5";"0,000000000000000";"0,00000000000000";"3,9532210000000001";"0,00000000000000000";"91,7186777412197";"0,2580";"11013";"2453,73";"0";"0"
"Cacuia";"2024";"1";"18";"6";"0,000000000000000";"0,00000000000000";"3,9532210000000001";"0,00000000000000000";"91,7186777412197";"0,2580";"11013";"2453,73";"0";"0"
"Irajá";"2019";"18";"19";"1";"0,000000000000000";"1,97823300000000";"9,2912219999999994";"0,28967300000000001";"97,9580192459795";"0,0585";"96382";"2680,85";"24";"3"
"Irajá";"2020";"9";"19";"2";"0,000000000000000";"1,97823300000000";"8,2436170000000004";"0,28967300000000001";"97,9580192459795";"0,0585";"96382";"2680,85";"16";"1"
"Irajá";"2021";"23";"19";"3";"0,000000000000000";"1,97823300000000";"9,6118419999999993";"0,28967300000000001";"97,9580192459795";"0,0585";"96382";"2680,85";"19";"3"
"Irajá";"2022";"19";"19";"4";"0,000000000000000";"1,97823300000000";"11,0516240000000003";"0,28967300000000001";"97,9580192459795";"0,0585";"96382";"2680,85";"20";"5"
"Irajá";"2023";"28";"19";"5";"0,000000000000000";"1,97823300000000";"7,6023509999999996";"0,28967300000000001";"97,9580192459795";"0,0585";"96382";"2680,85";"19";"6"
"Irajá";"2024";"9";"19";"6";"0,000000000000000";"1,97823300000000";"7,6041990000000004";"0,28967300000000001";"97,9580192459795";"0,0585";"96382";"2680,85";"12";"3"
"Anchieta";"2019";"26";"20";"1";"0,000000000000000";"38,55593600000000";"10,5332849999999993";"3,39190699999999978";"93,9970514442609";"0,1960";"55652";"1799,64";"61";"17"
"Anchieta";"2020";"36";"20";"2";"0,000000000000000";"39,50519100000000";"2,6205970000000001";"3,39190699999999978";"93,9970514442609";"0,1960";"55652";"1799,64";"59";"15"
"Anchieta";"2021";"19";"20";"3";"0,000000000000000";"39,27031500000000";"8,3795919999999988";"3,39190699999999978";"93,9970514442609";"0,1960";"55652";"1799,64";"56";"17"
"Anchieta";"2022";"21";"20";"4";"0,000000000000000";"39,50519100000000";"6,1812730000000000";"3,39190699999999978";"93,9970514442609";"0,1960";"55652";"1799,64";"33";"5"
"Anchieta";"2023";"10";"20";"5";"0,000000000000000";"39,54979000000000";"0,5173690000000000";"0,00000000000000000";"93,9970514442609";"0,1960";"55652";"1799,64";"36";"6"
"Anchieta";"2024";"9";"20";"6";"0,000000000000000";"42,97885900000000";"2,0102730000000002";"0,00000000000000000";"93,9970514442609";"0,1960";"55652";"1799,64";"13";"7"
"Acari";"2019";"11";"21";"1";"0,000000000000000";"0,00000000000000";"0,8598340000000000";"42,15639899999999329";"91,8632515268042";"0,0290";"27347";"1071,90";"34";"14"
"Acari";"2020";"17";"21";"2";"0,000000000000000";"0,00000000000000";"7,1530459999999998";"42,15639899999999329";"91,8632515268042";"0,0290";"27347";"1071,90";"39";"30"
"Acari";"2021";"4";"21";"3";"0,000000000000000";"0,00000000000000";"0,9037780000000000";"48,40566599999999653";"91,8632515268042";"0,0290";"27347";"1071,90";"11";"2"
"Acari";"2022";"3";"21";"4";"0,000000000000000";"0,00000000000000";"0,8598340000000000";"48,40566599999999653";"91,8632515268042";"0,0290";"27347";"1071,90";"8";"3"
"Acari";"2023";"1";"21";"5";"0,000000000000000";"0,00000000000000";"7,1091009999999999";"42,15639899999999329";"91,8632515268042";"0,0290";"27347";"1071,90";"4";"1"
"Acari";"2024";"2";"21";"6";"0,000000000000000";"0,00000000000000";"0,8598340000000000";"48,40566599999999653";"91,8632515268042";"0,0290";"27347";"1071,90";"6";"5"
"Pitangueiras";"2019";"3";"22";"1";"0,000000000000000";"0,00000000000000";"19,4328509999999994";"0,00000000000000000";"96,9763504437156";"0,6062";"11756";"2203,75";"2";"1"
"Pitangueiras";"2020";"1";"22";"2";"0,000000000000000";"0,00000000000000";"19,4328509999999994";"0,00000000000000000";"96,9763504437156";"0,6062";"11756";"2203,75";"4";"0"
"Pitangueiras";"2021";"0";"22";"3";"0,000000000000000";"0,00000000000000";"19,4328509999999994";"0,00000000000000000";"96,9763504437156";"0,6062";"11756";"2203,75";"4";"0"
"Pitangueiras";"2022";"4";"22";"4";"0,000000000000000";"0,00000000000000";"19,4328509999999994";"0,00000000000000000";"96,9763504437156";"0,6062";"11756";"2203,75";"2";"0"
"Pitangueiras";"2023";"0";"22";"5";"0,000000000000000";"0,00000000000000";"19,4328509999999994";"0,00000000000000000";"96,9763504437156";"0,6062";"11756";"2203,75";"1";"0"
"Pitangueiras";"2024";"0";"22";"6";"0,000000000000000";"0,00000000000000";"19,4328509999999994";"0,00000000000000000";"96,9763504437156";"0,6062";"11756";"2203,75";"1";"1"
"Costa Barros";"2019";"35";"23";"1";"27,743501999999999";"29,60242900000000";"0,0000000000000000";"0,05054200000000000";"94,3840485381824";"0,3189";"28442";"1147,85";"97";"30"
"Costa Barros";"2020";"33";"23";"2";"25,436121000000000";"29,60242900000000";"0,0000000000000000";"0,05054200000000000";"94,3840485381824";"0,3189";"28442";"1147,85";"54";"21"
"Costa Barros";"2021";"18";"23";"3";"21,773448999999999";"32,72457700000000";"0,0007200000000000";"0,59106800000000004";"94,3840485381824";"0,3189";"28442";"1147,85";"66";"23"
"Costa Barros";"2022";"22";"23";"4";"6,323088000000000";"32,72457700000000";"2,8521000000000001";"18,34880899999999926";"94,3840485381824";"0,3189";"28442";"1147,85";"35";"19"
"Costa Barros";"2023";"25";"23";"5";"6,323088000000000";"32,72457700000000";"0,0007200000000000";"18,34880899999999926";"94,3840485381824";"0,3189";"28442";"1147,85";"40";"17"
"Costa Barros";"2024";"30";"23";"6";"6,323088000000000";"32,72457700000000";"2,8521000000000001";"18,34880899999999926";"94,3840485381824";"0,3189";"28442";"1147,85";"51";"17"
"Brás de Pina";"2019";"10";"24";"1";"0,000000000000000";"5,51932100000000";"40,9111249999999984";"20,58825799999999973";"97,9447908793489";"0,2107";"59222";"2262,74";"36";"6"
"Brás de Pina";"2020";"24";"24";"2";"0,000000000000000";"5,51932100000000";"51,5159609999999972";"22,14582100000000153";"97,9447908793489";"0,2107";"59222";"2262,74";"30";"3"
"Brás de Pina";"2021";"17";"24";"3";"0,000000000000000";"5,51932100000000";"50,5667660000000012";"22,14582100000000153";"97,9447908793489";"0,2107";"59222";"2262,74";"44";"8"
"Brás de Pina";"2022";"25";"24";"4";"0,000000000000000";"6,38455500000000";"44,9069610000000026";"23,44602499999999878";"97,9447908793489";"0,2107";"59222";"2262,74";"62";"22"
"Brás de Pina";"2023";"11";"24";"5";"0,000000000000000";"5,19789400000000";"18,8722449999999995";"32,98721499999999907";"97,9447908793489";"0,2107";"59222";"2262,74";"50";"14"
"Brás de Pina";"2024";"19";"24";"6";"0,000000000000000";"38,18255500000000";"10,0272959999999998";"32,89866200000000163";"97,9447908793489";"0,2107";"59222";"2262,74";"79";"18"
"Penha";"2019";"37";"25";"1";"0,000000000000000";"20,57543800000000";"0,9170770000000000";"0,00000000000000000";"90,4463744207851";"0,0151";"78678";"2132,23";"79";"34"
"Penha";"2020";"26";"25";"2";"0,000000000000000";"20,57589400000000";"0,3223670000000000";"0,00000000000000000";"90,4463744207851";"0,0151";"78678";"2132,23";"54";"11"
"Penha";"2021";"22";"25";"3";"0,000000000000000";"20,56923700000000";"0,3223670000000000";"0,00000000000000000";"90,4463744207851";"0,0151";"78678";"2132,23";"45";"16"
"Penha";"2022";"54";"25";"4";"0,000000000000000";"20,56923700000000";"0,3223670000000000";"0,00000000000000000";"90,4463744207851";"0,0151";"78678";"2132,23";"35";"17"
"Penha";"2023";"32";"25";"5";"0,000000000000000";"20,56897500000000";"0,3047510000000000";"0,00000000000000000";"90,4463744207851";"0,0151";"78678";"2132,23";"36";"25"
"Penha";"2024";"34";"25";"6";"0,000000000000000";"20,01514700000000";"0,3047510000000000";"0,00000000000000000";"90,4463744207851";"0,0151";"78678";"2132,23";"37";"22"
"Zumbi";"2019";"0";"26";"1";"0,000000000000000";"0,00000000000000";"0,0000000000000000";"0,00000000000000000";"98,8478917825740";"0,0000";"2016";"4561,07";"0";"0"
"Zumbi";"2020";"1";"26";"2";"0,000000000000000";"0,00000000000000";"0,0000000000000000";"0,00000000000000000";"98,8478917825740";"0,0000";"2016";"4561,07";"0";"0"
"Zumbi";"2021";"1";"26";"3";"0,000000000000000";"0,00000000000000";"0,0000000000000000";"0,00000000000000000";"98,8478917825740";"0,0000";"2016";"4561,07";"0";"0"
"Zumbi";"2022";"0";"26";"4";"0,000000000000000";"0,00000000000000";"0,0000000000000000";"0,00000000000000000";"98,8478917825740";"0,0000";"2016";"4561,07";"0";"0"
"Zumbi";"2023";"1";"26";"5";"0,000000000000000";"0,00000000000000";"0,0000000000000000";"0,00000000000000000";"98,8478917825740";"0,0000";"2016";"4561,07";"0";"0"
"Zumbi";"2024";"0";"26";"6";"0,000000000000000";"0,00000000000000";"0,0000000000000000";"0,00000000000000000";"98,8478917825740";"0,0000";"2016";"4561,07";"0";"0"
"Ribeira";"2019";"0";"27";"1";"0,000000000000000";"0,00000000000000";"0,0000000000000000";"0,00000000000000000";"92,5838979384342";"0,0000";"3528";"4591,59";"0";"0"
"Ribeira";"2020";"0";"27";"2";"0,000000000000000";"0,00000000000000";"0,0000000000000000";"0,00000000000000000";"92,5838979384342";"0,0000";"3528";"4591,59";"0";"0"
"Ribeira";"2021";"0";"27";"3";"0,000000000000000";"0,00000000000000";"0,0000000000000000";"0,00000000000000000";"92,5838979384342";"0,0000";"3528";"4591,59";"0";"0"
"Ribeira";"2022";"0";"27";"4";"0,000000000000000";"0,00000000000000";"0,0000000000000000";"0,00000000000000000";"92,5838979384342";"0,0000";"3528";"4591,59";"1";"0"
"Ribeira";"2023";"0";"27";"5";"0,000000000000000";"0,00000000000000";"0,0000000000000000";"0,00000000000000000";"92,5838979384342";"0,0000";"3528";"4591,59";"0";"0"
"Ribeira";"2024";"0";"27";"6";"0,000000000000000";"0,00000000000000";"0,0000000000000000";"0,00000000000000000";"92,5838979384342";"0,0000";"3528";"4591,59";"0";"0"
"Coelho Neto";"2019";"13";"28";"1";"6,592016000000000";"3,51354100000000";"0,0000000000000000";"0,23778800000000003";"95,5054657658388";"0,0291";"32423";"1714,36";"20";"7"
"Coelho Neto";"2020";"6";"28";"2";"0,164123000000000";"3,51354100000000";"6,9786020000000004";"6,66568100000000019";"95,5054657658388";"0,0291";"32423";"1714,36";"8";"3"
"Coelho Neto";"2021";"13";"28";"3";"0,000000000000000";"3,67766400000000";"6,7505930000000003";"6,89369000000000032";"95,5054657658388";"0,0291";"32423";"1714,36";"10";"2"
"Coelho Neto";"2022";"17";"28";"4";"0,000000000000000";"3,67766400000000";"0,0000000000000000";"6,89369000000000032";"95,5054657658388";"0,0291";"32423";"1714,36";"19";"12"
"Coelho Neto";"2023";"9";"28";"5";"0,000000000000000";"3,67766400000000";"4,9692049999999997";"6,66568100000000019";"95,5054657658388";"0,0291";"32423";"1714,36";"10";"3"
"Coelho Neto";"2024";"12";"28";"6";"0,000000000000000";"3,67766400000000";"0,0000000000000000";"6,89369000000000032";"95,5054657658388";"0,0291";"32423";"1714,36";"14";"7"
"Guadalupe";"2019";"25";"29";"1";"0,000000000000000";"14,88799200000000";"17,3481470000000009";"0,04092100000000000";"95,3054855747894";"0,2573";"47144";"1965,56";"76";"14"
"Guadalupe";"2020";"17";"29";"2";"0,000000000000000";"14,83308000000000";"15,7609480000000008";"0,09583400000000000";"95,3054855747894";"0,2573";"47144";"1965,56";"32";"11"
"Guadalupe";"2021";"30";"29";"3";"0,000000000000000";"14,83308000000000";"27,0819690000000008";"1,51739200000000007";"95,3054855747894";"0,2573";"47144";"1965,56";"40";"11"
"Guadalupe";"2022";"13";"29";"4";"0,000000000000000";"14,29980500000000";"27,5654420000000009";"2,05066600000000010";"95,3054855747894";"0,2573";"47144";"1965,56";"33";"14"
"Guadalupe";"2023";"14";"29";"5";"0,000000000000000";"16,45618800000000";"27,3787039999999990";"2,05066600000000010";"95,3054855747894";"0,2573";"47144";"1965,56";"29";"9"
"Guadalupe";"2024";"14";"29";"6";"0,000000000000000";"16,84908600000000";"25,8554729999999999";"2,05066600000000010";"95,3054855747894";"0,2573";"47144";"1965,56";"21";"9"
"Parque Anchieta";"2019";"1";"30";"1";"0,000000000000000";"0,87844400000000";"2,7433010000000002";"0,00128600000000000";"97,4930453117547";"0,0335";"26212";"2181,37";"4";"0"
"Parque Anchieta";"2020";"7";"30";"2";"0,000000000000000";"0,87844400000000";"7,9349499999999997";"0,00128600000000000";"97,4930453117547";"0,0335";"26212";"2181,37";"6";"0"
"Parque Anchieta";"2021";"4";"30";"3";"0,000000000000000";"0,87844400000000";"5,1916500000000001";"0,00128600000000000";"97,4930453117547";"0,0335";"26212";"2181,37";"2";"0"
"Parque Anchieta";"2022";"2";"30";"4";"0,000000000000000";"0,87844400000000";"5,1990959999999999";"0,00128600000000000";"97,4930453117547";"0,0335";"26212";"2181,37";"1";"0"
"Parque Anchieta";"2023";"0";"30";"5";"0,000000000000000";"5,77072600000000";"0,0000000000000000";"0,00000000000000000";"97,4930453117547";"0,0335";"26212";"2181,37";"2";"0"
"Parque Anchieta";"2024";"0";"30";"6";"0,000000000000000";"5,77072600000000";"2,6416480000000000";"0,00000000000000000";"97,4930453117547";"0,0335";"26212";"2181,37";"0";"0"
"Barros Filho";"2019";"20";"31";"1";"40,735872999999998";"4,57520700000000";"0,0000000000000000";"0,00000000000000000";"91,9818083080058";"1,0000";"14049";"1115,50";"19";"8"
"Barros Filho";"2020";"10";"31";"2";"40,735872999999998";"4,57520700000000";"0,0000000000000000";"0,00000000000000000";"91,9818083080058";"1,0000";"14049";"1115,50";"9";"4"
"Barros Filho";"2021";"11";"31";"3";"6,305026000000000";"22,29542000000000";"0,0801990000000000";"16,71063399999999888";"91,9818083080058";"1,0000";"14049";"1115,50";"11";"2"
"Barros Filho";"2022";"12";"31";"4";"0,315293000000000";"22,29542000000000";"0,3765680000000001";"16,71063399999999888";"91,9818083080058";"1,0000";"14049";"1115,50";"7";"5"
"Barros Filho";"2023";"7";"31";"5";"0,315293000000000";"22,29542000000000";"0,1978480000000000";"16,71063399999999888";"91,9818083080058";"1,0000";"14049";"1115,50";"17";"4"
"Barros Filho";"2024";"12";"31";"6";"0,315293000000000";"22,29542000000000";"0,3765680000000001";"16,71063399999999888";"91,9818083080058";"1,0000";"14049";"1115,50";"12";"2"
"Vista Alegre";"2019";"2";"32";"1";"0,000000000000000";"0,34695400000000";"0,0042450000000000";"0,00000000000000000";"99,4605073582275";"0,0000";"8622";"3132,26";"6";"0"
"Vista Alegre";"2020";"0";"32";"2";"0,000000000000000";"0,34695400000000";"0,0000000000000000";"0,00000000000000000";"99,4605073582275";"0,0000";"8622";"3132,26";"1";"0"
"Vista Alegre";"2021";"1";"32";"3";"0,000000000000000";"0,34695400000000";"0,0000000000000000";"0,00000000000000000";"99,4605073582275";"0,0000";"8622";"3132,26";"5";"0"
"Vista Alegre";"2022";"1";"32";"4";"0,000000000000000";"0,34695400000000";"0,0042450000000000";"0,00000000000000000";"99,4605073582275";"0,0000";"8622";"3132,26";"2";"0"
"Vista Alegre";"2023";"0";"32";"5";"0,000000000000000";"0,34695400000000";"0,0000000000000000";"0,00000000000000000";"99,4605073582275";"0,0000";"8622";"3132,26";"1";"0"
"Vista Alegre";"2024";"0";"32";"6";"0,000000000000000";"0,34695400000000";"0,0000000000000000";"0,00000000000000000";"99,4605073582275";"0,0000";"8622";"3132,26";"2";"0"
"Ricardo de Albuquerque";"2019";"11";"33";"1";"0,000000000000000";"16,07393500000000";"8,1278170000000003";"0,00000000000000000";"96,0114344486068";"0,0395";"29310";"1696,72";"17";"2"
"Ricardo de Albuquerque";"2020";"17";"33";"2";"0,000000000000000";"16,07393500000000";"2,0152999999999999";"0,00000000000000000";"96,0114344486068";"0,0395";"29310";"1696,72";"16";"8"
"Ricardo de Albuquerque";"2021";"13";"33";"3";"0,000000000000000";"16,07393500000000";"3,4985059999999999";"0,00000000000000000";"96,0114344486068";"0,0395";"29310";"1696,72";"6";"3"
"Ricardo de Albuquerque";"2022";"6";"33";"4";"0,000000000000000";"16,07393500000000";"0,0000000000000000";"0,00000000000000000";"96,0114344486068";"0,0395";"29310";"1696,72";"4";"1"
"Ricardo de Albuquerque";"2023";"4";"33";"5";"0,000000000000000";"30,44000000000000";"0,0004930000000000";"0,00000000000000000";"96,0114344486068";"0,0395";"29310";"1696,72";"7";"2"
"Ricardo de Albuquerque";"2024";"4";"33";"6";"0,000000000000000";"30,44000000000000";"0,0000000000000000";"0,00000000000000000";"96,0114344486068";"0,0395";"29310";"1696,72";"2";"2"
"Colégio";"2019";"7";"34";"1";"0,000000000000000";"2,07318500000000";"0,0000000000000000";"20,72209600000000052";"97,5827796080057";"0,0120";"29245";"1692,37";"16";"6"
"Colégio";"2020";"5";"34";"2";"0,000000000000000";"2,07318500000000";"0,0056820000000000";"20,72209600000000052";"97,5827796080057";"0,0120";"29245";"1692,37";"21";"6"
"Colégio";"2021";"6";"34";"3";"0,000000000000000";"2,07318500000000";"0,0056820000000000";"20,72209600000000052";"97,5827796080057";"0,0120";"29245";"1692,37";"6";"1"
"Colégio";"2022";"12";"34";"4";"0,000000000000000";"2,07318500000000";"0,0000000000000000";"20,72209600000000052";"97,5827796080057";"0,0120";"29245";"1692,37";"11";"1"
"Colégio";"2023";"7";"34";"5";"0,000000000000000";"2,07318500000000";"0,0056820000000000";"20,72209600000000052";"97,5827796080057";"0,0120";"29245";"1692,37";"12";"5"
"Colégio";"2024";"18";"34";"6";"0,000000000000000";"2,07318500000000";"0,0000000000000000";"20,72209600000000052";"97,5827796080057";"0,0120";"29245";"1692,37";"7";"5"
"Honório Gurgel";"2019";"13";"35";"1";"0,198440000000000";"11,48037400000000";"3,9933939999999999";"0,00000000000000000";"95,9404148334178";"0,1854";"21989";"1815,78";"19";"7"
"Honório Gurgel";"2020";"5";"35";"2";"0,198440000000000";"11,48037400000000";"17,7176369999999999";"0,00000000000000000";"95,9404148334178";"0,1854";"21989";"1815,78";"1";"1"
"Honório Gurgel";"2021";"5";"35";"3";"0,000000000000000";"11,48037400000000";"17,7176369999999999";"0,19844000000000001";"95,9404148334178";"0,1854";"21989";"1815,78";"10";"0"
"Honório Gurgel";"2022";"4";"35";"4";"0,000000000000000";"11,48037400000000";"17,7142480000000013";"0,19844000000000001";"95,9404148334178";"0,1854";"21989";"1815,78";"6";"1"
"Honório Gurgel";"2023";"1";"35";"5";"0,000000000000000";"11,48037400000000";"17,7176369999999999";"0,19844000000000001";"95,9404148334178";"0,1854";"21989";"1815,78";"2";"1"
"Honório Gurgel";"2024";"3";"35";"6";"0,000000000000000";"11,48037400000000";"3,3197019999999999";"0,19844000000000001";"95,9404148334178";"0,1854";"21989";"1815,78";"3";"0"
"Olaria";"2019";"7";"36";"1";"0,000000000000000";"20,22601200000000";"6,6961069999999996";"0,00000000000000000";"98,4037020317719";"0,3010";"57514";"2550,34";"65";"13"
"Olaria";"2020";"8";"36";"2";"0,000000000000000";"20,22601200000000";"6,6961069999999996";"0,00000000000000000";"98,4037020317719";"0,3010";"57514";"2550,34";"27";"6"
"Olaria";"2021";"5";"36";"3";"0,000000000000000";"20,22601200000000";"6,6961069999999996";"0,00000000000000000";"98,4037020317719";"0,3010";"57514";"2550,34";"25";"10"
"Olaria";"2022";"1";"36";"4";"0,000000000000000";"20,22601200000000";"3,0926339999999999";"0,00000000000000000";"98,4037020317719";"0,3010";"57514";"2550,34";"12";"3"
"Olaria";"2023";"3";"36";"5";"0,000000000000000";"17,30578500000000";"0,1708730000000000";"0,00000000000000000";"98,4037020317719";"0,3010";"57514";"2550,34";"8";"3"
"Olaria";"2024";"1";"36";"6";"0,000000000000000";"17,73100400000000";"0,1708730000000000";"0,00000000000000000";"98,4037020317719";"0,3010";"57514";"2550,34";"4";"3"
"Vila da Penha";"2019";"1";"37";"1";"0,000000000000000";"0,00013200000000";"2,2688519999999999";"0,00000000000000000";"99,3407577906241";"0,0000";"25465";"3876,96";"8";"0"
"Vila da Penha";"2020";"1";"37";"2";"0,000000000000000";"0,00013200000000";"4,7365620000000002";"0,00000000000000000";"99,3407577906241";"0,0000";"25465";"3876,96";"7";"0"
"Vila da Penha";"2021";"3";"37";"3";"0,000000000000000";"0,00013200000000";"2,2688519999999999";"0,00000000000000000";"99,3407577906241";"0,0000";"25465";"3876,96";"8";"1"
"Vila da Penha";"2022";"1";"37";"4";"0,000000000000000";"0,00050600000000";"5,2266100000000000";"0,00000000000000000";"99,3407577906241";"0,0000";"25465";"3876,96";"9";"4"
"Vila da Penha";"2023";"3";"37";"5";"0,000000000000000";"2,26935800000000";"0,0000000000000000";"0,00000000000000000";"99,3407577906241";"0,0000";"25465";"3876,96";"4";"1"
"Vila da Penha";"2024";"9";"37";"6";"0,000000000000000";"2,26935800000000";"0,0000000000000000";"0,00000000000000000";"99,3407577906241";"0,0000";"25465";"3876,96";"11";"3"
"Maré";"2019";"24";"38";"1";"0,000000000000000";"22,30654200000000";"18,1078110000000017";"29,12795399999999901";"93,1000781699504";"0,1014";"129770";"1228,56";"112";"48"
"Maré";"2020";"13";"38";"2";"0,000000000000000";"22,30654200000000";"26,3214949999999988";"29,12795399999999901";"93,1000781699504";"0,1014";"129770";"1228,56";"65";"23"
"Maré";"2021";"11";"38";"3";"0,000000000000000";"22,30654200000000";"24,4385450000000013";"29,12795399999999901";"93,1000781699504";"0,1014";"129770";"1228,56";"52";"18"
"Maré";"2022";"24";"38";"4";"0,000000000000000";"21,08957500000000";"26,3010249999999992";"30,34491999999999834";"93,1000781699504";"0,1014";"129770";"1228,56";"67";"26"
"Maré";"2023";"9";"38";"5";"0,000000000000000";"21,08957500000000";"20,0078829999999996";"30,34491999999999834";"93,1000781699504";"0,1014";"129770";"1228,56";"49";"38"
"Maré";"2024";"12";"38";"6";"0,000000000000000";"21,08957500000000";"21,8908330000000007";"30,34491999999999834";"93,1000781699504";"0,1014";"129770";"1228,56";"69";"48"
"Vila Militar";"2019";"2";"39";"1";"0,000000000000000";"0,00000000000000";"3,7472270000000001";"0,00000000000000000";"87,6397319176020";"0,0467";"13184";"2805,79";"1";"1"
"Vila Militar";"2020";"1";"39";"2";"0,000000000000000";"0,00000000000000";"3,7472270000000001";"0,00000000000000000";"87,6397319176020";"0,0467";"13184";"2805,79";"2";"1"
"Vila Militar";"2021";"1";"39";"3";"0,000000000000000";"0,00000000000000";"3,7472270000000001";"0,00000000000000000";"87,6397319176020";"0,0467";"13184";"2805,79";"1";"0"
"Vila Militar";"2022";"1";"39";"4";"0,000000000000000";"0,00000000000000";"3,7472270000000001";"0,00000000000000000";"87,6397319176020";"0,0467";"13184";"2805,79";"1";"1"
"Vila Militar";"2023";"1";"39";"5";"0,000000000000000";"0,00000000000000";"3,7472270000000001";"0,00000000000000000";"87,6397319176020";"0,0467";"13184";"2805,79";"0";"0"
"Vila Militar";"2024";"0";"39";"6";"0,000000000000000";"0,00000000000000";"3,7472270000000001";"0,00000000000000000";"87,6397319176020";"0,0467";"13184";"2805,79";"0";"0"
"Cidade Universitária";"2019";"8";"40";"1";"0,000000000000000";"0,00000000000000";"0,0000000000000000";"0,00000000000000000";"43,6453413854452";"0,0000";"1556";"2549,08";"1";"0"
"Cidade Universitária";"2020";"3";"40";"2";"0,000000000000000";"0,00000000000000";"0,0000000000000000";"0,00000000000000000";"43,6453413854452";"0,0000";"1556";"2549,08";"0";"0"
"Cidade Universitária";"2021";"4";"40";"3";"0,000000000000000";"0,00000000000000";"0,0000000000000000";"0,00000000000000000";"43,6453413854452";"0,0000";"1556";"2549,08";"1";"0"
"Cidade Universitária";"2022";"2";"40";"4";"0,000000000000000";"0,00000000000000";"0,0000000000000000";"0,00000000000000000";"43,6453413854452";"0,0000";"1556";"2549,08";"1";"1"
"Cidade Universitária";"2023";"2";"40";"5";"0,000000000000000";"0,00000000000000";"0,0000000000000000";"0,00000000000000000";"43,6453413854452";"0,0000";"1556";"2549,08";"1";"1"
"Cidade Universitária";"2024";"4";"40";"6";"0,000000000000000";"0,00000000000000";"0,0000000000000000";"0,00000000000000000";"43,6453413854452";"0,0000";"1556";"2549,08";"0";"0"
"Rocha Miranda";"2019";"10";"41";"1";"0,000000000000000";"21,53312400000000";"0,0000000000000000";"0,00000000000000000";"96,5637833026668";"0,0000";"44188";"2029,86";"27";"6"
"Rocha Miranda";"2020";"18";"41";"2";"0,000000000000000";"13,64055800000000";"2,1926969999999999";"0,00000000000000000";"96,5637833026668";"0,0000";"44188";"2029,86";"12";"2"
"Rocha Miranda";"2021";"9";"41";"3";"0,000000000000000";"21,53312400000000";"2,1926969999999999";"0,00000000000000000";"96,5637833026668";"0,0000";"44188";"2029,86";"12";"1"
"Rocha Miranda";"2022";"8";"41";"4";"0,000000000000000";"23,14828300000000";"2,1696080000000002";"0,00000000000000000";"96,5637833026668";"0,0000";"44188";"2029,86";"10";"3"
"Rocha Miranda";"2023";"19";"41";"5";"0,000000000000000";"23,32543600000000";"2,1696080000000002";"0,00000000000000000";"96,5637833026668";"0,0000";"44188";"2029,86";"9";"5"
"Rocha Miranda";"2024";"8";"41";"6";"0,000000000000000";"23,32543600000000";"0,0000000000000000";"0,00000000000000000";"96,5637833026668";"0,0000";"44188";"2029,86";"14";"5"
"Ramos";"2019";"18";"42";"1";"0,000000000000000";"8,09816100000000";"34,0429280000000034";"0,00000000000000000";"97,8800085935207";"0,1611";"40792";"2380,26";"7";"0"
"Ramos";"2020";"14";"42";"2";"0,000000000000000";"8,09816100000000";"39,4633460000000014";"0,00000000000000000";"97,8800085935207";"0,1611";"40792";"2380,26";"6";"4"
"Ramos";"2021";"7";"42";"3";"0,000000000000000";"8,09816100000000";"34,2853929999999991";"0,00000000000000000";"97,8800085935207";"0,1611";"40792";"2380,26";"5";"3"
"Ramos";"2022";"30";"42";"4";"0,000000000000000";"9,36226200000000";"35,4064809999999994";"0,00000000000000000";"97,8800085935207";"0,1611";"40792";"2380,26";"7";"2"
"Ramos";"2023";"5";"42";"5";"0,000000000000000";"9,36226200000000";"24,3032590000000006";"0,00000000000000000";"97,8800085935207";"0,1611";"40792";"2380,26";"5";"1"
"Ramos";"2024";"9";"42";"6";"0,000000000000000";"9,36226200000000";"29,7236779999999996";"0,00000000000000000";"97,8800085935207";"0,1611";"40792";"2380,26";"5";"3"
"Realengo";"2019";"67";"43";"1";"3,842824000000000";"0,10631600000000";"17,6950390000000013";"0,30040200000000000";"94,0984758431225";"0,0787";"180123";"1932,40";"73";"15"
"Realengo";"2020";"37";"43";"2";"4,220226000000000";"0,10631600000000";"11,1979229999999994";"0,30040200000000000";"94,0984758431225";"0,0787";"180123";"1932,40";"54";"6"
"Realengo";"2021";"54";"43";"3";"4,437817000000000";"0,10631600000000";"12,8436830000000004";"0,30040200000000000";"94,0984758431225";"0,0787";"180123";"1932,40";"75";"19"
"Realengo";"2022";"55";"43";"4";"4,437817000000000";"0,10631600000000";"13,3351609999999994";"0,30040200000000000";"94,0984758431225";"0,0787";"180123";"1932,40";"55";"19"
"Realengo";"2023";"56";"43";"5";"5,252650000000000";"2,07795300000000";"9,8180969999999999";"0,30040200000000000";"94,0984758431225";"0,0787";"180123";"1932,40";"44";"21"
"Realengo";"2024";"57";"43";"6";"7,121688000000000";"1,88686500000000";"8,2539189999999998";"0,30040200000000000";"94,0984758431225";"0,0787";"180123";"1932,40";"25";"9"
"Vila Kosmos";"2019";"1";"44";"1";"0,000000000000000";"45,08988300000000";"13,2180309999999999";"0,00000000000000000";"99,3141155406336";"0,1332";"18274";"2695,76";"1";"0"
"Vila Kosmos";"2020";"2";"44";"2";"0,000000000000000";"47,25768400000000";"13,2180309999999999";"0,00000000000000000";"99,3141155406336";"0,1332";"18274";"2695,76";"1";"0"
"Vila Kosmos";"2021";"1";"44";"3";"0,000000000000000";"48,10607000000000";"13,2180309999999999";"0,00000000000000000";"99,3141155406336";"0,1332";"18274";"2695,76";"0";"0"
"Vila Kosmos";"2022";"2";"44";"4";"0,000000000000000";"61,69883700000000";"13,2180309999999999";"0,00000000000000000";"99,3141155406336";"0,1332";"18274";"2695,76";"25";"7"
"Vila Kosmos";"2023";"1";"44";"5";"0,000000000000000";"74,91686900000001";"0,0000000000000000";"0,00000000000000000";"99,3141155406336";"0,1332";"18274";"2695,76";"12";"4"
"Vila Kosmos";"2024";"4";"44";"6";"0,000000000000000";"74,91686900000001";"0,0000000000000000";"0,00000000000000000";"99,3141155406336";"0,1332";"18274";"2695,76";"17";"11"
"Marechal Hermes";"2019";"24";"45";"1";"0,000000000000000";"6,38638800000000";"1,7237730000000000";"1,09027800000000008";"93,1505597922081";"0,1936";"48061";"2213,48";"17";"4"
"Marechal Hermes";"2020";"10";"45";"2";"0,000000000000000";"2,53235800000000";"5,3268440000000004";"4,94430700000000023";"93,1505597922081";"0,1936";"48061";"2213,48";"11";"4"
"Marechal Hermes";"2021";"5";"45";"3";"0,000000000000000";"2,53235800000000";"4,1469649999999998";"4,94430700000000023";"93,1505597922081";"0,1936";"48061";"2213,48";"10";"1"
"Marechal Hermes";"2022";"17";"45";"4";"0,000000000000000";"1,72069600000000";"1,7246150000000000";"5,75596900000000034";"93,1505597922081";"0,1936";"48061";"2213,48";"8";"1"
"Marechal Hermes";"2023";"10";"45";"5";"0,000000000000000";"1,72069600000000";"4,7025220000000001";"4,67952499999999993";"93,1505597922081";"0,1936";"48061";"2213,48";"4";"1"
"Marechal Hermes";"2024";"14";"45";"6";"0,000000000000000";"1,72069600000000";"3,5605989999999998";"5,75596900000000034";"93,1505597922081";"0,1936";"48061";"2213,48";"4";"2"
"Vicente de Carvalho";"2019";"26";"46";"1";"0,000000000000000";"38,84047400000000";"0,0045390000000000";"0,00732699999999999";"98,8875988539541";"0,0000";"24964";"1841,79";"74";"13"
"Vicente de Carvalho";"2020";"20";"46";"2";"0,000000000000000";"38,84047400000000";"0,0045390000000000";"0,00732699999999999";"98,8875988539541";"0,0000";"24964";"1841,79";"70";"12"
"Vicente de Carvalho";"2021";"13";"46";"3";"0,000000000000000";"38,84047400000000";"0,0045390000000000";"0,00732699999999999";"98,8875988539541";"0,0000";"24964";"1841,79";"35";"6"
"Vicente de Carvalho";"2022";"27";"46";"4";"0,000000000000000";"39,02521200000000";"0,0045390000000000";"0,00732699999999999";"98,8875988539541";"0,0000";"24964";"1841,79";"62";"17"
"Vicente de Carvalho";"2023";"16";"46";"5";"0,000000000000000";"39,02521200000000";"0,0000000000000000";"0,00732699999999999";"98,8875988539541";"0,0000";"24964";"1841,79";"55";"10"
"Vicente de Carvalho";"2024";"18";"46";"6";"0,000000000000000";"39,02521200000000";"0,0000000000000000";"0,00732699999999999";"98,8875988539541";"0,0000";"24964";"1841,79";"29";"10"
"Paciência";"2019";"6";"47";"1";"0,000000000000000";"1,32552400000000";"31,1788039999999995";"0,00000000000000000";"86,9402604477964";"0,2453";"94626";"1413,97";"2";"1"
"Paciência";"2020";"3";"47";"2";"0,000000000000000";"0,26196400000000";"31,2016040000000032";"0,00000000000000000";"86,9402604477964";"0,2453";"94626";"1413,97";"1";"1"
"Paciência";"2021";"5";"47";"3";"0,000000000000000";"0,26196400000000";"32,8522639999999981";"0,00000000000000000";"86,9402604477964";"0,2453";"94626";"1413,97";"11";"1"
"Paciência";"2022";"5";"47";"4";"0,000000000000000";"0,26196400000000";"27,3146570000000004";"0,00000000000000000";"86,9402604477964";"0,2453";"94626";"1413,97";"6";"0"
"Paciência";"2023";"11";"47";"5";"0,000000000000000";"0,26196400000000";"32,0192419999999984";"0,00000000000000000";"86,9402604477964";"0,2453";"94626";"1413,97";"12";"6"
"Paciência";"2024";"5";"47";"6";"0,000000000000000";"0,00000000000000";"32,6912739999999999";"0,00000000000000000";"86,9402604477964";"0,2453";"94626";"1413,97";"6";"1"
"Engenho da Rainha";"2019";"12";"48";"1";"0,000000000000000";"26,06848900000000";"0,0000000000000000";"0,00000000000000000";"96,6707482185867";"0,1502";"26659";"2125,80";"23";"5"
"Engenho da Rainha";"2020";"8";"48";"2";"0,000000000000000";"26,06848900000000";"0,0000000000000000";"0,00000000000000000";"96,6707482185867";"0,1502";"26659";"2125,80";"11";"4"
"Engenho da Rainha";"2021";"5";"48";"3";"0,000000000000000";"26,06848900000000";"0,0000000000000000";"0,00000000000000000";"96,6707482185867";"0,1502";"26659";"2125,80";"5";"1"
"Engenho da Rainha";"2022";"2";"48";"4";"0,000000000000000";"26,06848900000000";"0,0000000000000000";"0,00000000000000000";"96,6707482185867";"0,1502";"26659";"2125,80";"11";"4"
"Engenho da Rainha";"2023";"4";"48";"5";"0,000000000000000";"22,61150100000000";"0,0000000000000000";"0,00000000000000000";"96,6707482185867";"0,1502";"26659";"2125,80";"10";"4"
"Engenho da Rainha";"2024";"5";"48";"6";"0,000000000000000";"26,06848900000000";"0,0000000000000000";"0,00000000000000000";"96,6707482185867";"0,1502";"26659";"2125,80";"12";"7"
"Complexo do Alemão";"2019";"19";"49";"1";"0,000000000000000";"67,56864100000000";"0,0000000000000000";"0,00000000000000000";"96,7217308304820";"0,2309";"69143";"1187,34";"275";"71"
"Complexo do Alemão";"2020";"0";"49";"2";"0,000000000000000";"67,56864100000000";"0,0000000000000000";"0,00000000000000000";"96,7217308304820";"0,2309";"69143";"1187,34";"121";"19"
"Complexo do Alemão";"2021";"6";"49";"3";"0,000000000000000";"67,56864100000000";"0,0000000000000000";"0,00000000000000000";"96,7217308304820";"0,2309";"69143";"1187,34";"82";"21"
"Complexo do Alemão";"2022";"4";"49";"4";"0,000000000000000";"67,74433900000000";"0,0000000000000000";"0,00000000000000000";"96,7217308304820";"0,2309";"69143";"1187,34";"37";"14"
"Complexo do Alemão";"2023";"2";"49";"5";"0,000000000000000";"66,73264300000000";"0,0000000000000000";"0,00000000000000000";"96,7217308304820";"0,2309";"69143";"1187,34";"18";"8"
"Complexo do Alemão";"2024";"1";"49";"6";"0,000000000000000";"66,73264300000000";"0,0000000000000000";"0,00000000000000000";"96,7217308304820";"0,2309";"69143";"1187,34";"16";"10"
"Vaz Lobo";"2019";"8";"50";"1";"0,000000000000000";"2,84215400000000";"5,5161110000000004";"10,65140199999999915";"97,3524549845280";"0,0269";"15167";"1929,43";"22";"6"
"Vaz Lobo";"2020";"5";"50";"2";"0,000000000000000";"2,84215400000000";"5,5161110000000004";"10,65140199999999915";"97,3524549845280";"0,0269";"15167";"1929,43";"9";"1"
"Vaz Lobo";"2021";"2";"50";"3";"0,000000000000000";"2,84215400000000";"5,5161110000000004";"10,65140199999999915";"97,3524549845280";"0,0269";"15167";"1929,43";"5";"1"
"Vaz Lobo";"2022";"7";"50";"4";"0,000000000000000";"2,84215400000000";"0,4328270000000000";"10,65140199999999915";"97,3524549845280";"0,0269";"15167";"1929,43";"10";"2"
"Vaz Lobo";"2023";"4";"50";"5";"0,000000000000000";"2,84215400000000";"0,0000000000000000";"10,65140199999999915";"97,3524549845280";"0,0269";"15167";"1929,43";"9";"2"
"Vaz Lobo";"2024";"5";"50";"6";"0,000000000000000";"2,84215400000000";"5,0832839999999999";"10,65140199999999915";"97,3524549845280";"0,0269";"15167";"1929,43";"2";"0"
"Padre Miguel";"2019";"21";"51";"1";"22,203547000000000";"0,44815600000000";"10,0585009999999997";"0,00000000000000000";"97,8097682100136";"0,2662";"64228";"1925,24";"47";"7"
"Padre Miguel";"2020";"9";"51";"2";"22,203547000000000";"0,44815600000000";"10,0585009999999997";"0,00000000000000000";"97,8097682100136";"0,2662";"64228";"1925,24";"39";"7"
"Padre Miguel";"2021";"1";"51";"3";"22,203547000000000";"0,44815600000000";"11,7396960000000004";"0,00000000000000000";"97,8097682100136";"0,2662";"64228";"1925,24";"37";"10"
"Padre Miguel";"2022";"8";"51";"4";"21,660330999999999";"0,44815600000000";"10,0585009999999997";"0,00000000000000000";"97,8097682100136";"0,2662";"64228";"1925,24";"11";"1"
"Padre Miguel";"2023";"10";"51";"5";"21,660330999999999";"0,44815600000000";"10,0585009999999997";"0,00000000000000000";"97,8097682100136";"0,2662";"64228";"1925,24";"22";"6"
"Padre Miguel";"2024";"5";"51";"6";"19,808198999999998";"0,44815600000000";"11,7396960000000004";"0,00000000000000000";"97,8097682100136";"0,2662";"64228";"1925,24";"15";"2"
"Bento Ribeiro";"2019";"6";"52";"1";"0,000000000000000";"0,27289700000000";"1,2444280000000001";"0,00000000000000000";"97,8286928290102";"0,0190";"43707";"2545,85";"8";"1"
"Bento Ribeiro";"2020";"5";"52";"2";"0,000000000000000";"0,27289700000000";"18,2706039999999987";"0,00000000000000000";"97,8286928290102";"0,0190";"43707";"2545,85";"5";"1"
"Bento Ribeiro";"2021";"2";"52";"3";"0,000000000000000";"0,27289700000000";"21,7260540000000013";"0,00000000000000000";"97,8286928290102";"0,0190";"43707";"2545,85";"9";"0"
"Bento Ribeiro";"2022";"2";"52";"4";"0,000000000000000";"0,27289700000000";"10,4073209999999996";"0,00000000000000000";"97,8286928290102";"0,0190";"43707";"2545,85";"7";"0"
"Bento Ribeiro";"2023";"3";"52";"5";"0,000000000000000";"0,27289700000000";"12,5742539999999980";"0,00000000000000000";"97,8286928290102";"0,0190";"43707";"2545,85";"7";"0"
"Bento Ribeiro";"2024";"3";"52";"6";"0,000000000000000";"0,27289700000000";"5,7160140000000004";"0,00000000000000000";"97,8286928290102";"0,0190";"43707";"2545,85";"1";"0"
"Turiaçú";"2019";"1";"53";"1";"0,000000000000000";"30,56795900000000";"0,2137010000000000";"0,00000000000000000";"96,2032276781992";"0,0000";"17246";"2084,27";"4";"2"
"Turiaçú";"2020";"3";"53";"2";"0,000000000000000";"30,54447700000000";"0,2137010000000000";"0,00000000000000000";"96,2032276781992";"0,0000";"17246";"2084,27";"0";"0"
"Turiaçú";"2021";"5";"53";"3";"0,000000000000000";"31,40777300000000";"0,2137010000000000";"0,00000000000000000";"96,2032276781992";"0,0000";"17246";"2084,27";"0";"0"
"Turiaçú";"2022";"5";"53";"4";"0,000000000000000";"31,40777300000000";"0,2137010000000000";"0,00000000000000000";"96,2032276781992";"0,0000";"17246";"2084,27";"3";"3"
"Turiaçú";"2023";"4";"53";"5";"0,000000000000000";"34,53647300000000";"0,0000000000000000";"0,00000000000000000";"96,2032276781992";"0,0000";"17246";"2084,27";"3";"1"
"Turiaçú";"2024";"2";"53";"6";"0,000000000000000";"33,78234200000000";"0,0000000000000000";"0,00000000000000000";"96,2032276781992";"0,0000";"17246";"2084,27";"3";"1"
"Bonsucesso";"2019";"25";"54";"1";"0,000000000000000";"1,78507900000000";"0,0000000000000000";"0,00000000000000000";"89,5559313531074";"0,1151";"18711";"2464,27";"32";"9"
"Bonsucesso";"2020";"28";"54";"2";"0,000000000000000";"1,78507900000000";"17,1337629999999983";"0,00000000000000000";"89,5559313531074";"0,1151";"18711";"2464,27";"13";"2"
"Bonsucesso";"2021";"16";"54";"3";"0,000000000000000";"1,78507900000000";"17,1337629999999983";"0,00000000000000000";"89,5559313531074";"0,1151";"18711";"2464,27";"10";"0"
"Bonsucesso";"2022";"27";"54";"4";"0,000000000000000";"1,79910100000000";"11,4894879999999997";"0,00000000000000000";"89,5559313531074";"0,1151";"18711";"2464,27";"12";"5"
"Bonsucesso";"2023";"19";"54";"5";"0,000000000000000";"1,79910100000000";"0,0000000000000000";"0,00000000000000000";"89,5559313531074";"0,1151";"18711";"2464,27";"8";"5"
"Bonsucesso";"2024";"17";"54";"6";"0,000000000000000";"1,79910100000000";"0,0000000000000000";"0,00000000000000000";"89,5559313531074";"0,1151";"18711";"2464,27";"10";"6"
"Inhaúma";"2019";"14";"55";"1";"0,000000000000000";"8,59948700000000";"28,7017440000000015";"0,00000000000000000";"96,3096117080283";"0,0876";"45698";"1797,39";"7";"4"
"Inhaúma";"2020";"8";"55";"2";"0,000000000000000";"8,59948700000000";"28,7017440000000015";"0,00000000000000000";"96,3096117080283";"0,0876";"45698";"1797,39";"8";"4"
"Inhaúma";"2021";"6";"55";"3";"0,000000000000000";"8,59948700000000";"28,7017440000000015";"0,00000000000000000";"96,3096117080283";"0,0876";"45698";"1797,39";"7";"1"
"Inhaúma";"2022";"12";"55";"4";"0,000000000000000";"8,59948700000000";"28,7017440000000015";"0,00000000000000000";"96,3096117080283";"0,0876";"45698";"1797,39";"11";"0"
"Inhaúma";"2023";"10";"55";"5";"0,000000000000000";"5,35891500000000";"9,7059060000000006";"0,00000000000000000";"96,3096117080283";"0,0876";"45698";"1797,39";"7";"0"
"Inhaúma";"2024";"7";"55";"6";"0,000000000000000";"5,35891500000000";"28,7017440000000015";"0,00000000000000000";"96,3096117080283";"0,0876";"45698";"1797,39";"7";"5"
"Tomás Coelho";"2019";"9";"56";"1";"6,595944000000000";"5,71205300000000";"0,0000000000000000";"3,05279799999999968";"95,4452468803020";"0,1079";"22676";"1981,95";"17";"6"
"Tomás Coelho";"2020";"12";"56";"2";"2,753635000000000";"5,74260100000000";"0,0000000000000000";"6,86455899999999897";"95,4452468803020";"0,1079";"22676";"1981,95";"10";"0"
"Tomás Coelho";"2021";"10";"56";"3";"2,753635000000000";"5,74260100000000";"0,0000000000000000";"13,64922299999999922";"95,4452468803020";"0,1079";"22676";"1981,95";"14";"4"
"Tomás Coelho";"2022";"14";"56";"4";"2,387398000000000";"4,93014000000000";"1,1786980000000000";"13,64922299999999922";"95,4452468803020";"0,1079";"22676";"1981,95";"10";"4"
"Tomás Coelho";"2023";"10";"56";"5";"2,387398000000000";"4,93014000000000";"1,1786980000000000";"13,64922299999999922";"95,4452468803020";"0,1079";"22676";"1981,95";"5";"1"
"Tomás Coelho";"2024";"5";"56";"6";"1,418863000000000";"5,89867500000000";"1,1786980000000000";"13,64922299999999922";"95,4452468803020";"0,1079";"22676";"1981,95";"10";"2"
"Santíssimo";"2019";"12";"57";"1";"0,000000000000000";"0,00000000000000";"20,7089950000000016";"1,52892399999999995";"92,9246497797923";"0,1325";"41458";"1680,72";"11";"2"
"Santíssimo";"2020";"5";"57";"2";"0,000000000000000";"0,00000000000000";"16,0797670000000004";"1,52892399999999995";"92,9246497797923";"0,1325";"41458";"1680,72";"11";"2"
"Santíssimo";"2021";"6";"57";"3";"0,000000000000000";"0,00000000000000";"13,8128039999999999";"1,52892399999999995";"92,9246497797923";"0,1325";"41458";"1680,72";"9";"1"
"Santíssimo";"2022";"6";"57";"4";"0,000000000000000";"0,00000000000000";"14,7066689999999998";"1,52892399999999995";"92,9246497797923";"0,1325";"41458";"1680,72";"8";"3"
"Santíssimo";"2023";"2";"57";"5";"0,000000000000000";"0,00000000000000";"10,0864150000000006";"1,52892399999999995";"92,9246497797923";"0,1325";"41458";"1680,72";"2";"1"
"Santíssimo";"2024";"8";"57";"6";"0,000000000000000";"0,00000000000000";"13,2278470000000006";"1,52892399999999995";"92,9246497797923";"0,1325";"41458";"1680,72";"2";"1"
"Madureira";"2019";"29";"58";"1";"0,000000000000000";"5,41439000000000";"36,4152729999999991";"9,06297200000000025";"95,2090615085235";"0,0286";"50106";"2391,05";"110";"38"
"Madureira";"2020";"21";"58";"2";"0,000000000000000";"5,41439000000000";"37,9371309999999937";"9,06297200000000025";"95,2090615085235";"0,0286";"50106";"2391,05";"48";"24"
"Madureira";"2021";"19";"58";"3";"0,000000000000000";"6,40096600000000";"37,9371309999999937";"9,06297200000000025";"95,2090615085235";"0,0286";"50106";"2391,05";"75";"19"
"Madureira";"2022";"11";"58";"4";"0,000000000000000";"6,40096600000000";"43,4166039999999995";"8,96386900000000075";"95,2090615085235";"0,0286";"50106";"2391,05";"47";"30"
"Madureira";"2023";"28";"58";"5";"0,000000000000000";"6,40096600000000";"32,7131100000000004";"8,96386900000000075";"95,2090615085235";"0,0286";"50106";"2391,05";"48";"22"
"Madureira";"2024";"15";"58";"6";"0,000000000000000";"5,49228600000000";"18,2214639999999974";"8,96386900000000075";"95,2090615085235";"0,0286";"50106";"2391,05";"27";"10"
"Oswaldo Cruz";"2019";"4";"59";"1";"0,000000000000000";"0,30071400000000";"13,9294030000000006";"0,00000000000000000";"94,2196026354141";"0,0488";"34040";"2330,83";"4";"0"
"Oswaldo Cruz";"2020";"5";"59";"2";"0,000000000000000";"0,30071400000000";"16,7923389999999984";"0,00000000000000000";"94,2196026354141";"0,0488";"34040";"2330,83";"2";"0"
"Oswaldo Cruz";"2021";"0";"59";"3";"0,000000000000000";"0,30071400000000";"13,9294030000000006";"0,00000000000000000";"94,2196026354141";"0,0488";"34040";"2330,83";"2";"0"
"Oswaldo Cruz";"2022";"4";"59";"4";"0,000000000000000";"0,30071400000000";"6,8030119999999998";"0,00000000000000000";"94,2196026354141";"0,0488";"34040";"2330,83";"3";"0"
"Oswaldo Cruz";"2023";"4";"59";"5";"0,000000000000000";"0,30071400000000";"6,7931439999999998";"0,00000000000000000";"94,2196026354141";"0,0488";"34040";"2330,83";"4";"1"
"Oswaldo Cruz";"2024";"2";"59";"6";"0,000000000000000";"0,30071400000000";"3,0942919999999998";"0,00000000000000000";"94,2196026354141";"0,0488";"34040";"2330,83";"0";"0"
"Santa Cruz";"2019";"25";"60";"1";"0,000000000000000";"0,37551100000000";"17,3927030000000009";"0,00000000000000000";"87,9377961693862";"0,0959";"217333";"1472,35";"15";"2"
"Santa Cruz";"2020";"19";"60";"2";"0,000000000000000";"0,37551100000000";"17,6902210000000011";"0,00000000000000000";"87,9377961693862";"0,0959";"217333";"1472,35";"16";"2"
"Santa Cruz";"2021";"34";"60";"3";"0,000000000000000";"0,37551100000000";"17,4882230000000014";"0,00000000000000000";"87,9377961693862";"0,0959";"217333";"1472,35";"34";"4"
"Santa Cruz";"2022";"26";"60";"4";"0,000000000000000";"0,06647100000000";"17,7086080000000017";"0,00000000000000000";"87,9377961693862";"0,0959";"217333";"1472,35";"20";"1"
"Santa Cruz";"2023";"53";"60";"5";"0,000000000000000";"0,02041800000000";"17,9624120000000005";"0,00000000000000000";"87,9377961693862";"0,0959";"217333";"1472,35";"31";"3"
"Santa Cruz";"2024";"38";"60";"6";"0,000000000000000";"0,02041800000000";"16,2858179999999990";"0,00000000000000000";"87,9377961693862";"0,0959";"217333";"1472,35";"21";"5"
"Magalhães Bastos";"2019";"10";"61";"1";"4,483497000000000";"0,00000000000000";"18,8365660000000013";"0,00000000000000000";"94,3112462339100";"0,2211";"24430";"1941,94";"6";"4"
"Magalhães Bastos";"2020";"3";"61";"2";"4,483497000000000";"0,00000000000000";"18,8365660000000013";"0,00000000000000000";"94,3112462339100";"0,2211";"24430";"1941,94";"2";"0"
"Magalhães Bastos";"2021";"4";"61";"3";"4,483497000000000";"0,00000000000000";"18,7404839999999986";"0,00000000000000000";"94,3112462339100";"0,2211";"24430";"1941,94";"2";"1"
"Magalhães Bastos";"2022";"5";"61";"4";"4,483497000000000";"0,00000000000000";"18,7404839999999986";"0,00000000000000000";"94,3112462339100";"0,2211";"24430";"1941,94";"4";"1"
"Magalhães Bastos";"2023";"0";"61";"5";"4,483497000000000";"0,00000000000000";"18,8365660000000013";"0,00000000000000000";"94,3112462339100";"0,2211";"24430";"1941,94";"2";"1"
"Magalhães Bastos";"2024";"3";"61";"6";"4,559466000000000";"0,00000000000000";"20,6350179999999988";"0,00000000000000000";"94,3112462339100";"0,2211";"24430";"1941,94";"1";"1"
"Senador Camará";"2019";"37";"62";"1";"0,424782934780985";"1,02597272183741";"0,2652466922590820";"13,88532870247045281";"94,5031757835731";"0,3656";"105515";"1527,66";"75";"27"
"Senador Camará";"2020";"16";"62";"2";"0,424782934780985";"1,02597272183741";"0,2652466922590820";"13,88532870247045281";"94,5031757835731";"0,3656";"105515";"1527,66";"34";"13"
"Senador Camará";"2021";"19";"62";"3";"0,302562035477546";"1,02597272183741";"0,2652466922590820";"14,00754960177389030";"94,5031757835731";"0,3656";"105515";"1527,66";"40";"17"
"Senador Camará";"2022";"17";"62";"4";"0,302562035477546";"1,02597272183741";"0,0849516801416563";"14,23018060974773924";"94,5031757835731";"0,3656";"105515";"1527,66";"27";"8"
"Senador Camará";"2023";"26";"62";"5";"0,302562035477546";"1,02597272183741";"0,0849516801416563";"14,23018060974773924";"94,5031757835731";"0,3656";"105515";"1527,66";"22";"7"
"Senador Camará";"2024";"17";"62";"6";"0,302562035477546";"1,02597272183741";"0,0426156842852357";"14,23018060974773924";"94,5031757835731";"0,3656";"105515";"1527,66";"10";"4"
"Cavalcanti";"2019";"12";"63";"1";"0,736554000000000";"0,00000000000000";"10,7079409999999999";"15,19945500000000038";"96,1215913642796";"0,1315";"16141";"1649,89";"20";"7"
"Cavalcanti";"2020";"5";"63";"2";"0,689526000000000";"0,00000000000000";"6,0986209999999996";"15,24648400000000059";"96,1215913642796";"0,1315";"16141";"1649,89";"5";"1"
"Cavalcanti";"2021";"8";"63";"3";"0,689526000000000";"0,00000000000000";"13,7872160000000008";"25,00461500000000115";"96,1215913642796";"0,1315";"16141";"1649,89";"6";"1"
"Cavalcanti";"2022";"2";"63";"4";"0,689526000000000";"0,00000000000000";"8,5158079999999998";"25,00461500000000115";"96,1215913642796";"0,1315";"16141";"1649,89";"8";"2"
"Cavalcanti";"2023";"10";"63";"5";"0,689526000000000";"0,00000000000000";"3,7992360000000001";"25,00461500000000115";"96,1215913642796";"0,1315";"16141";"1649,89";"6";"3"
"Cavalcanti";"2024";"12";"63";"6";"0,689526000000000";"0,00000000000000";"3,7992360000000001";"25,00461500000000115";"96,1215913642796";"0,1315";"16141";"1649,89";"13";"9"
"Campo dos Afonsos";"2019";"0";"64";"1";"0,000000000000000";"0,00000000000000";"0,0000000000000000";"0,00000000000000000";"99,8500831693263";"0,0000";"1365";"6185,07";"0";"0"
"Campo dos Afonsos";"2020";"0";"64";"2";"0,000000000000000";"0,00000000000000";"0,0000000000000000";"0,00000000000000000";"99,8500831693263";"0,0000";"1365";"6185,07";"0";"0"
"Campo dos Afonsos";"2021";"0";"64";"3";"0,000000000000000";"0,00000000000000";"0,0000000000000000";"0,00000000000000000";"99,8500831693263";"0,0000";"1365";"6185,07";"1";"0"
"Campo dos Afonsos";"2022";"0";"64";"4";"0,000000000000000";"0,00000000000000";"0,0000000000000000";"0,00000000000000000";"99,8500831693263";"0,0000";"1365";"6185,07";"0";"0"
"Campo dos Afonsos";"2023";"1";"64";"5";"0,000000000000000";"0,00000000000000";"0,0000000000000000";"0,00000000000000000";"99,8500831693263";"0,0000";"1365";"6185,07";"0";"0"
"Campo dos Afonsos";"2024";"0";"64";"6";"0,000000000000000";"0,00000000000000";"0,0000000000000000";"0,00000000000000000";"99,8500831693263";"0,0000";"1365";"6185,07";"0";"0"
"Higienópolis";"2019";"2";"65";"1";"0,000000000000000";"0,99544400000000";"1,5938909999999999";"0,00000000000000000";"99,1708152840529";"0,1291";"15734";"2881,83";"3";"2"
"Higienópolis";"2020";"2";"65";"2";"0,000000000000000";"0,99544400000000";"1,5938909999999999";"0,00000000000000000";"99,1708152840529";"0,1291";"15734";"2881,83";"0";"0"
"Higienópolis";"2021";"3";"65";"3";"0,000000000000000";"0,99544400000000";"1,5938909999999999";"0,00000000000000000";"99,1708152840529";"0,1291";"15734";"2881,83";"0";"0"
"Higienópolis";"2022";"0";"65";"4";"0,000000000000000";"0,99544400000000";"1,5938909999999999";"0,00000000000000000";"99,1708152840529";"0,1291";"15734";"2881,83";"1";"1"
"Higienópolis";"2023";"2";"65";"5";"0,000000000000000";"0,99544400000000";"4,7755099999999997";"0,00000000000000000";"99,1708152840529";"0,1291";"15734";"2881,83";"0";"0"
"Higienópolis";"2024";"0";"65";"6";"0,000000000000000";"0,99544400000000";"4,7755099999999997";"0,00000000000000000";"99,1708152840529";"0,1291";"15734";"2881,83";"0";"0"
"Manguinhos";"2019";"23";"66";"1";"0,000000000000000";"14,41821600000000";"2,5113439999999998";"0,00000000000000000";"95,1977549517030";"0,3153";"36160";"1179,64";"69";"36"
"Manguinhos";"2020";"10";"66";"2";"0,000000000000000";"14,41821600000000";"2,5363319999999998";"0,00000000000000000";"95,1977549517030";"0,3153";"36160";"1179,64";"30";"8"
"Manguinhos";"2021";"8";"66";"3";"0,000000000000000";"14,41821600000000";"2,5363319999999998";"0,00000000000000000";"95,1977549517030";"0,3153";"36160";"1179,64";"21";"13"
"Manguinhos";"2022";"16";"66";"4";"0,000000000000000";"16,92956000000000";"0,0249870000000000";"0,00000000000000000";"95,1977549517030";"0,3153";"36160";"1179,64";"38";"14"
"Manguinhos";"2023";"5";"66";"5";"0,000000000000000";"18,59002200000000";"0,0249870000000000";"0,00000000000000000";"95,1977549517030";"0,3153";"36160";"1179,64";"24";"12"
"Manguinhos";"2024";"12";"66";"6";"0,000000000000000";"18,59002200000000";"0,0249870000000000";"0,00000000000000000";"95,1977549517030";"0,3153";"36160";"1179,64";"12";"8"
"Engenheiro Leal";"2019";"5";"67";"1";"0,000000000000000";"0,00000000000000";"27,2454810000000052";"9,50845999999999947";"93,7537641270037";"0,3247";"6113";"1846,77";"1";"0"
"Engenheiro Leal";"2020";"1";"67";"2";"0,000000000000000";"0,00000000000000";"13,8575750000000006";"9,50845999999999947";"93,7537641270037";"0,3247";"6113";"1846,77";"2";"0"
"Engenheiro Leal";"2021";"1";"67";"3";"0,000000000000000";"0,00000000000000";"4,1209330000000000";"9,50845999999999947";"93,7537641270037";"0,3247";"6113";"1846,77";"1";"0"
"Engenheiro Leal";"2022";"3";"67";"4";"0,000000000000000";"0,00000000000000";"27,2557830000000010";"9,50845999999999947";"93,7537641270037";"0,3247";"6113";"1846,77";"0";"0"
"Engenheiro Leal";"2023";"3";"67";"5";"0,000000000000000";"0,00000000000000";"0,0000000000000000";"9,50845999999999947";"93,7537641270037";"0,3247";"6113";"1846,77";"1";"0"
"Engenheiro Leal";"2024";"1";"67";"6";"0,000000000000000";"0,00000000000000";"3,9206870000000000";"9,50845999999999947";"93,7537641270037";"0,3247";"6113";"1846,77";"0";"0"
"Pilares";"2019";"20";"68";"1";"6,530282000000000";"10,73501500000000";"29,7615000000000016";"0,00000000000000000";"97,9940282678177";"0,0442";"27250";"2077,58";"49";"11"
"Pilares";"2020";"8";"68";"2";"0,181166000000000";"17,08413200000000";"29,9637579999999986";"0,00000000000000000";"97,9940282678177";"0,0442";"27250";"2077,58";"17";"6"
"Pilares";"2021";"3";"68";"3";"0,181166000000000";"17,08413200000000";"29,9637579999999986";"0,00000000000000000";"97,9940282678177";"0,0442";"27250";"2077,58";"16";"4"
"Pilares";"2022";"7";"68";"4";"0,181166000000000";"17,08413200000000";"32,6460209999999975";"0,00000000000000000";"97,9940282678177";"0,0442";"27250";"2077,58";"14";"5"
"Pilares";"2023";"8";"68";"5";"0,181166000000000";"17,08413200000000";"29,9637579999999986";"0,00000000000000000";"97,9940282678177";"0,0442";"27250";"2077,58";"10";"5"
"Pilares";"2024";"8";"68";"6";"0,000000000000000";"17,26529800000000";"20,9325690000000009";"0,00000000000000000";"97,9940282678177";"0,0442";"27250";"2077,58";"9";"8"
"Del Castilho";"2019";"8";"69";"1";"0,000000000000000";"1,46658100000000";"60,1076219999999992";"0,00000000000000000";"98,4556974017335";"0,0461";"15610";"2317,78";"14";"5"
"Del Castilho";"2020";"2";"69";"2";"0,000000000000000";"1,46658100000000";"60,1076219999999992";"0,00000000000000000";"98,4556974017335";"0,0461";"15610";"2317,78";"8";"1"
"Del Castilho";"2021";"3";"69";"3";"0,000000000000000";"1,46658100000000";"60,1076219999999992";"0,00000000000000000";"98,4556974017335";"0,0461";"15610";"2317,78";"8";"0"
"Del Castilho";"2022";"9";"69";"4";"0,000000000000000";"1,46658100000000";"60,1076219999999992";"0,00000000000000000";"98,4556974017335";"0,0461";"15610";"2317,78";"17";"4"
"Del Castilho";"2023";"3";"69";"5";"0,000000000000000";"1,46658100000000";"42,6608650000000011";"0,00000000000000000";"98,4556974017335";"0,0461";"15610";"2317,78";"19";"3"
"Del Castilho";"2024";"2";"69";"6";"0,000000000000000";"1,46658100000000";"60,1076189999999926";"0,00000000000000000";"98,4556974017335";"0,0461";"15610";"2317,78";"8";"0"
"Piedade";"2019";"16";"70";"1";"1,001981000000000";"0,80541500000000";"60,2608800000000002";"0,00000000000000000";"96,1341395976133";"0,1571";"43378";"2548,58";"20";"4"
"Piedade";"2020";"15";"70";"2";"0,696122000000000";"1,11127400000000";"57,5062569999999980";"0,00000000000000000";"96,1341395976133";"0,1571";"43378";"2548,58";"17";"4"
"Piedade";"2021";"17";"70";"3";"0,696122000000000";"7,53706200000000";"25,2143170000000012";"0,00000000000000000";"96,1341395976133";"0,1571";"43378";"2548,58";"10";"4"
"Piedade";"2022";"9";"70";"4";"0,002501000000000";"9,49413300000000";"7,6811400000000001";"0,00000000000000000";"96,1341395976133";"0,1571";"43378";"2548,58";"27";"8"
"Piedade";"2023";"8";"70";"5";"0,002501000000000";"9,81581200000000";"4,1421279999999996";"0,00000000000000000";"96,1341395976133";"0,1571";"43378";"2548,58";"17";"6"
"Piedade";"2024";"7";"70";"6";"0,002501000000000";"9,81581200000000";"14,2351670000000006";"0,00000000000000000";"96,1341395976133";"0,1571";"43378";"2548,58";"18";"9"
"Cascadura";"2019";"4";"71";"1";"0,000000000000000";"0,00000000000000";"79,2906279999999981";"0,00000000000000000";"93,1679470590975";"0,1115";"34456";"2346,72";"7";"2"
"Cascadura";"2020";"16";"71";"2";"0,000000000000000";"0,00000000000000";"68,6888589999999937";"0,00000000000000000";"93,1679470590975";"0,1115";"34456";"2346,72";"19";"3"
"Cascadura";"2021";"8";"71";"3";"0,000000000000000";"0,00000000000000";"62,2609720000000024";"0,00000000000000000";"93,1679470590975";"0,1115";"34456";"2346,72";"26";"2"
"Cascadura";"2022";"18";"71";"4";"0,000000000000000";"0,44668400000000";"78,8439429999999959";"0,00000000000000000";"93,1679470590975";"0,1115";"34456";"2346,72";"55";"1"
"Cascadura";"2023";"20";"71";"5";"0,000000000000000";"0,44668400000000";"47,1308799999999977";"0,00000000000000000";"93,1679470590975";"0,1115";"34456";"2346,72";"57";"9"
"Cascadura";"2024";"7";"71";"6";"0,000000000000000";"0,44668400000000";"33,8163890000000009";"4,92141699999999993";"93,1679470590975";"0,1115";"34456";"2346,72";"47";"10"
"Vila Valqueire";"2019";"0";"72";"1";"0,000000000000000";"0,00000000000000";"30,8625819999999997";"0,00000000000000000";"95,6654015922961";"0,0314";"32279";"4092,15";"6";"1"
"Vila Valqueire";"2020";"2";"72";"2";"0,000000000000000";"0,00000000000000";"30,8625819999999997";"0,00000000000000000";"95,6654015922961";"0,0314";"32279";"4092,15";"10";"0"
"Vila Valqueire";"2021";"2";"72";"3";"0,000000000000000";"0,00000000000000";"30,8634820000000012";"0,00000000000000000";"95,6654015922961";"0,0314";"32279";"4092,15";"5";"1"
"Vila Valqueire";"2022";"1";"72";"4";"0,000000000000000";"0,00000000000000";"30,8634820000000012";"0,00000000000000000";"95,6654015922961";"0,0314";"32279";"4092,15";"4";"1"
"Vila Valqueire";"2023";"7";"72";"5";"0,000000000000000";"0,00000000000000";"30,8625819999999997";"0,00000000000000000";"95,6654015922961";"0,0314";"32279";"4092,15";"9";"4"
"Vila Valqueire";"2024";"4";"72";"6";"0,000000000000000";"2,91319500000000";"2,5945909999999999";"0,00000000000000000";"95,6654015922961";"0,0314";"32279";"4092,15";"7";"0"
"Maria da Graça";"2019";"1";"73";"1";"0,000000000000000";"0,00000000000000";"0,0000000000000000";"0,00000000000000000";"95,4854371982713";"0,0000";"7972";"3180,91";"2";"0"
"Maria da Graça";"2020";"1";"73";"2";"0,000000000000000";"0,00000000000000";"0,0000000000000000";"0,00000000000000000";"95,4854371982713";"0,0000";"7972";"3180,91";"0";"0"
"Maria da Graça";"2021";"0";"73";"3";"0,000000000000000";"0,00000000000000";"0,0000000000000000";"0,00000000000000000";"95,4854371982713";"0,0000";"7972";"3180,91";"3";"0"
"Maria da Graça";"2022";"2";"73";"4";"0,000000000000000";"0,00000000000000";"0,0000000000000000";"0,00000000000000000";"95,4854371982713";"0,0000";"7972";"3180,91";"4";"0"
"Maria da Graça";"2023";"2";"73";"5";"0,000000000000000";"0,00000000000000";"0,0000000000000000";"0,00000000000000000";"95,4854371982713";"0,0000";"7972";"3180,91";"1";"1"
"Maria da Graça";"2024";"0";"73";"6";"0,000000000000000";"0,00000000000000";"0,0000000000000000";"0,00000000000000000";"95,4854371982713";"0,0000";"7972";"3180,91";"0";"0"
"Quintino Bocaiúva";"2019";"8";"74";"1";"1,835641000000000";"0,00000000000000";"40,7503760000000028";"0,00000000000000000";"94,8145667827980";"0,0604";"31185";"2459,04";"26";"8"
"Quintino Bocaiúva";"2020";"2";"74";"2";"0,387496000000000";"0,00000000000000";"38,2832579999999965";"0,00000000000000000";"94,8145667827980";"0,0604";"31185";"2459,04";"53";"4"
"Quintino Bocaiúva";"2021";"19";"74";"3";"0,387496000000000";"1,45842500000000";"37,7514940000000010";"0,00000000000000000";"94,8145667827980";"0,0604";"31185";"2459,04";"48";"13"
"Quintino Bocaiúva";"2022";"4";"74";"4";"0,387496000000000";"1,52655000000000";"32,7954330000000027";"0,00000000000000000";"94,8145667827980";"0,0604";"31185";"2459,04";"30";"7"
"Quintino Bocaiúva";"2023";"7";"74";"5";"0,387496000000000";"3,51345400000000";"21,4283940000000008";"0,00000000000000000";"94,8145667827980";"0,0604";"31185";"2459,04";"9";"4"
"Quintino Bocaiúva";"2024";"7";"74";"6";"0,387496000000000";"3,51345400000000";"21,7150059999999989";"0,00000000000000000";"94,8145667827980";"0,0604";"31185";"2459,04";"6";"1"
"Jardim Sulacap";"2019";"1";"75";"1";"0,000000000000000";"0,00000000000000";"1,0995299999999999";"0,00000000000000000";"92,8969620289800";"0,0073";"13062";"4033,40";"0";"0"
"Jardim Sulacap";"2020";"1";"75";"2";"0,000000000000000";"0,00000000000000";"1,0995299999999999";"0,00000000000000000";"92,8969620289800";"0,0073";"13062";"4033,40";"3";"0"
"Jardim Sulacap";"2021";"1";"75";"3";"0,000000000000000";"0,00000000000000";"1,0995299999999999";"0,00000000000000000";"92,8969620289800";"0,0073";"13062";"4033,40";"3";"1"
"Jardim Sulacap";"2022";"1";"75";"4";"0,000000000000000";"0,00000000000000";"0,2156570000000000";"0,00000000000000000";"92,8969620289800";"0,0073";"13062";"4033,40";"3";"1"
"Jardim Sulacap";"2023";"0";"75";"5";"0,000000000000000";"0,00000000000000";"1,0995299999999999";"0,00000000000000000";"92,8969620289800";"0,0073";"13062";"4033,40";"0";"0"
"Jardim Sulacap";"2024";"1";"75";"6";"0,000000000000000";"0,00000000000000";"0,8254660000000000";"0,00000000000000000";"92,8969620289800";"0,0073";"13062";"4033,40";"1";"0"
"Campinho";"2019";"0";"76";"1";"0,000000000000000";"0,00000000000000";"72,3180179999999808";"0,00000000000000000";"92,6262434216586";"0,1543";"10156";"3081,85";"13";"0"
"Campinho";"2020";"3";"76";"2";"0,000000000000000";"0,00000000000000";"72,3180179999999808";"0,00000000000000000";"92,6262434216586";"0,1543";"10156";"3081,85";"6";"1"
"Campinho";"2021";"1";"76";"3";"0,000000000000000";"0,00000000000000";"72,3180179999999808";"0,00000000000000000";"92,6262434216586";"0,1543";"10156";"3081,85";"9";"3"
"Campinho";"2022";"3";"76";"4";"0,000000000000000";"0,00000000000000";"71,3559280000000058";"0,00000000000000000";"92,6262434216586";"0,1543";"10156";"3081,85";"47";"8"
"Campinho";"2023";"8";"76";"5";"0,000000000000000";"0,00000000000000";"68,2148509999999959";"0,00000000000000000";"92,6262434216586";"0,1543";"10156";"3081,85";"46";"4"
"Campinho";"2024";"7";"76";"6";"0,000000000000000";"0,00000000000000";"18,6777850000000001";"2,25009199999999998";"92,6262434216586";"0,1543";"10156";"3081,85";"36";"5"
"Abolição";"2019";"1";"77";"1";"2,792102000000000";"0,00000000000000";"10,8269359999999999";"0,00000000000000000";"99,3100042622797";"0,0000";"11356";"2973,02";"2";"1"
"Abolição";"2020";"1";"77";"2";"0,000000000000000";"2,79210200000000";"26,7040979999999983";"0,00000000000000000";"99,3100042622797";"0,0000";"11356";"2973,02";"0";"0"
"Abolição";"2021";"0";"77";"3";"0,000000000000000";"2,79210200000000";"26,7040979999999983";"0,00000000000000000";"99,3100042622797";"0,0000";"11356";"2973,02";"3";"0"
"Abolição";"2022";"0";"77";"4";"0,000000000000000";"2,79210200000000";"26,7078300000000013";"0,00000000000000000";"99,3100042622797";"0,0000";"11356";"2973,02";"1";"0"
"Abolição";"2023";"1";"77";"5";"0,000000000000000";"2,79210200000000";"26,7078300000000013";"0,00000000000000000";"99,3100042622797";"0,0000";"11356";"2973,02";"0";"0"
"Abolição";"2024";"1";"77";"6";"0,000000000000000";"2,79210200000000";"26,7034890000000011";"0,00000000000000000";"99,3100042622797";"0,0000";"11356";"2973,02";"1";"0"
"Senador Vasconcelos";"2019";"3";"78";"1";"0,000000000000000";"0,00000000000000";"21,9902400000000000";"0,00000000000000000";"90,5309540089861";"0,0698";"30600";"1893,62";"5";"0"
"Senador Vasconcelos";"2020";"1";"78";"2";"0,000000000000000";"0,00000000000000";"21,9062109999999990";"0,00000000000000000";"90,5309540089861";"0,0698";"30600";"1893,62";"2";"0"
"Senador Vasconcelos";"2021";"3";"78";"3";"0,000000000000000";"0,00000000000000";"21,8308050000000016";"0,00000000000000000";"90,5309540089861";"0,0698";"30600";"1893,62";"0";"0"
"Senador Vasconcelos";"2022";"3";"78";"4";"0,000000000000000";"0,00000000000000";"17,1940109999999997";"0,00000000000000000";"90,5309540089861";"0,0698";"30600";"1893,62";"1";"0"
"Senador Vasconcelos";"2023";"2";"78";"5";"0,000000000000000";"0,00000000000000";"10,5571680000000008";"0,00000000000000000";"90,5309540089861";"0,0698";"30600";"1893,62";"0";"0"
"Senador Vasconcelos";"2024";"2";"78";"6";"0,000000000000000";"0,00000000000000";"11,9137150000000016";"0,00000000000000000";"90,5309540089861";"0,0698";"30600";"1893,62";"0";"0"
"Cosmos";"2019";"4";"79";"1";"0,000000000000000";"0,00000000000000";"48,9014230000000012";"0,00000000000000000";"91,1951394026352";"0,0284";"77007";"1435,12";"2";"0"
"Cosmos";"2020";"6";"79";"2";"0,000000000000000";"0,00000000000000";"49,2784229999999894";"0,00000000000000000";"91,1951394026352";"0,0284";"77007";"1435,12";"3";"0"
"Cosmos";"2021";"7";"79";"3";"0,000000000000000";"0,00000000000000";"49,7596180000000103";"0,00000000000000000";"91,1951394026352";"0,0284";"77007";"1435,12";"11";"0"
"Cosmos";"2022";"4";"79";"4";"0,000000000000000";"0,00000000000000";"49,5025490000000019";"0,00000000000000000";"91,1951394026352";"0,0284";"77007";"1435,12";"3";"0"
"Cosmos";"2023";"5";"79";"5";"0,000000000000000";"0,00000000000000";"46,7751560000000026";"0,00000000000000000";"91,1951394026352";"0,0284";"77007";"1435,12";"4";"1"
"Cosmos";"2024";"4";"79";"6";"0,000000000000000";"0,00000000000000";"46,6649260000000012";"0,00000000000000000";"91,1951394026352";"0,0284";"77007";"1435,12";"5";"0"
"Jacarezinho";"2019";"2";"80";"1";"0,000000000000000";"53,95451400000000";"0,0000000000000000";"0,00000000000000000";"94,8335571500764";"0,8848";"37839";"1163,08";"31";"18"
"Jacarezinho";"2020";"1";"80";"2";"0,000000000000000";"53,95451400000000";"0,0000000000000000";"0,00000000000000000";"94,8335571500764";"0,8848";"37839";"1163,08";"18";"6"
"Jacarezinho";"2021";"8";"80";"3";"0,000000000000000";"53,95451400000000";"0,0000000000000000";"0,00000000000000000";"94,8335571500764";"0,8848";"37839";"1163,08";"20";"10"
"Jacarezinho";"2022";"1";"80";"4";"0,000000000000000";"53,95451400000000";"0,0000000000000000";"0,00000000000000000";"94,8335571500764";"0,8848";"37839";"1163,08";"19";"13"
"Jacarezinho";"2023";"3";"80";"5";"0,000000000000000";"64,42892999999999";"0,0000000000000000";"0,00000000000000000";"94,8335571500764";"0,8848";"37839";"1163,08";"29";"20"
"Jacarezinho";"2024";"1";"80";"6";"0,000000000000000";"64,42892999999999";"0,0000000000000000";"0,00000000000000000";"94,8335571500764";"0,8848";"37839";"1163,08";"24";"14"
"Cachambi";"2019";"5";"81";"1";"0,000000000000000";"1,72008200000000";"28,6937619999999995";"0,00000000000000000";"96,6112788219139";"0,0161";"42415";"3803,74";"13";"3"
"Cachambi";"2020";"2";"81";"2";"0,000000000000000";"1,72008200000000";"28,6937619999999995";"0,00000000000000000";"96,6112788219139";"0,0161";"42415";"3803,74";"6";"0"
"Cachambi";"2021";"3";"81";"3";"0,000000000000000";"1,72008200000000";"28,6937619999999995";"0,00000000000000000";"96,6112788219139";"0,0161";"42415";"3803,74";"10";"0"
"Cachambi";"2022";"2";"81";"4";"0,000000000000000";"1,72008200000000";"28,6937619999999995";"0,00000000000000000";"96,6112788219139";"0,0161";"42415";"3803,74";"15";"2"
"Cachambi";"2023";"8";"81";"5";"0,000000000000000";"1,72008200000000";"28,6937619999999995";"0,00000000000000000";"96,6112788219139";"0,0161";"42415";"3803,74";"8";"3"
"Cachambi";"2024";"5";"81";"6";"0,000000000000000";"1,72008200000000";"15,5339550000000006";"0,00000000000000000";"96,6112788219139";"0,0161";"42415";"3803,74";"10";"1"
"Praça Seca";"2019";"24";"82";"1";"0,000000000000000";"0,00000000000000";"77,6419139999999999";"0,00000000000000000";"88,7032469034055";"0,2739";"64147";"2809,35";"154";"17"
"Praça Seca";"2020";"7";"82";"2";"0,000000000000000";"0,00000000000000";"77,6419139999999999";"0,00000000000000000";"88,7032469034055";"0,2739";"64147";"2809,35";"42";"4"
"Praça Seca";"2021";"14";"82";"3";"0,000000000000000";"0,00000000000000";"77,6419139999999999";"0,00000000000000000";"88,7032469034055";"0,2739";"64147";"2809,35";"176";"20"
"Praça Seca";"2022";"16";"82";"4";"0,000000000000000";"0,00000000000000";"75,8573739999999930";"0,00000000000000000";"88,7032469034055";"0,2739";"64147";"2809,35";"73";"12"
"Praça Seca";"2023";"28";"82";"5";"0,000000000000000";"0,00603400000000";"58,6145190000000014";"0,00000000000000000";"88,7032469034055";"0,2739";"64147";"2809,35";"151";"31"
"Praça Seca";"2024";"14";"82";"6";"0,000000000000000";"0,20281500000000";"39,4788670000000010";"0,00000000000000000";"88,7032469034055";"0,2739";"64147";"2809,35";"40";"16"
"Benfica";"2019";"14";"83";"1";"0,075159000000000";"8,75502000000000";"1,5125789999999999";"0,00479300000000000";"60,5071815208996";"0,0185";"25081";"1886,82";"25";"6"
"Benfica";"2020";"10";"83";"2";"0,075159000000000";"8,75502000000000";"1,5125789999999999";"0,00479300000000000";"60,5071815208996";"0,0185";"25081";"1886,82";"11";"2"
"Benfica";"2021";"9";"83";"3";"0,075159000000000";"8,75502000000000";"1,5125789999999999";"0,00479300000000000";"60,5071815208996";"0,0185";"25081";"1886,82";"12";"2"
"Benfica";"2022";"12";"83";"4";"0,075159000000000";"8,75502000000000";"1,5125789999999999";"0,00479300000000000";"60,5071815208996";"0,0185";"25081";"1886,82";"8";"1"
"Benfica";"2023";"4";"83";"5";"0,075159000000000";"10,56238700000000";"0,0000000000000000";"0,00479300000000000";"60,5071815208996";"0,0185";"25081";"1886,82";"6";"2"
"Benfica";"2024";"8";"83";"6";"0,075159000000000";"10,56238700000000";"0,0000000000000000";"0,00479300000000000";"60,5071815208996";"0,0185";"25081";"1886,82";"5";"2"
"Engenho de Dentro";"2019";"3";"84";"1";"0,000000000000000";"10,57977100000000";"10,6355459999999997";"0,00000000000000000";"89,9922762997006";"0,0395";"45540";"2892,77";"15";"4"
"Engenho de Dentro";"2020";"6";"84";"2";"0,000000000000000";"10,57977100000000";"10,3430199999999992";"0,00000000000000000";"89,9922762997006";"0,0395";"45540";"2892,77";"6";"2"
"Engenho de Dentro";"2021";"7";"84";"3";"0,000000000000000";"10,57977100000000";"10,3430199999999992";"0,00000000000000000";"89,9922762997006";"0,0395";"45540";"2892,77";"19";"1"
"Engenho de Dentro";"2022";"9";"84";"4";"0,000000000000000";"10,57977100000000";"10,3430199999999992";"0,00000000000000000";"89,9922762997006";"0,0395";"45540";"2892,77";"26";"8"
"Engenho de Dentro";"2023";"5";"84";"5";"0,000000000000000";"10,57977100000000";"11,0674189999999992";"0,00000000000000000";"89,9922762997006";"0,0395";"45540";"2892,77";"6";"1"
"Engenho de Dentro";"2024";"4";"84";"6";"0,000000000000000";"10,57977100000000";"3,8286850000000001";"0,00000000000000000";"89,9922762997006";"0,0395";"45540";"2892,77";"14";"0"
"São Cristóvão";"2019";"9";"85";"1";"0,000000000000000";"0,00000000000000";"0,0000000000000000";"0,00000000000000000";"57,8914390185936";"0,1409";"26510";"2850,51";"25";"14"
"São Cristóvão";"2020";"18";"85";"2";"0,000000000000000";"0,00000000000000";"0,0000000000000000";"0,00000000000000000";"57,8914390185936";"0,1409";"26510";"2850,51";"9";"1"
"São Cristóvão";"2021";"3";"85";"3";"0,000000000000000";"0,00000000000000";"0,0000000000000000";"0,00000000000000000";"57,8914390185936";"0,1409";"26510";"2850,51";"13";"2"
"São Cristóvão";"2022";"10";"85";"4";"0,000000000000000";"0,00000000000000";"0,0000000000000000";"0,00000000000000000";"57,8914390185936";"0,1409";"26510";"2850,51";"9";"2"
"São Cristóvão";"2023";"9";"85";"5";"0,000000000000000";"0,00000000000000";"0,0000000000000000";"0,00000000000000000";"57,8914390185936";"0,1409";"26510";"2850,51";"7";"2"
"São Cristóvão";"2024";"9";"85";"6";"0,000000000000000";"0,00000000000000";"0,0000000000000000";"0,00000000000000000";"57,8914390185936";"0,1409";"26510";"2850,51";"12";"4"
"Vasco da Gama";"2019";"0";"86";"1";"0,000000000000000";"12,49486500000000";"0,0000000000000000";"0,00000000000000000";"89,7466984076665";"0,0754";"15482";"2073,79";"1";"1"
"Vasco da Gama";"2020";"0";"86";"2";"0,000000000000000";"12,49486500000000";"0,0000000000000000";"0,00000000000000000";"89,7466984076665";"0,0754";"15482";"2073,79";"2";"0"
"Vasco da Gama";"2021";"0";"86";"3";"0,000000000000000";"12,49486500000000";"0,0000000000000000";"0,00000000000000000";"89,7466984076665";"0,0754";"15482";"2073,79";"3";"1"
"Vasco da Gama";"2022";"0";"86";"4";"0,000000000000000";"12,49486500000000";"0,0000000000000000";"0,00000000000000000";"89,7466984076665";"0,0754";"15482";"2073,79";"6";"1"
"Vasco da Gama";"2023";"0";"86";"5";"0,000000000000000";"12,49486500000000";"0,0000000000000000";"0,00000000000000000";"89,7466984076665";"0,0754";"15482";"2073,79";"4";"2"
"Vasco da Gama";"2024";"1";"86";"6";"0,000000000000000";"12,49486500000000";"0,0000000000000000";"0,00000000000000000";"89,7466984076665";"0,0754";"15482";"2073,79";"2";"1"
"Inhoaíba";"2019";"4";"87";"1";"0,000000000000000";"0,00007500000000";"48,9402710000000027";"0,00000000000000000";"92,5501126014028";"0,2742";"64649";"1427,79";"2";"0"
"Inhoaíba";"2020";"1";"87";"2";"0,000000000000000";"0,00007500000000";"48,9402710000000027";"0,00000000000000000";"92,5501126014028";"0,2742";"64649";"1427,79";"5";"1"
"Inhoaíba";"2021";"1";"87";"3";"0,000000000000000";"0,00007500000000";"47,7170119999999969";"0,00000000000000000";"92,5501126014028";"0,2742";"64649";"1427,79";"9";"0"
"Inhoaíba";"2022";"4";"87";"4";"0,000000000000000";"0,00007500000000";"44,5903800000000032";"0,00000000000000000";"92,5501126014028";"0,2742";"64649";"1427,79";"2";"0"
"Inhoaíba";"2023";"2";"87";"5";"0,000000000000000";"0,00007500000000";"46,6338840000000019";"0,00000000000000000";"92,5501126014028";"0,2742";"64649";"1427,79";"2";"1"
"Inhoaíba";"2024";"5";"87";"6";"0,000000000000000";"0,00007500000000";"46,4465190000000021";"0,00000000000000000";"92,5501126014028";"0,2742";"64649";"1427,79";"3";"0"
"Todos os Santos";"2019";"1";"88";"1";"0,000000000000000";"0,00000000000000";"9,4130939999999992";"0,00000000000000000";"98,8451725475720";"0,0000";"24646";"4870,72";"3";"0"
"Todos os Santos";"2020";"0";"88";"2";"0,000000000000000";"0,00000000000000";"9,4231420000000004";"0,00000000000000000";"98,8451725475720";"0,0000";"24646";"4870,72";"1";"1"
"Todos os Santos";"2021";"0";"88";"3";"0,000000000000000";"0,00000000000000";"9,4231420000000004";"0,00000000000000000";"98,8451725475720";"0,0000";"24646";"4870,72";"3";"1"
"Todos os Santos";"2022";"1";"88";"4";"0,000000000000000";"0,00000000000000";"9,4130939999999992";"0,00000000000000000";"98,8451725475720";"0,0000";"24646";"4870,72";"4";"0"
"Todos os Santos";"2023";"1";"88";"5";"0,000000000000000";"0,00000000000000";"9,4130939999999992";"0,00000000000000000";"98,8451725475720";"0,0000";"24646";"4870,72";"2";"1"
"Todos os Santos";"2024";"4";"88";"6";"0,000000000000000";"0,00000000000000";"1,4017070000000000";"0,00000000000000000";"98,8451725475720";"0,0000";"24646";"4870,72";"5";"1"
"Jacaré";"2019";"16";"89";"1";"0,000000000000000";"9,59492400000000";"0,0000000000000000";"0,00000000000000000";"77,1018769092796";"0,1880";"9276";"1896,78";"6";"0"
"Jacaré";"2020";"9";"89";"2";"0,000000000000000";"9,59492400000000";"0,0000000000000000";"0,00000000000000000";"77,1018769092796";"0,1880";"9276";"1896,78";"14";"2"
"Jacaré";"2021";"7";"89";"3";"0,000000000000000";"9,59492400000000";"0,0000000000000000";"0,00000000000000000";"77,1018769092796";"0,1880";"9276";"1896,78";"1";"1"
"Jacaré";"2022";"3";"89";"4";"0,000000000000000";"9,59492400000000";"0,0000000000000000";"0,00000000000000000";"77,1018769092796";"0,1880";"9276";"1896,78";"4";"0"
"Jacaré";"2023";"9";"89";"5";"0,000000000000000";"9,59492400000000";"0,0000000000000000";"0,00000000000000000";"77,1018769092796";"0,1880";"9276";"1896,78";"3";"0"
"Jacaré";"2024";"3";"89";"6";"0,000000000000000";"9,59492400000000";"0,0000000000000000";"0,00000000000000000";"77,1018769092796";"0,1880";"9276";"1896,78";"2";"0"
"Encantado";"2019";"2";"90";"1";"0,000000000000000";"0,47486700000000";"59,1366140000000016";"0,00000000000000000";"96,9187096314727";"0,0328";"15021";"2755,11";"2";"0"
"Encantado";"2020";"2";"90";"2";"0,000000000000000";"0,47486700000000";"8,2885030000000004";"0,00000000000000000";"96,9187096314727";"0,0328";"15021";"2755,11";"4";"4"
"Encantado";"2021";"7";"90";"3";"0,000000000000000";"0,47486700000000";"16,4461680000000001";"0,00000000000000000";"96,9187096314727";"0,0328";"15021";"2755,11";"5";"2"
"Encantado";"2022";"0";"90";"4";"0,000000000000000";"0,47486700000000";"6,1256060000000003";"0,00000000000000000";"96,9187096314727";"0,0328";"15021";"2755,11";"3";"3"
"Encantado";"2023";"4";"90";"5";"0,000000000000000";"0,47486700000000";"13,1575159999999993";"0,00000000000000000";"96,9187096314727";"0,0328";"15021";"2755,11";"0";"0"
"Encantado";"2024";"1";"90";"6";"0,000000000000000";"0,47486700000000";"30,6547310000000017";"0,00000000000000000";"96,9187096314727";"0,0328";"15021";"2755,11";"2";"1"
"Rocha";"2019";"3";"91";"1";"0,000000000000000";"0,00000000000000";"0,0000000000000000";"0,00000000000000000";"97,7148366554221";"0,0000";"8766";"3560,99";"19";"8"
"Rocha";"2020";"3";"91";"2";"0,000000000000000";"0,00000000000000";"0,0000000000000000";"0,00000000000000000";"97,7148366554221";"0,0000";"8766";"3560,99";"8";"3"
"Rocha";"2021";"3";"91";"3";"0,000000000000000";"0,00000000000000";"0,0000000000000000";"0,00000000000000000";"97,7148366554221";"0,0000";"8766";"3560,99";"3";"0"
"Rocha";"2022";"0";"91";"4";"0,000000000000000";"0,00000000000000";"0,0000000000000000";"0,00000000000000000";"97,7148366554221";"0,0000";"8766";"3560,99";"0";"0"
"Rocha";"2023";"1";"91";"5";"0,000000000000000";"0,00697000000000";"0,0000000000000000";"0,00000000000000000";"97,7148366554221";"0,0000";"8766";"3560,99";"1";"0"
"Rocha";"2024";"0";"91";"6";"0,000000000000000";"0,00697000000000";"0,0000000000000000";"0,00000000000000000";"97,7148366554221";"0,0000";"8766";"3560,99";"1";"0"
"Méier";"2019";"1";"92";"1";"0,000000000000000";"2,38241900000000";"4,4082770000000000";"0,00000000000000000";"98,5446910743913";"0,0000";"49828";"4876,66";"6";"2"
"Méier";"2020";"8";"92";"2";"0,000000000000000";"2,38241900000000";"10,4605960000000007";"0,00000000000000000";"98,5446910743913";"0,0000";"49828";"4876,66";"9";"0"
"Méier";"2021";"12";"92";"3";"0,000000000000000";"2,38241900000000";"10,4605960000000007";"0,00000000000000000";"98,5446910743913";"0,0000";"49828";"4876,66";"13";"5"
"Méier";"2022";"11";"92";"4";"0,000000000000000";"2,38241900000000";"4,4082770000000000";"0,00000000000000000";"98,5446910743913";"0,0000";"49828";"4876,66";"9";"1"
"Méier";"2023";"5";"92";"5";"0,000000000000000";"2,38241900000000";"4,4082770000000000";"0,00000000000000000";"98,5446910743913";"0,0000";"49828";"4876,66";"9";"0"
"Méier";"2024";"20";"92";"6";"0,000000000000000";"2,38241900000000";"4,4082770000000000";"0,00000000000000000";"98,5446910743913";"0,0000";"49828";"4876,66";"5";"1"
"Gamboa";"2019";"3";"93";"1";"0,000000000000000";"11,17848700000000";"0,0000000000000000";"0,00000000000000000";"85,2098139118572";"0,0198";"13108";"1438,21";"24";"10"
"Gamboa";"2020";"3";"93";"2";"0,000000000000000";"11,17848700000000";"0,0000000000000000";"0,00000000000000000";"85,2098139118572";"0,0198";"13108";"1438,21";"25";"10"
"Gamboa";"2021";"2";"93";"3";"0,000000000000000";"11,17848700000000";"0,0000000000000000";"0,00000000000000000";"85,2098139118572";"0,0198";"13108";"1438,21";"17";"8"
"Gamboa";"2022";"0";"93";"4";"0,000000000000000";"11,17848700000000";"0,0000000000000000";"0,00000000000000000";"85,2098139118572";"0,0198";"13108";"1438,21";"5";"3"
"Gamboa";"2023";"1";"93";"5";"0,000000000000000";"11,17848700000000";"0,0000000000000000";"0,00000000000000000";"85,2098139118572";"0,0198";"13108";"1438,21";"4";"2"
"Gamboa";"2024";"1";"93";"6";"0,000000000000000";"11,17848700000000";"0,0000000000000000";"0,00000000000000000";"85,2098139118572";"0,0198";"13108";"1438,21";"0";"0"
"Santo Cristo";"2019";"6";"94";"1";"0,000000000000000";"1,44186500000000";"0,0000000000000000";"0,00000000000000000";"89,4442864917161";"0,0434";"12330";"1662,87";"6";"4"
"Santo Cristo";"2020";"6";"94";"2";"0,000000000000000";"1,44186500000000";"0,0000000000000000";"0,00000000000000000";"89,4442864917161";"0,0434";"12330";"1662,87";"5";"1"
"Santo Cristo";"2021";"4";"94";"3";"0,000000000000000";"1,44186500000000";"0,0000000000000000";"0,00000000000000000";"89,4442864917161";"0,0434";"12330";"1662,87";"4";"3"
"Santo Cristo";"2022";"2";"94";"4";"0,000000000000000";"1,44186500000000";"0,0000000000000000";"0,00000000000000000";"89,4442864917161";"0,0434";"12330";"1662,87";"1";"1"
"Santo Cristo";"2023";"0";"94";"5";"0,000000000000000";"1,44186500000000";"0,1304310000000000";"0,00000000000000000";"89,4442864917161";"0,0434";"12330";"1662,87";"1";"1"
"Santo Cristo";"2024";"4";"94";"6";"0,000000000000000";"1,44186500000000";"0,0000000000000000";"0,00000000000000000";"89,4442864917161";"0,0434";"12330";"1662,87";"6";"3"
"Centro";"2019";"22";"95";"1";"0,000000000000000";"0,00000000000000";"3,9615416473981320";"0,00000000000000000";"91,0995351672420";"0,0026";"41142";"2819,75";"22";"4"
"Centro";"2020";"18";"95";"2";"0,000000000000000";"0,00000000000000";"3,9615416473981320";"0,00000000000000000";"91,0995351672420";"0,0026";"41142";"2819,75";"12";"5"
"Centro";"2021";"20";"95";"3";"0,000000000000000";"0,00000000000000";"4,2318229196223474";"0,00000000000000000";"91,0995351672420";"0,0026";"41142";"2819,75";"5";"2"
"Centro";"2022";"18";"95";"4";"0,000000000000000";"0,00000000000000";"2,4362262024552366";"0,00000000000000000";"91,0995351672420";"0,0026";"41142";"2819,75";"16";"3"
"Centro";"2023";"28";"95";"5";"0,000000000000000";"0,00000000000000";"4,1313646687484722";"0,00000000000000000";"91,0995351672420";"0,0026";"41142";"2819,75";"9";"2"
"Centro";"2024";"20";"95";"6";"0,000000000000000";"0,00000000000000";"1,5253154449428945";"0,00000000000000000";"91,0995351672420";"0,0026";"41142";"2819,75";"3";"2"
"Sampaio";"2019";"4";"96";"1";"0,000000000000000";"3,31486600000000";"0,0000000000000000";"0,00000000000000000";"88,7490619532176";"0,1203";"10895";"2240,60";"12";"5"
"Sampaio";"2020";"0";"96";"2";"0,000000000000000";"3,31486600000000";"0,0000000000000000";"0,00000000000000000";"88,7490619532176";"0,1203";"10895";"2240,60";"15";"4"
"Sampaio";"2021";"2";"96";"3";"0,000000000000000";"3,31486600000000";"0,0000000000000000";"0,00000000000000000";"88,7490619532176";"0,1203";"10895";"2240,60";"5";"0"
"Sampaio";"2022";"2";"96";"4";"0,000000000000000";"3,31486600000000";"0,0000000000000000";"0,00000000000000000";"88,7490619532176";"0,1203";"10895";"2240,60";"2";"1"
"Sampaio";"2023";"0";"96";"5";"0,000000000000000";"3,31486600000000";"0,0000000000000000";"0,00000000000000000";"88,7490619532176";"0,1203";"10895";"2240,60";"3";"0"
"Sampaio";"2024";"5";"96";"6";"0,000000000000000";"3,31486600000000";"0,0000000000000000";"0,00000000000000000";"88,7490619532176";"0,1203";"10895";"2240,60";"5";"2"
"Riachuelo";"2019";"0";"97";"1";"0,000000000000000";"0,00000000000000";"0,0000000000000000";"0,00000000000000000";"94,4111744903075";"0,0000";"12653";"3456,15";"16";"2"
"Riachuelo";"2020";"1";"97";"2";"0,000000000000000";"0,00000000000000";"0,0000000000000000";"0,00000000000000000";"94,4111744903075";"0,0000";"12653";"3456,15";"6";"2"
"Riachuelo";"2021";"3";"97";"3";"0,000000000000000";"0,00000000000000";"0,0000000000000000";"0,00000000000000000";"94,4111744903075";"0,0000";"12653";"3456,15";"4";"1"
"Riachuelo";"2022";"0";"97";"4";"0,000000000000000";"0,00000000000000";"0,0000000000000000";"0,00000000000000000";"94,4111744903075";"0,0000";"12653";"3456,15";"3";"2"
"Riachuelo";"2023";"1";"97";"5";"0,000000000000000";"0,00000000000000";"0,0000000000000000";"0,00000000000000000";"94,4111744903075";"0,0000";"12653";"3456,15";"1";"0"
"Riachuelo";"2024";"0";"97";"6";"0,000000000000000";"0,00000000000000";"0,0000000000000000";"0,00000000000000000";"94,4111744903075";"0,0000";"12653";"3456,15";"0";"0"
"Saúde";"2019";"0";"98";"1";"0,000000000000000";"0,00000000000000";"2,1711589999999998";"0,00000000000000000";"88,1120619601217";"0,0000";"2749";"1913,78";"0";"0"
"Saúde";"2020";"0";"98";"2";"0,000000000000000";"0,00000000000000";"2,1711589999999998";"0,00000000000000000";"88,1120619601217";"0,0000";"2749";"1913,78";"1";"0"
"Saúde";"2021";"0";"98";"3";"0,000000000000000";"0,00000000000000";"2,1711589999999998";"0,00000000000000000";"88,1120619601217";"0,0000";"2749";"1913,78";"1";"1"
"Saúde";"2022";"0";"98";"4";"0,000000000000000";"0,00000000000000";"2,1711589999999998";"0,00000000000000000";"88,1120619601217";"0,0000";"2749";"1913,78";"0";"0"
"Saúde";"2023";"0";"98";"5";"0,000000000000000";"0,00000000000000";"2,1711589999999998";"0,00000000000000000";"88,1120619601217";"0,0000";"2749";"1913,78";"1";"1"
"Saúde";"2024";"0";"98";"6";"0,000000000000000";"0,00000000000000";"0,0000000000000000";"0,00000000000000000";"88,1120619601217";"0,0000";"2749";"1913,78";"0";"0"
"São Francisco Xavier";"2019";"0";"99";"1";"0,000000000000000";"1,31651400000000";"0,0000000000000000";"0,00000000000000000";"86,8443262814175";"0,3373";"8343";"3012,73";"4";"1"
"São Francisco Xavier";"2020";"1";"99";"2";"0,000000000000000";"1,31651400000000";"0,0000000000000000";"0,00000000000000000";"86,8443262814175";"0,3373";"8343";"3012,73";"0";"0"
"São Francisco Xavier";"2021";"1";"99";"3";"0,000000000000000";"1,31651400000000";"0,0000000000000000";"0,00000000000000000";"86,8443262814175";"0,3373";"8343";"3012,73";"2";"1"
"São Francisco Xavier";"2022";"0";"99";"4";"0,000000000000000";"1,31651400000000";"0,0000000000000000";"0,00000000000000000";"86,8443262814175";"0,3373";"8343";"3012,73";"1";"1"
"São Francisco Xavier";"2023";"0";"99";"5";"0,000000000000000";"1,31651400000000";"0,0000000000000000";"0,00000000000000000";"86,8443262814175";"0,3373";"8343";"3012,73";"0";"0"
"São Francisco Xavier";"2024";"0";"99";"6";"0,000000000000000";"1,31651400000000";"0,0000000000000000";"0,00000000000000000";"86,8443262814175";"0,3373";"8343";"3012,73";"1";"0"
"Engenho Novo";"2019";"18";"100";"1";"0,156924000000000";"18,62525200000000";"0,0060530000000000";"0,00000000000000000";"98,0122801676648";"0,2578";"42172";"2859,72";"59";"21"
"Engenho Novo";"2020";"14";"100";"2";"0,156924000000000";"18,62525200000000";"0,0060530000000000";"0,00000000000000000";"98,0122801676648";"0,2578";"42172";"2859,72";"29";"12"
"Engenho Novo";"2021";"8";"100";"3";"0,156924000000000";"18,62525200000000";"0,0060530000000000";"0,00000000000000000";"98,0122801676648";"0,2578";"42172";"2859,72";"22";"6"
"Engenho Novo";"2022";"5";"100";"4";"0,156924000000000";"18,62525200000000";"0,0060530000000000";"0,00000000000000000";"98,0122801676648";"0,2578";"42172";"2859,72";"28";"2"
"Engenho Novo";"2023";"6";"100";"5";"0,156924000000000";"18,62525200000000";"0,0060530000000000";"0,00000000000000000";"98,0122801676648";"0,2578";"42172";"2859,72";"14";"4"
"Engenho Novo";"2024";"8";"100";"6";"0,156924000000000";"18,62525200000000";"0,0060530000000000";"0,00000000000000000";"98,0122801676648";"0,2578";"42172";"2859,72";"8";"4"
"Mangueira";"2019";"4";"101";"1";"0,000000000000000";"46,12224900000000";"0,0000000000000000";"0,00000000000000000";"91,1570446023513";"0,0000";"17835";"1435,79";"54";"21"
"Mangueira";"2020";"1";"101";"2";"0,000000000000000";"46,12224900000000";"0,0000000000000000";"0,00000000000000000";"91,1570446023513";"0,0000";"17835";"1435,79";"29";"5"
"Mangueira";"2021";"1";"101";"3";"0,000000000000000";"46,12224900000000";"0,0000000000000000";"0,00000000000000000";"91,1570446023513";"0,0000";"17835";"1435,79";"22";"8"
"Mangueira";"2022";"0";"101";"4";"0,000000000000000";"46,12224900000000";"0,0000000000000000";"0,00000000000000000";"91,1570446023513";"0,0000";"17835";"1435,79";"7";"0"
"Mangueira";"2023";"3";"101";"5";"0,000000000000000";"35,09030800000000";"0,0000000000000000";"0,00000000000000000";"91,1570446023513";"0,0000";"17835";"1435,79";"9";"4"
"Mangueira";"2024";"3";"101";"6";"0,000000000000000";"46,12224900000000";"0,0000000000000000";"0,00000000000000000";"91,1570446023513";"0,0000";"17835";"1435,79";"17";"3"
"Tanque";"2019";"10";"102";"1";"0,000000000000000";"0,00170000000000";"56,8704099999999926";"0,00000000000000000";"92,0467298858645";"0,2320";"37856";"2486,53";"27";"3"
"Tanque";"2020";"5";"102";"2";"0,000000000000000";"0,00000000000000";"57,6718070000000012";"0,00000000000000000";"92,0467298858645";"0,2320";"37856";"2486,53";"9";"0"
"Tanque";"2021";"3";"102";"3";"0,000000000000000";"0,00000000000000";"56,5119210000000010";"0,00000000000000000";"92,0467298858645";"0,2320";"37856";"2486,53";"12";"0"
"Tanque";"2022";"9";"102";"4";"0,000000000000000";"0,00000000000000";"49,7683490000000077";"0,00000000000000000";"92,0467298858645";"0,2320";"37856";"2486,53";"42";"8"
"Tanque";"2023";"25";"102";"5";"0,000000000000000";"1,02274100000000";"36,3991129999999998";"0,00000000000000000";"92,0467298858645";"0,2320";"37856";"2486,53";"66";"15"
"Tanque";"2024";"20";"102";"6";"0,000000000000000";"4,46667400000000";"25,8894669999999998";"0,00000000000000000";"92,0467298858645";"0,2320";"37856";"2486,53";"26";"15"
"Taquara";"2019";"20";"103";"1";"0,000000000000000";"1,27048200000000";"58,0992839999999973";"0,00000000000000000";"91,0948435502208";"0,1467";"102126";"3170,82";"47";"10"
"Taquara";"2020";"3";"103";"2";"0,000000000000000";"1,27048200000000";"56,5927119999999988";"0,00000000000000000";"91,0948435502208";"0,1467";"102126";"3170,82";"9";"3"
"Taquara";"2021";"17";"103";"3";"0,000000000000000";"1,27048200000000";"53,1414510000000035";"0,00000000000000000";"91,0948435502208";"0,1467";"102126";"3170,82";"18";"1"
"Taquara";"2022";"22";"103";"4";"0,000000000000000";"1,27048200000000";"52,3416959999999989";"0,00000000000000000";"91,0948435502208";"0,1467";"102126";"3170,82";"23";"10"
"Taquara";"2023";"22";"103";"5";"0,000000000000000";"1,32898200000000";"53,9694730000000007";"0,00000000000000000";"91,0948435502208";"0,1467";"102126";"3170,82";"29";"11"
"Taquara";"2024";"37";"103";"6";"0,000000000000000";"2,81391400000000";"49,9172429999999991";"0,00000000000000000";"91,0948435502208";"0,1467";"102126";"3170,82";"22";"9"
"Água Santa";"2019";"18";"104";"1";"0,000000000000000";"0,36382200000000";"15,3377789999999994";"0,00000000000000000";"37,4958273682923";"0,1771";"8756";"2989,23";"33";"13"
"Água Santa";"2020";"1";"104";"2";"0,000000000000000";"0,36382200000000";"4,8711310000000001";"0,00000000000000000";"37,4958273682923";"0,1771";"8756";"2989,23";"17";"2"
"Água Santa";"2021";"2";"104";"3";"0,000000000000000";"0,36382200000000";"7,6824719999999997";"0,00000000000000000";"37,4958273682923";"0,1771";"8756";"2989,23";"10";"3"
"Água Santa";"2022";"1";"104";"4";"0,000000000000000";"0,36382200000000";"2,8535450000000000";"0,00000000000000000";"37,4958273682923";"0,1771";"8756";"2989,23";"17";"10"
"Água Santa";"2023";"6";"104";"5";"0,000000000000000";"0,36382200000000";"2,8553080000000000";"0,00000000000000000";"37,4958273682923";"0,1771";"8756";"2989,23";"9";"7"
"Água Santa";"2024";"0";"104";"6";"0,000000000000000";"0,36382200000000";"2,8535450000000000";"0,00000000000000000";"37,4958273682923";"0,1771";"8756";"2989,23";"2";"1"
"Lins de Vasconcelos";"2019";"13";"105";"1";"0,000000000000000";"26,48729700000000";"0,0000000000000000";"0,00000000000000000";"89,6775057185159";"0,3889";"37487";"3061,01";"64";"31"
"Lins de Vasconcelos";"2020";"5";"105";"2";"0,000000000000000";"26,48729700000000";"0,0000000000000000";"0,00000000000000000";"89,6775057185159";"0,3889";"37487";"3061,01";"45";"18"
"Lins de Vasconcelos";"2021";"5";"105";"3";"0,000000000000000";"26,48729700000000";"0,0000000000000000";"0,00000000000000000";"89,6775057185159";"0,3889";"37487";"3061,01";"26";"10"
"Lins de Vasconcelos";"2022";"3";"105";"4";"0,000000000000000";"26,48729700000000";"0,0000000000000000";"0,00000000000000000";"89,6775057185159";"0,3889";"37487";"3061,01";"41";"18"
"Lins de Vasconcelos";"2023";"3";"105";"5";"0,000000000000000";"26,48729700000000";"0,0000000000000000";"0,00000000000000000";"89,6775057185159";"0,3889";"37487";"3061,01";"10";"3"
"Lins de Vasconcelos";"2024";"6";"105";"6";"0,000000000000000";"26,48729700000000";"0,0000000000000000";"0,00000000000000000";"89,6775057185159";"0,3889";"37487";"3061,01";"10";"3"
"Freguesia (Jacarepaguá)";"2019";"2";"106";"1";"0,000000000000000";"3,40156500000000";"7,8644170000000013";"0,00000000000000000";"87,7732065648581";"0,0943";"70511";"4835,78";"2";"1"
"Freguesia (Jacarepaguá)";"2020";"1";"106";"2";"0,000000000000000";"2,72744800000000";"8,5385340000000003";"0,00000000000000000";"87,7732065648581";"0,0943";"70511";"4835,78";"11";"4"
"Freguesia (Jacarepaguá)";"2021";"3";"106";"3";"0,000000000000000";"2,74090400000000";"6,2709239999999999";"0,00000000000000000";"87,7732065648581";"0,0943";"70511";"4835,78";"6";"1"
"Freguesia (Jacarepaguá)";"2022";"3";"106";"4";"0,000000000000000";"4,14433800000000";"2,2380390000000001";"0,00000000000000000";"87,7732065648581";"0,0943";"70511";"4835,78";"8";"2"
"Freguesia (Jacarepaguá)";"2023";"10";"106";"5";"0,000000000000000";"3,65723100000000";"3,0355080000000001";"0,00000000000000000";"87,7732065648581";"0,0943";"70511";"4835,78";"27";"7"
"Freguesia (Jacarepaguá)";"2024";"5";"106";"6";"0,000000000000000";"4,62473600000000";"2,1440519999999998";"0,00000000000000000";"87,7732065648581";"0,0943";"70511";"4835,78";"19";"6"
"Cidade Nova";"2019";"7";"107";"1";"0,000000000000000";"0,00609000000000";"0,0000000000000000";"0,00000000000000000";"71,3667413475305";"0,0000";"5466";"2347,18";"5";"4"
"Cidade Nova";"2020";"3";"107";"2";"0,000000000000000";"0,00609000000000";"0,0000000000000000";"0,00000000000000000";"71,3667413475305";"0,0000";"5466";"2347,18";"1";"0"
"Cidade Nova";"2021";"5";"107";"3";"0,000000000000000";"0,00609000000000";"0,0000000000000000";"0,00000000000000000";"71,3667413475305";"0,0000";"5466";"2347,18";"3";"2"
"Cidade Nova";"2022";"5";"107";"4";"0,000000000000000";"0,00609000000000";"0,0000000000000000";"0,00000000000000000";"71,3667413475305";"0,0000";"5466";"2347,18";"3";"0"
"Cidade Nova";"2023";"2";"107";"5";"0,000000000000000";"0,00609000000000";"0,0009450000000000";"0,00000000000000000";"71,3667413475305";"0,0000";"5466";"2347,18";"5";"2"
"Cidade Nova";"2024";"1";"107";"6";"0,000000000000000";"0,00609000000000";"0,0000000000000000";"0,00000000000000000";"71,3667413475305";"0,0000";"5466";"2347,18";"2";"0"
"Praça da Bandeira";"2019";"2";"108";"1";"0,000000000000000";"0,00000000000000";"0,0000000000000000";"0,00000000000000000";"92,5440076705524";"0,0000";"8662";"4581,02";"2";"0"
"Praça da Bandeira";"2020";"4";"108";"2";"0,000000000000000";"0,00000000000000";"0,0000000000000000";"0,00000000000000000";"92,5440076705524";"0,0000";"8662";"4581,02";"2";"1"
"Praça da Bandeira";"2021";"2";"108";"3";"0,000000000000000";"0,00000000000000";"0,0000000000000000";"0,00000000000000000";"92,5440076705524";"0,0000";"8662";"4581,02";"5";"3"
"Praça da Bandeira";"2022";"4";"108";"4";"0,000000000000000";"0,00000000000000";"0,0000000000000000";"0,00000000000000000";"92,5440076705524";"0,0000";"8662";"4581,02";"3";"0"
"Praça da Bandeira";"2023";"3";"108";"5";"0,000000000000000";"0,00000000000000";"28,7064030000000052";"0,00000000000000000";"92,5440076705524";"0,0000";"8662";"4581,02";"2";"0"
"Praça da Bandeira";"2024";"3";"108";"6";"0,000000000000000";"0,00000000000000";"0,0000000000000000";"0,00000000000000000";"92,5440076705524";"0,0000";"8662";"4581,02";"2";"0"
"Vila Isabel";"2019";"7";"109";"1";"8,337424000000000";"0,00000000000000";"0,0000000000000000";"0,00000000000000000";"97,5074396329385";"0,2218";"86018";"4561,44";"55";"17"
"Vila Isabel";"2020";"12";"109";"2";"8,337424000000000";"0,00000000000000";"0,0000000000000000";"0,00000000000000000";"97,5074396329385";"0,2218";"86018";"4561,44";"41";"20"
"Vila Isabel";"2021";"10";"109";"3";"8,337424000000000";"0,00000000000000";"0,0000000000000000";"0,00000000000000000";"97,5074396329385";"0,2218";"86018";"4561,44";"56";"20"
"Vila Isabel";"2022";"7";"109";"4";"8,337424000000000";"0,00000000000000";"0,0000000000000000";"0,00000000000000000";"97,5074396329385";"0,2218";"86018";"4561,44";"55";"9"
"Vila Isabel";"2023";"5";"109";"5";"8,337424000000000";"0,00000000000000";"0,0000000000000000";"0,00000000000000000";"97,5074396329385";"0,2218";"86018";"4561,44";"25";"2"
"Vila Isabel";"2024";"17";"109";"6";"8,337424000000000";"0,00000000000000";"0,0000000000000000";"0,00000000000000000";"97,5074396329385";"0,2218";"86018";"4561,44";"88";"8"
"Maracanã";"2019";"5";"110";"1";"0,000000000000000";"0,41636700000000";"0,0000000000000000";"0,00000000000000000";"98,0826449572284";"0,0000";"25256";"6260,25";"9";"2"
"Maracanã";"2020";"0";"110";"2";"0,000000000000000";"0,41636700000000";"0,0000000000000000";"0,00000000000000000";"98,0826449572284";"0,0000";"25256";"6260,25";"2";"0"
"Maracanã";"2021";"1";"110";"3";"0,000000000000000";"0,41636700000000";"0,0000000000000000";"0,00000000000000000";"98,0826449572284";"0,0000";"25256";"6260,25";"7";"4"
"Maracanã";"2022";"1";"110";"4";"0,000000000000000";"0,41636700000000";"0,0000000000000000";"0,00000000000000000";"98,0826449572284";"0,0000";"25256";"6260,25";"6";"4"
"Maracanã";"2023";"1";"110";"5";"0,000000000000000";"0,41636700000000";"0,0000000000000000";"0,00000000000000000";"98,0826449572284";"0,0000";"25256";"6260,25";"6";"1"
"Maracanã";"2024";"1";"110";"6";"0,000000000000000";"0,41636700000000";"0,0000000000000000";"0,00000000000000000";"98,0826449572284";"0,0000";"25256";"6260,25";"15";"4"
"Glória";"2019";"2";"111";"1";"0,000000000000000";"0,00000000000000";"0,0000000000000000";"0,00000000000000000";"95,9313091416656";"0,0000";"9661";"4711,03";"6";"2"
"Glória";"2020";"2";"111";"2";"0,000000000000000";"0,00000000000000";"0,0000000000000000";"0,00000000000000000";"95,9313091416656";"0,0000";"9661";"4711,03";"2";"0"
"Glória";"2021";"1";"111";"3";"0,000000000000000";"0,00000000000000";"0,0000000000000000";"0,00000000000000000";"95,9313091416656";"0,0000";"9661";"4711,03";"2";"1"
"Glória";"2022";"0";"111";"4";"0,000000000000000";"0,00000000000000";"0,0000000000000000";"0,00000000000000000";"95,9313091416656";"0,0000";"9661";"4711,03";"1";"1"
"Glória";"2023";"1";"111";"5";"0,000000000000000";"0,00000000000000";"0,0000000000000000";"0,00000000000000000";"95,9313091416656";"0,0000";"9661";"4711,03";"3";"1"
"Glória";"2024";"1";"111";"6";"0,000000000000000";"0,00000000000000";"0,0000000000000000";"0,00000000000000000";"95,9313091416656";"0,0000";"9661";"4711,03";"0";"0"
"Rio Comprido";"2019";"12";"112";"1";"3,112002000000000";"11,90852500000000";"0,0000000000000000";"0,00000000000000000";"88,9220770132327";"0,1515";"43764";"2873,00";"52";"21"
"Rio Comprido";"2020";"20";"112";"2";"3,087021000000000";"11,90852500000000";"0,0000000000000000";"0,02498000000000000";"88,9220770132327";"0,1515";"43764";"2873,00";"32";"8"
"Rio Comprido";"2021";"15";"112";"3";"3,087021000000000";"11,90852500000000";"0,0000000000000000";"0,02498000000000000";"88,9220770132327";"0,1515";"43764";"2873,00";"63";"14"
"Rio Comprido";"2022";"15";"112";"4";"1,725384000000000";"11,90852500000000";"0,0000000000000000";"1,38661799999999968";"88,9220770132327";"0,1515";"43764";"2873,00";"29";"12"
"Rio Comprido";"2023";"8";"112";"5";"1,725384000000000";"11,90852500000000";"0,0000000000000000";"1,38661799999999968";"88,9220770132327";"0,1515";"43764";"2873,00";"12";"5"
"Rio Comprido";"2024";"6";"112";"6";"1,725384000000000";"11,90852500000000";"0,0000000000000000";"1,38661799999999968";"88,9220770132327";"0,1515";"43764";"2873,00";"9";"3"
"Santa Teresa";"2019";"22";"113";"1";"1,675187000000000";"4,02396700000000";"0,0663280000000000";"0,00000000000000000";"90,3229575959454";"0,2143";"40926";"2943,94";"54";"27"
"Santa Teresa";"2020";"10";"113";"2";"0,000000000000000";"5,69915400000000";"0,0663280000000000";"0,00000000000000000";"90,3229575959454";"0,2143";"40926";"2943,94";"42";"11"
"Santa Teresa";"2021";"4";"113";"3";"0,000000000000000";"5,69915400000000";"0,0663280000000000";"0,00000000000000000";"90,3229575959454";"0,2143";"40926";"2943,94";"43";"8"
"Santa Teresa";"2022";"2";"113";"4";"0,000000000000000";"5,69915400000000";"0,0663280000000000";"0,00000000000000000";"90,3229575959454";"0,2143";"40926";"2943,94";"33";"12"
"Santa Teresa";"2023";"3";"113";"5";"0,000000000000000";"5,69915400000000";"0,0663280000000000";"0,00000000000000000";"90,3229575959454";"0,2143";"40926";"2943,94";"10";"6"
"Santa Teresa";"2024";"2";"113";"6";"0,000000000000000";"5,69915400000000";"0,0663280000000000";"0,00000000000000000";"90,3229575959454";"0,2143";"40926";"2943,94";"12";"4"
"Estácio";"2019";"8";"114";"1";"15,959526999999998";"0,00000000000000";"0,0000000000000000";"0,00000000000000000";"86,0789424882081";"0,0156";"17189";"2224,45";"27";"8"
"Estácio";"2020";"4";"114";"2";"0,566733000000000";"0,00000000000000";"0,0000000000000000";"15,39279400000000031";"86,0789424882081";"0,0156";"17189";"2224,45";"22";"7"
"Estácio";"2021";"6";"114";"3";"0,566733000000000";"0,00000000000000";"0,0000000000000000";"15,39279400000000031";"86,0789424882081";"0,0156";"17189";"2224,45";"9";"2"
"Estácio";"2022";"7";"114";"4";"0,515102000000000";"0,00000000000000";"0,0000000000000000";"15,44442500000000074";"86,0789424882081";"0,0156";"17189";"2224,45";"12";"4"
"Estácio";"2023";"4";"114";"5";"0,515102000000000";"0,00000000000000";"0,0000000000000000";"15,44442500000000074";"86,0789424882081";"0,0156";"17189";"2224,45";"9";"0"
"Estácio";"2024";"1";"114";"6";"0,515102000000000";"0,00000000000000";"0,0000000000000000";"15,44442500000000074";"86,0789424882081";"0,0156";"17189";"2224,45";"8";"3"
"Tijuca";"2019";"27";"115";"1";"0,191018000000000";"7,33610700000000";"0,0000000000000000";"0,84611199999999998";"95,3051741931597";"0,0101";"163805";"6098,69";"181";"23"
"Tijuca";"2020";"11";"115";"2";"0,191018000000000";"7,33610700000000";"0,0000000000000000";"0,84611199999999998";"95,3051741931597";"0,0101";"163805";"6098,69";"117";"25"
"Tijuca";"2021";"18";"115";"3";"0,191018000000000";"7,27147500000000";"6,6615430000000000";"0,91074400000000000";"95,3051741931597";"0,0101";"163805";"6098,69";"97";"26"
"Tijuca";"2022";"12";"115";"4";"0,191018000000000";"7,27049500000000";"6,6615430000000000";"0,91074400000000000";"95,3051741931597";"0,0101";"163805";"6098,69";"32";"13"
"Tijuca";"2023";"5";"115";"5";"0,191018000000000";"4,50093600000000";"0,0000000000000000";"4,30339799999999961";"95,3051741931597";"0,0101";"163805";"6098,69";"19";"5"
"Tijuca";"2024";"7";"115";"6";"0,191018000000000";"4,50093600000000";"0,0000000000000000";"4,30339799999999961";"95,3051741931597";"0,0101";"163805";"6098,69";"32";"14"
"Catumbi";"2019";"19";"116";"1";"27,032413999999999";"0,00000000000000";"0,0000000000000000";"0,00000000000000000";"94,1613792645817";"0,0000";"12556";"1948,23";"24";"5"
"Catumbi";"2020";"11";"116";"2";"3,868601000000000";"0,00000000000000";"0,0000000000000000";"23,16381300000000110";"94,1613792645817";"0,0000";"12556";"1948,23";"10";"3"
"Catumbi";"2021";"5";"116";"3";"3,868601000000000";"0,00000000000000";"0,0000000000000000";"23,16381300000000110";"94,1613792645817";"0,0000";"12556";"1948,23";"12";"1"
"Catumbi";"2022";"2";"116";"4";"3,857743000000000";"0,00000000000000";"0,0000000000000000";"23,17466999999999899";"94,1613792645817";"0,0000";"12556";"1948,23";"9";"2"
"Catumbi";"2023";"3";"116";"5";"3,857743000000000";"0,00000000000000";"0,0000000000000000";"23,17466999999999899";"94,1613792645817";"0,0000";"12556";"1948,23";"6";"3"
"Catumbi";"2024";"3";"116";"6";"3,857743000000000";"0,00000000000000";"0,0000000000000000";"23,17466999999999899";"94,1613792645817";"0,0000";"12556";"1948,23";"4";"1"
"Grajaú";"2019";"1";"117";"1";"0,000000000000000";"4,95904200000000";"0,7446020000000001";"0,00000000000000000";"94,8738887967613";"0,0000";"38671";"5384,55";"4";"1"
"Grajaú";"2020";"1";"117";"2";"0,000000000000000";"4,95904200000000";"0,0000000000000000";"0,00000000000000000";"94,8738887967613";"0,0000";"38671";"5384,55";"15";"4"
"Grajaú";"2021";"2";"117";"3";"0,000000000000000";"4,95904200000000";"0,0214600000000000";"0,00000000000000000";"94,8738887967613";"0,0000";"38671";"5384,55";"48";"13"
"Grajaú";"2022";"7";"117";"4";"0,000000000000000";"4,95904200000000";"0,0214600000000000";"0,00000000000000000";"94,8738887967613";"0,0000";"38671";"5384,55";"20";"1"
"Grajaú";"2023";"3";"117";"5";"0,000000000000000";"4,95904200000000";"0,0000000000000000";"0,00000000000000000";"94,8738887967613";"0,0000";"38671";"5384,55";"2";"0"
"Grajaú";"2024";"2";"117";"6";"0,000000000000000";"4,95904200000000";"0,0000000000000000";"0,00000000000000000";"94,8738887967613";"0,0000";"38671";"5384,55";"7";"3"
"Pechincha";"2019";"1";"118";"1";"0,000000000000000";"1,16366800000000";"2,0820500000000002";"0,00000000000000000";"94,4566986183075";"0,0605";"34709";"4370,99";"8";"1"
"Pechincha";"2020";"0";"118";"2";"0,000000000000000";"1,16366800000000";"2,0820500000000002";"0,00000000000000000";"94,4566986183075";"0,0605";"34709";"4370,99";"0";"0"
"Pechincha";"2021";"1";"118";"3";"0,000000000000000";"2,07560100000000";"2,0729039999999999";"0,00000000000000000";"94,4566986183075";"0,0605";"34709";"4370,99";"4";"2"
"Pechincha";"2022";"0";"118";"4";"0,000000000000000";"2,07560100000000";"2,0729039999999999";"0,00000000000000000";"94,4566986183075";"0,0605";"34709";"4370,99";"7";"2"
"Pechincha";"2023";"5";"118";"5";"0,000000000000000";"0,00045500000000";"2,0729039999999999";"0,00000000000000000";"94,4566986183075";"0,0605";"34709";"4370,99";"7";"2"
"Pechincha";"2024";"1";"118";"6";"0,000000000000000";"0,00000000000000";"2,0729039999999999";"0,00000000000000000";"94,4566986183075";"0,0605";"34709";"4370,99";"3";"0"
"Andaraí";"2019";"3";"119";"1";"0,000000000000000";"13,65121600000000";"0,0000000000000000";"0,00000000000000000";"95,9984147864255";"0,0096";"39365";"4499,25";"20";"7"
"Andaraí";"2020";"4";"119";"2";"0,000000000000000";"13,65121600000000";"0,0000000000000000";"0,00000000000000000";"95,9984147864255";"0,0096";"39365";"4499,25";"56";"11"
"Andaraí";"2021";"4";"119";"3";"0,000000000000000";"13,31563500000000";"34,9926349999999999";"0,33558100000000002";"95,9984147864255";"0,0096";"39365";"4499,25";"47";"15"
"Andaraí";"2022";"4";"119";"4";"0,000000000000000";"6,82671200000000";"34,9926349999999999";"0,33558100000000002";"95,9984147864255";"0,0096";"39365";"4499,25";"20";"5"
"Andaraí";"2023";"4";"119";"5";"0,000000000000000";"6,25325100000000";"0,0000000000000000";"7,66131299999999982";"95,9984147864255";"0,0096";"39365";"4499,25";"8";"0"
"Andaraí";"2024";"2";"119";"6";"0,000000000000000";"6,25325100000000";"0,0000000000000000";"7,66131299999999982";"95,9984147864255";"0,0096";"39365";"4499,25";"8";"1"
"Catete";"2019";"1";"120";"1";"0,000000000000000";"6,55213800000000";"0,0000000000000000";"0,00000000000000000";"96,8626904143944";"0,0900";"24057";"4880,73";"7";"2"
"Catete";"2020";"0";"120";"2";"0,000000000000000";"6,55213800000000";"0,0000000000000000";"0,00000000000000000";"96,8626904143944";"0,0900";"24057";"4880,73";"3";"0"
"Catete";"2021";"0";"120";"3";"0,000000000000000";"6,55213800000000";"0,0000000000000000";"0,00000000000000000";"96,8626904143944";"0,0900";"24057";"4880,73";"5";"0"
"Catete";"2022";"2";"120";"4";"0,000000000000000";"6,55213800000000";"0,0000000000000000";"0,00000000000000000";"96,8626904143944";"0,0900";"24057";"4880,73";"9";"5"
"Catete";"2023";"0";"120";"5";"0,000000000000000";"6,55213800000000";"0,0000000000000000";"0,00000000000000000";"96,8626904143944";"0,0900";"24057";"4880,73";"8";"3"
"Catete";"2024";"1";"120";"6";"0,000000000000000";"6,55213800000000";"0,0000000000000000";"0,00000000000000000";"96,8626904143944";"0,0900";"24057";"4880,73";"3";"0"
"Flamengo";"2019";"2";"121";"1";"1,348802000000000";"0,00000000000000";"0,0000000000000000";"0,00000000000000000";"98,9737337227657";"0,0000";"50043";"7616,23";"5";"2"
"Flamengo";"2020";"3";"121";"2";"1,348802000000000";"0,00000000000000";"0,0000000000000000";"0,00000000000000000";"98,9737337227657";"0,0000";"50043";"7616,23";"3";"1"
"Flamengo";"2021";"1";"121";"3";"1,348802000000000";"0,00000000000000";"0,0000000000000000";"0,00000000000000000";"98,9737337227657";"0,0000";"50043";"7616,23";"3";"1"
"Flamengo";"2022";"4";"121";"4";"1,348802000000000";"0,00000000000000";"0,0000000000000000";"0,00000000000000000";"98,9737337227657";"0,0000";"50043";"7616,23";"7";"2"
"Flamengo";"2023";"2";"121";"5";"1,348802000000000";"0,00000000000000";"0,0000000000000000";"0,00000000000000000";"98,9737337227657";"0,0000";"50043";"7616,23";"5";"2"
"Flamengo";"2024";"2";"121";"6";"1,348802000000000";"0,00000000000000";"0,0000000000000000";"0,00000000000000000";"98,9737337227657";"0,0000";"50043";"7616,23";"4";"0"
"Laranjeiras";"2019";"0";"122";"1";"0,084608000000000";"3,06053700000000";"0,0000000000000000";"0,00000000000000000";"97,7574196471753";"0,0000";"45554";"7861,97";"5";"0"
"Laranjeiras";"2020";"3";"122";"2";"0,084608000000000";"3,06053700000000";"0,0000000000000000";"0,00000000000000000";"97,7574196471753";"0,0000";"45554";"7861,97";"3";"3"
"Laranjeiras";"2021";"0";"122";"3";"0,084608000000000";"3,06053700000000";"0,0000000000000000";"0,00000000000000000";"97,7574196471753";"0,0000";"45554";"7861,97";"2";"1"
"Laranjeiras";"2022";"1";"122";"4";"0,084608000000000";"3,06053700000000";"0,0000000000000000";"0,00000000000000000";"97,7574196471753";"0,0000";"45554";"7861,97";"6";"3"
"Laranjeiras";"2023";"1";"122";"5";"0,084608000000000";"3,06053700000000";"0,0000000000000000";"0,00000000000000000";"97,7574196471753";"0,0000";"45554";"7861,97";"4";"1"
"Laranjeiras";"2024";"0";"122";"6";"0,084608000000000";"3,06053700000000";"0,0000000000000000";"0,00000000000000000";"97,7574196471753";"0,0000";"45554";"7861,97";"0";"0"
"Guaratiba";"2019";"14";"123";"1";"0,000000000000000";"0,00000000000000";"8,9630678485536954";"0,00000000000000000";"71,2503328766552";"0,2464";"110049";"1486,88";"3";"0"
"Guaratiba";"2020";"18";"123";"2";"0,000000000000000";"0,00000000000000";"8,3897120412355477";"0,00000000000000000";"71,2503328766552";"0,2464";"110049";"1486,88";"1";"1"
"Guaratiba";"2021";"10";"123";"3";"0,000000000000000";"0,00000000000000";"8,7343073698946956";"0,00000000000000000";"71,2503328766552";"0,2464";"110049";"1486,88";"1";"0"
"Guaratiba";"2022";"10";"123";"4";"0,000000000000000";"0,00000000000000";"7,3897612149807763";"0,00000000000000000";"71,2503328766552";"0,2464";"110049";"1486,88";"7";"2"
"Guaratiba";"2023";"17";"123";"5";"0,000000000000000";"0,00000000000000";"7,8554963200923469";"0,00000000000000000";"71,2503328766552";"0,2464";"110049";"1486,88";"8";"0"
"Guaratiba";"2024";"18";"123";"6";"0,000000000000000";"0,00000000000000";"9,7361700629194594";"0,00000000000000000";"71,2503328766552";"0,2464";"110049";"1486,88";"18";"2"
"Vargem Grande";"2019";"3";"124";"1";"0,000000000000000";"0,00000000000000";"13,9310130000000019";"0,00000000000000000";"37,0790427608049";"0,4140";"14039";"2562,33";"0";"0"
"Vargem Grande";"2020";"7";"124";"2";"0,000000000000000";"0,00000000000000";"15,0297549999999980";"0,00000000000000000";"37,0790427608049";"0,4140";"14039";"2562,33";"1";"0"
"Vargem Grande";"2021";"5";"124";"3";"0,000000000000000";"0,00000000000000";"16,0379339999999999";"0,00000000000000000";"37,0790427608049";"0,4140";"14039";"2562,33";"0";"0"
"Vargem Grande";"2022";"7";"124";"4";"0,000000000000000";"0,00000000000000";"16,6303780000000003";"0,00000000000000000";"37,0790427608049";"0,4140";"14039";"2562,33";"1";"0"
"Vargem Grande";"2023";"21";"124";"5";"0,000000000000000";"0,00000000000000";"16,0379339999999999";"0,00000000000000000";"37,0790427608049";"0,4140";"14039";"2562,33";"10";"4"
"Vargem Grande";"2024";"8";"124";"6";"0,000000000000000";"0,00000000000000";"16,6303780000000003";"0,00000000000000000";"37,0790427608049";"0,4140";"14039";"2562,33";"5";"1"
"Alto da Boa Vista";"2019";"2";"125";"1";"0,001374000000000";"0,69138100000000";"0,0063720000000000";"0,00000000000000000";"47,3548808434141";"0,0855";"9343";"3908,56";"3";"1"
"Alto da Boa Vista";"2020";"0";"125";"2";"0,000000000000000";"0,69275500000000";"0,0063720000000000";"0,00000000000000000";"47,3548808434141";"0,0855";"9343";"3908,56";"4";"1"
"Alto da Boa Vista";"2021";"3";"125";"3";"0,000000000000000";"0,69275500000000";"0,0063720000000000";"0,00000000000000000";"47,3548808434141";"0,0855";"9343";"3908,56";"4";"0"
"Alto da Boa Vista";"2022";"0";"125";"4";"0,000000000000000";"0,69275500000000";"0,0063720000000000";"0,00000000000000000";"47,3548808434141";"0,0855";"9343";"3908,56";"3";"1"
"Alto da Boa Vista";"2023";"0";"125";"5";"0,000000000000000";"0,69275500000000";"0,0063720000000000";"0,00000000000000000";"47,3548808434141";"0,0855";"9343";"3908,56";"0";"0"
"Alto da Boa Vista";"2024";"1";"125";"6";"0,000000000000000";"0,69275500000000";"0,0063720000000000";"0,00000000000000000";"47,3548808434141";"0,0855";"9343";"3908,56";"0";"0"
"Cosme Velho";"2019";"0";"126";"1";"0,000000000000000";"10,85231900000000";"0,0000000000000000";"0,00000000000000000";"96,3485224745106";"0,0210";"7178";"7874,71";"2";"0"
"Cosme Velho";"2020";"1";"126";"2";"0,000000000000000";"10,85231900000000";"0,0000000000000000";"0,00000000000000000";"96,3485224745106";"0,0210";"7178";"7874,71";"8";"2"
"Cosme Velho";"2021";"1";"126";"3";"0,000000000000000";"10,85231900000000";"0,0000000000000000";"0,00000000000000000";"96,3485224745106";"0,0210";"7178";"7874,71";"9";"0"
"Cosme Velho";"2022";"2";"126";"4";"0,000000000000000";"10,85231900000000";"0,0000000000000000";"0,00000000000000000";"96,3485224745106";"0,0210";"7178";"7874,71";"3";"0"
"Cosme Velho";"2023";"0";"126";"5";"0,000000000000000";"10,85231900000000";"0,0000000000000000";"0,00000000000000000";"96,3485224745106";"0,0210";"7178";"7874,71";"5";"0"
"Cosme Velho";"2024";"0";"126";"6";"0,000000000000000";"10,85231900000000";"0,0000000000000000";"0,00000000000000000";"96,3485224745106";"0,0210";"7178";"7874,71";"0";"0"
"Curicica";"2019";"5";"127";"1";"0,000000000000000";"0,00000000000000";"70,1194979999999930";"0,00000000000000000";"91,1664274503524";"0,1542";"31189";"2310,99";"5";"0"
"Curicica";"2020";"6";"127";"2";"0,000000000000000";"0,00000000000000";"70,1194979999999930";"0,00000000000000000";"91,1664274503524";"0,1542";"31189";"2310,99";"7";"0"
"Curicica";"2021";"5";"127";"3";"0,000000000000000";"0,00000000000000";"66,2053030000000007";"0,00000000000000000";"91,1664274503524";"0,1542";"31189";"2310,99";"10";"0"
"Curicica";"2022";"3";"127";"4";"0,000000000000000";"0,00000000000000";"70,1194979999999930";"0,00000000000000000";"91,1664274503524";"0,1542";"31189";"2310,99";"11";"2"
"Curicica";"2023";"14";"127";"5";"0,000000000000000";"0,00000000000000";"68,6581709999999958";"0,00000000000000000";"91,1664274503524";"0,1542";"31189";"2310,99";"18";"4"
"Curicica";"2024";"6";"127";"6";"0,000000000000000";"0,00000000000000";"62,4973829999999992";"0,00000000000000000";"91,1664274503524";"0,1542";"31189";"2310,99";"4";"2"
"Botafogo";"2019";"6";"128";"1";"0,003006000000000";"2,82453200000000";"0,0000000000000000";"0,00000000000000000";"97,6636197183226";"0,0203";"82890";"7108,48";"20";"14"
"Botafogo";"2020";"5";"128";"2";"0,003006000000000";"3,49487700000000";"0,0000000000000000";"0,00000000000000000";"97,6636197183226";"0,0203";"82890";"7108,48";"14";"2"
"Botafogo";"2021";"1";"128";"3";"0,003006000000000";"3,49487700000000";"0,0000000000000000";"0,00000000000000000";"97,6636197183226";"0,0203";"82890";"7108,48";"3";"2"
"Botafogo";"2022";"0";"128";"4";"0,003006000000000";"1,39056700000000";"0,0000000000000000";"0,00000000000000000";"97,6636197183226";"0,0203";"82890";"7108,48";"7";"3"
"Botafogo";"2023";"3";"128";"5";"0,003006000000000";"3,49487700000000";"0,0000000000000000";"0,00000000000000000";"97,6636197183226";"0,0203";"82890";"7108,48";"5";"2"
"Botafogo";"2024";"2";"128";"6";"0,003006000000000";"1,39056700000000";"0,0000000000000000";"0,00000000000000000";"97,6636197183226";"0,0203";"82890";"7108,48";"0";"0"
"Urca";"2019";"0";"129";"1";"0,000000000000000";"0,00000000000000";"0,0000000000000000";"0,00000000000000000";"76,1544711497115";"0,0000";"7061";"8765,08";"0";"0"
"Urca";"2020";"0";"129";"2";"0,000000000000000";"0,00000000000000";"0,0000000000000000";"0,00000000000000000";"76,1544711497115";"0,0000";"7061";"8765,08";"0";"0"
"Urca";"2021";"0";"129";"3";"0,000000000000000";"0,00000000000000";"0,0000000000000000";"0,00000000000000000";"76,1544711497115";"0,0000";"7061";"8765,08";"1";"1"
"Urca";"2022";"0";"129";"4";"0,000000000000000";"0,00000000000000";"0,0000000000000000";"0,00000000000000000";"76,1544711497115";"0,0000";"7061";"8765,08";"0";"0"
"Urca";"2023";"0";"129";"5";"0,000000000000000";"0,00000000000000";"0,0000000000000000";"0,00000000000000000";"76,1544711497115";"0,0000";"7061";"8765,08";"0";"0"
"Urca";"2024";"1";"129";"6";"0,000000000000000";"0,00000000000000";"0,0000000000000000";"0,00000000000000000";"76,1544711497115";"0,0000";"7061";"8765,08";"0";"0"
"Cidade de Deus";"2019";"28";"130";"1";"0,000000000000000";"85,86823500000000";"0,0000000000000000";"0,00000000000000000";"97,1984601549650";"0,1223";"36515";"1437,93";"266";"99"
"Cidade de Deus";"2020";"6";"130";"2";"0,000000000000000";"85,86823500000000";"0,2400060000000000";"0,00000000000000000";"97,1984601549650";"0,1223";"36515";"1437,93";"123";"38"
"Cidade de Deus";"2021";"7";"130";"3";"0,000000000000000";"85,86823500000000";"0,2400060000000000";"0,00000000000000000";"97,1984601549650";"0,1223";"36515";"1437,93";"48";"8"
"Cidade de Deus";"2022";"6";"130";"4";"0,000000000000000";"85,86823500000000";"0,2400060000000000";"0,00000000000000000";"97,1984601549650";"0,1223";"36515";"1437,93";"31";"15"
"Cidade de Deus";"2023";"9";"130";"5";"0,000000000000000";"85,79166700000000";"0,2400060000000000";"0,00000000000000000";"97,1984601549650";"0,1223";"36515";"1437,93";"65";"37"
"Cidade de Deus";"2024";"6";"130";"6";"0,000000000000000";"84,05086799999999";"0,2400060000000000";"0,00000000000000000";"97,1984601549650";"0,1223";"36515";"1437,93";"30";"18"
"Sepetiba";"2019";"3";"131";"1";"0,000000000000000";"0,00000000000000";"68,0527850000000001";"0,00000000000000000";"82,1971632992191";"0,0394";"56575";"1422,85";"2";"0"
"Sepetiba";"2020";"4";"131";"2";"0,000000000000000";"0,00000000000000";"62,4836330000000046";"0,00000000000000000";"82,1971632992191";"0,0394";"56575";"1422,85";"0";"0"
"Sepetiba";"2021";"10";"131";"3";"0,000000000000000";"0,00000000000000";"52,1342449999999999";"0,00000000000000000";"82,1971632992191";"0,0394";"56575";"1422,85";"2";"1"
"Sepetiba";"2022";"5";"131";"4";"0,000000000000000";"0,00000000000000";"62,7668669999999977";"0,00000000000000000";"82,1971632992191";"0,0394";"56575";"1422,85";"2";"0"
"Sepetiba";"2023";"8";"131";"5";"0,000000000000000";"0,00000000000000";"51,3393619999999942";"0,00000000000000000";"82,1971632992191";"0,0394";"56575";"1422,85";"3";"0"
"Sepetiba";"2024";"7";"131";"6";"0,000000000000000";"0,00000000000000";"42,3208419999999990";"0,00000000000000000";"82,1971632992191";"0,0394";"56575";"1422,85";"4";"1"
"Anil";"2019";"4";"132";"1";"0,000000000000000";"0,05492600000000";"39,8710799999999992";"0,00000000000000000";"89,5825443607980";"0,3418";"24172";"4596,06";"4";"0"
"Anil";"2020";"2";"132";"2";"0,000000000000000";"0,05492600000000";"32,0382829999999998";"0,00000000000000000";"89,5825443607980";"0,3418";"24172";"4596,06";"2";"1"
"Anil";"2021";"4";"132";"3";"0,000000000000000";"0,05492600000000";"25,4668470000000013";"0,00000000000000000";"89,5825443607980";"0,3418";"24172";"4596,06";"4";"0"
"Anil";"2022";"3";"132";"4";"0,000000000000000";"0,05492600000000";"31,8952349999999996";"0,00000000000000000";"89,5825443607980";"0,3418";"24172";"4596,06";"3";"0"
"Anil";"2023";"22";"132";"5";"0,000000000000000";"0,05492600000000";"36,7967820000000003";"0,00000000000000000";"89,5825443607980";"0,3418";"24172";"4596,06";"17";"2"
"Anil";"2024";"20";"132";"6";"0,000000000000000";"0,05492600000000";"39,7941459999999978";"0,00000000000000000";"89,5825443607980";"0,3418";"24172";"4596,06";"13";"1"
"Jacarepaguá";"2019";"31";"133";"1";"0,000000000000000";"0,29921700000000";"18,2371020000000001";"0,00000000000000000";"76,2446560995233";"0,5451";"157326";"2282,28";"6";"0"
"Jacarepaguá";"2020";"15";"133";"2";"0,000000000000000";"0,29921700000000";"18,6313730000000000";"0,00000000000000000";"76,2446560995233";"0,5451";"157326";"2282,28";"5";"2"
"Jacarepaguá";"2021";"13";"133";"3";"0,000000000000000";"0,29921700000000";"18,9192530000000012";"0,00000000000000000";"76,2446560995233";"0,5451";"157326";"2282,28";"11";"1"
"Jacarepaguá";"2022";"16";"133";"4";"0,000000000000000";"0,29976300000000";"17,2171009999999995";"0,00000000000000000";"76,2446560995233";"0,5451";"157326";"2282,28";"13";"4"
"Jacarepaguá";"2023";"31";"133";"5";"0,000000000000000";"0,36979200000000";"15,4156250000000021";"0,00000000000000000";"76,2446560995233";"0,5451";"157326";"2282,28";"14";"0"
"Jacarepaguá";"2024";"29";"133";"6";"0,000000000000000";"0,71567900000000";"15,9392340000000008";"0,00000000000000000";"76,2446560995233";"0,5451";"157326";"2282,28";"16";"4"
"Camorim";"2019";"0";"134";"1";"0,000000000000000";"0,00000000000000";"0,1795170000000000";"0,00000000000000000";"47,6908181180273";"0,5873";"1970";"3939,40";"0";"0"
"Camorim";"2020";"1";"134";"2";"0,000000000000000";"0,00000000000000";"13,5739999999999998";"0,00000000000000000";"47,6908181180273";"0,5873";"1970";"3939,40";"0";"0"
"Camorim";"2021";"1";"134";"3";"0,000000000000000";"0,00000000000000";"13,5739999999999998";"0,00000000000000000";"47,6908181180273";"0,5873";"1970";"3939,40";"1";"0"
"Camorim";"2022";"0";"134";"4";"0,000000000000000";"0,00000000000000";"13,5739999999999998";"0,00000000000000000";"47,6908181180273";"0,5873";"1970";"3939,40";"0";"0"
"Camorim";"2023";"7";"134";"5";"0,000000000000000";"0,00000000000000";"13,5739999999999998";"0,00000000000000000";"47,6908181180273";"0,5873";"1970";"3939,40";"3";"0"
"Camorim";"2024";"1";"134";"6";"0,000000000000000";"0,00000000000000";"9,2926579999999994";"0,00000000000000000";"47,6908181180273";"0,5873";"1970";"3939,40";"0";"0"
"Humaitá";"2019";"1";"135";"1";"0,000000000000000";"0,52608400000000";"0,0000000000000000";"0,00000000000000000";"99,6477715796646";"0,0000";"13285";"8059,78";"2";"2"
"Humaitá";"2020";"0";"135";"2";"0,000000000000000";"0,52608400000000";"0,0000000000000000";"0,00000000000000000";"99,6477715796646";"0,0000";"13285";"8059,78";"2";"1"
"Humaitá";"2021";"1";"135";"3";"0,000000000000000";"0,52608400000000";"0,0000000000000000";"0,00000000000000000";"99,6477715796646";"0,0000";"13285";"8059,78";"1";"0"
"Humaitá";"2022";"0";"135";"4";"0,000000000000000";"0,52608400000000";"0,0000000000000000";"0,00000000000000000";"99,6477715796646";"0,0000";"13285";"8059,78";"0";"0"
"Humaitá";"2023";"3";"135";"5";"0,000000000000000";"0,52608400000000";"0,0000000000000000";"0,00000000000000000";"99,6477715796646";"0,0000";"13285";"8059,78";"1";"0"
"Humaitá";"2024";"0";"135";"6";"0,000000000000000";"0,52608400000000";"0,0000000000000000";"0,00000000000000000";"99,6477715796646";"0,0000";"13285";"8059,78";"1";"0"
"Gardênia Azul";"2019";"8";"136";"1";"0,000000000000000";"1,27242800000000";"75,3247570000000053";"0,00000000000000000";"90,0670561872985";"0,4298";"17715";"1847,88";"4";"0"
"Gardênia Azul";"2020";"8";"136";"2";"0,000000000000000";"1,27242800000000";"79,9394010000000037";"0,00000000000000000";"90,0670561872985";"0,4298";"17715";"1847,88";"5";"1"
"Gardênia Azul";"2021";"11";"136";"3";"0,000000000000000";"1,27242800000000";"79,9394010000000037";"0,00000000000000000";"90,0670561872985";"0,4298";"17715";"1847,88";"5";"0"
"Gardênia Azul";"2022";"3";"136";"4";"0,000000000000000";"1,27242800000000";"79,9394010000000037";"0,00000000000000000";"90,0670561872985";"0,4298";"17715";"1847,88";"3";"1"
"Gardênia Azul";"2023";"18";"136";"5";"0,000000000000000";"1,27242800000000";"79,9394010000000037";"0,00000000000000000";"90,0670561872985";"0,4298";"17715";"1847,88";"20";"4"
"Gardênia Azul";"2024";"20";"136";"6";"0,000000000000000";"1,27242800000000";"79,9394010000000037";"0,00000000000000000";"90,0670561872985";"0,4298";"17715";"1847,88";"52";"13"
"Jardim Botânico";"2019";"0";"137";"1";"0,000000000000000";"0,00000000000000";"0,0000000000000000";"0,00000000000000000";"96,3082225832114";"0,0539";"18009";"10289,47";"1";"0"
"Jardim Botânico";"2020";"0";"137";"2";"0,000000000000000";"0,00000000000000";"0,0000000000000000";"0,00000000000000000";"96,3082225832114";"0,0539";"18009";"10289,47";"2";"1"
"Jardim Botânico";"2021";"0";"137";"3";"0,000000000000000";"0,00000000000000";"0,0000000000000000";"0,00000000000000000";"96,3082225832114";"0,0539";"18009";"10289,47";"0";"0"
"Jardim Botânico";"2022";"0";"137";"4";"0,000000000000000";"0,00000000000000";"0,0000000000000000";"0,00000000000000000";"96,3082225832114";"0,0539";"18009";"10289,47";"0";"0"
"Jardim Botânico";"2023";"0";"137";"5";"0,000000000000000";"0,00000000000000";"0,0000000000000000";"0,00000000000000000";"96,3082225832114";"0,0539";"18009";"10289,47";"0";"0"
"Jardim Botânico";"2024";"0";"137";"6";"0,000000000000000";"0,00000000000000";"0,0000000000000000";"0,00000000000000000";"96,3082225832114";"0,0539";"18009";"10289,47";"0";"0"
"Vargem Pequena";"2019";"3";"138";"1";"0,000000000000000";"0,00000000000000";"19,9221220000000017";"0,00000000000000000";"69,5018961161766";"0,1236";"27250";"2215,86";"2";"0"
"Vargem Pequena";"2020";"1";"138";"2";"0,000000000000000";"0,00000000000000";"24,4635600000000011";"0,00000000000000000";"69,5018961161766";"0,1236";"27250";"2215,86";"0";"0"
"Vargem Pequena";"2021";"1";"138";"3";"0,000000000000000";"0,00000000000000";"24,4635600000000011";"0,00000000000000000";"69,5018961161766";"0,1236";"27250";"2215,86";"2";"0"
"Vargem Pequena";"2022";"1";"138";"4";"0,000000000000000";"0,00000000000000";"22,8702660000000009";"0,00000000000000000";"69,5018961161766";"0,1236";"27250";"2215,86";"0";"0"
"Vargem Pequena";"2023";"3";"138";"5";"0,000000000000000";"0,00000000000000";"23,2874249999999989";"0,00000000000000000";"69,5018961161766";"0,1236";"27250";"2215,86";"10";"1"
"Vargem Pequena";"2024";"13";"138";"6";"0,000000000000000";"0,00212800000000";"17,7550579999999982";"0,00000000000000000";"69,5018961161766";"0,1236";"27250";"2215,86";"22";"8"
"Copacabana";"2019";"12";"139";"1";"0,000000000000000";"5,55938600000000";"0,0000000000000000";"0,00000000000000000";"98,6051052422206";"0,0190";"146392";"6668,37";"78";"23"
"Copacabana";"2020";"4";"139";"2";"0,000000000000000";"5,55938600000000";"0,0000000000000000";"0,00000000000000000";"98,6051052422206";"0,0190";"146392";"6668,37";"36";"4"
"Copacabana";"2021";"4";"139";"3";"0,000000000000000";"5,55938600000000";"0,0000000000000000";"0,00000000000000000";"98,6051052422206";"0,0190";"146392";"6668,37";"15";"4"
"Copacabana";"2022";"7";"139";"4";"0,000000000000000";"5,38479700000000";"0,0000000000000000";"0,00000000000000000";"98,6051052422206";"0,0190";"146392";"6668,37";"12";"2"
"Copacabana";"2023";"6";"139";"5";"0,000000000000000";"5,55938600000000";"0,0000000000000000";"0,00000000000000000";"98,6051052422206";"0,0190";"146392";"6668,37";"14";"1"
"Copacabana";"2024";"3";"139";"6";"0,000000000000000";"5,38479700000000";"0,0000000000000000";"0,00000000000000000";"98,6051052422206";"0,0190";"146392";"6668,37";"7";"2"
"Leme";"2019";"2";"140";"1";"0,000000000000000";"13,93582500000000";"0,0000000000000000";"0,00000000000000000";"99,2526273926464";"0,0000";"14799";"7226,74";"20";"9"
"Leme";"2020";"3";"140";"2";"0,000000000000000";"13,93582500000000";"0,0000000000000000";"0,00000000000000000";"99,2526273926464";"0,0000";"14799";"7226,74";"12";"2"
"Leme";"2021";"3";"140";"3";"0,000000000000000";"13,93582500000000";"0,0000000000000000";"0,00000000000000000";"99,2526273926464";"0,0000";"14799";"7226,74";"6";"3"
"Leme";"2022";"1";"140";"4";"0,000000000000000";"13,93582500000000";"0,0000000000000000";"0,00000000000000000";"99,2526273926464";"0,0000";"14799";"7226,74";"2";"1"
"Leme";"2023";"0";"140";"5";"0,000000000000000";"13,93582500000000";"0,0000000000000000";"0,00000000000000000";"99,2526273926464";"0,0000";"14799";"7226,74";"3";"2"
"Leme";"2024";"2";"140";"6";"0,000000000000000";"13,93582500000000";"0,0000000000000000";"0,00000000000000000";"99,2526273926464";"0,0000";"14799";"7226,74";"1";"1"
"Lagoa";"2019";"2";"141";"1";"0,000000000000000";"0,01215900000000";"0,0000000000000000";"0,00000000000000000";"96,9140492087670";"0,0000";"21198";"14281,49";"2";"2"
"Lagoa";"2020";"0";"141";"2";"0,000000000000000";"0,01215900000000";"0,0000000000000000";"0,00000000000000000";"96,9140492087670";"0,0000";"21198";"14281,49";"2";"2"
"Lagoa";"2021";"0";"141";"3";"0,000000000000000";"0,01215900000000";"0,0000000000000000";"0,00000000000000000";"96,9140492087670";"0,0000";"21198";"14281,49";"0";"0"
"Lagoa";"2022";"1";"141";"4";"0,000000000000000";"0,01215900000000";"0,0000000000000000";"0,00000000000000000";"96,9140492087670";"0,0000";"21198";"14281,49";"2";"1"
"Lagoa";"2023";"0";"141";"5";"0,000000000000000";"0,01215900000000";"0,0000000000000000";"0,00000000000000000";"96,9140492087670";"0,0000";"21198";"14281,49";"1";"1"
"Lagoa";"2024";"1";"141";"6";"0,000000000000000";"0,01215900000000";"0,0000000000000000";"0,00000000000000000";"96,9140492087670";"0,0000";"21198";"14281,49";"2";"0"
"Itanhangá";"2019";"23";"142";"1";"0,000000000000000";"2,19097200000000";"16,2709350000000015";"0,00000000000000000";"66,8175164596315";"0,4538";"38415";"3093,85";"4";"1"
"Itanhangá";"2020";"5";"142";"2";"0,000000000000000";"2,19097200000000";"16,9580410000000015";"0,00000000000000000";"66,8175164596315";"0,4538";"38415";"3093,85";"1";"1"
"Itanhangá";"2021";"7";"142";"3";"0,000000000000000";"2,19097200000000";"16,9580410000000015";"0,00000000000000000";"66,8175164596315";"0,4538";"38415";"3093,85";"3";"1"
"Itanhangá";"2022";"6";"142";"4";"0,000000000000000";"2,19097200000000";"16,9580410000000015";"0,00000000000000000";"66,8175164596315";"0,4538";"38415";"3093,85";"6";"2"
"Itanhangá";"2023";"43";"142";"5";"0,000000000000000";"2,19097200000000";"16,9580410000000015";"0,00000000000000000";"66,8175164596315";"0,4538";"38415";"3093,85";"28";"9"
"Itanhangá";"2024";"41";"142";"6";"0,000000000000000";"2,19097200000000";"18,7679100000000005";"0,00000000000000000";"66,8175164596315";"0,4538";"38415";"3093,85";"72";"21"
"Gávea";"2019";"3";"143";"1";"0,704525000000000";"1,76672000000000";"0,0000000000000000";"0,00000000000000000";"98,9277595352458";"0,1202";"16003";"8896,36";"2";"0"
"Gávea";"2020";"1";"143";"2";"0,000000000000000";"2,47124500000000";"0,0000000000000000";"0,00000000000000000";"98,9277595352458";"0,1202";"16003";"8896,36";"0";"0"
"Gávea";"2021";"0";"143";"3";"0,000000000000000";"2,47124500000000";"0,0000000000000000";"0,00000000000000000";"98,9277595352458";"0,1202";"16003";"8896,36";"0";"0"
"Gávea";"2022";"0";"143";"4";"0,000000000000000";"2,47124500000000";"0,0000000000000000";"0,00000000000000000";"98,9277595352458";"0,1202";"16003";"8896,36";"2";"1"
"Gávea";"2023";"1";"143";"5";"0,000000000000000";"2,47124500000000";"0,0000000000000000";"0,00000000000000000";"98,9277595352458";"0,1202";"16003";"8896,36";"1";"0"
"Gávea";"2024";"3";"143";"6";"0,000000000000000";"2,47124500000000";"0,0000000000000000";"0,00000000000000000";"98,9277595352458";"0,1202";"16003";"8896,36";"2";"0"
"Barra da Tijuca";"2019";"8";"144";"1";"0,000000000000000";"0,00000000000000";"0,3435860000000000";"0,00000000000000000";"94,8786511434945";"0,0134";"135924";"11579,00";"13";"3"
"Barra da Tijuca";"2020";"11";"144";"2";"0,000000000000000";"0,00000000000000";"0,3435860000000000";"0,00000000000000000";"94,8786511434945";"0,0134";"135924";"11579,00";"7";"0"
"Barra da Tijuca";"2021";"11";"144";"3";"0,000000000000000";"0,00000000000000";"0,3435860000000000";"0,00000000000000000";"94,8786511434945";"0,0134";"135924";"11579,00";"11";"5"
"Barra da Tijuca";"2022";"15";"144";"4";"0,000000000000000";"0,00000000000000";"0,3435860000000000";"0,00000000000000000";"94,8786511434945";"0,0134";"135924";"11579,00";"16";"3"
"Barra da Tijuca";"2023";"24";"144";"5";"0,000000000000000";"0,00000000000000";"0,3435860000000000";"0,00000000000000000";"94,8786511434945";"0,0134";"135924";"11579,00";"9";"2"
"Barra da Tijuca";"2024";"24";"144";"6";"0,000000000000000";"0,00000000000000";"0,0391650000000000";"0,00000000000000000";"94,8786511434945";"0,0134";"135924";"11579,00";"18";"2"
"Leblon";"2019";"6";"145";"1";"0,546009000000000";"0,00000000000000";"0,0000000000000000";"0,00000000000000000";"98,9640464003092";"0,0000";"46044";"10987,49";"3";"0"
"Leblon";"2020";"2";"145";"2";"0,546009000000000";"0,00000000000000";"0,0000000000000000";"0,00000000000000000";"98,9640464003092";"0,0000";"46044";"10987,49";"2";"0"
"Leblon";"2021";"2";"145";"3";"0,546009000000000";"0,00000000000000";"0,0000000000000000";"0,00000000000000000";"98,9640464003092";"0,0000";"46044";"10987,49";"3";"0"
"Leblon";"2022";"3";"145";"4";"0,000000000000000";"0,54600900000000";"0,0000000000000000";"0,00000000000000000";"98,9640464003092";"0,0000";"46044";"10987,49";"2";"1"
"Leblon";"2023";"7";"145";"5";"0,000000000000000";"0,54600900000000";"0,0000000000000000";"0,00000000000000000";"98,9640464003092";"0,0000";"46044";"10987,49";"1";"0"
"Leblon";"2024";"3";"145";"6";"0,000000000000000";"0,54600900000000";"0,0000000000000000";"0,00000000000000000";"98,9640464003092";"0,0000";"46044";"10987,49";"0";"0"
"Ipanema";"2019";"3";"146";"1";"0,000000000000000";"1,53813000000000";"0,0000000000000000";"0,00000000000000000";"98,5970540329076";"0,0000";"42743";"10410,35";"6";"3"
"Ipanema";"2020";"3";"146";"2";"0,000000000000000";"1,53813000000000";"0,0000000000000000";"0,00000000000000000";"98,5970540329076";"0,0000";"42743";"10410,35";"3";"1"
"Ipanema";"2021";"4";"146";"3";"0,000000000000000";"1,53813000000000";"0,0000000000000000";"0,00000000000000000";"98,5970540329076";"0,0000";"42743";"10410,35";"4";"3"
"Ipanema";"2022";"2";"146";"4";"0,000000000000000";"1,53813000000000";"0,0000000000000000";"0,00000000000000000";"98,5970540329076";"0,0000";"42743";"10410,35";"4";"2"
"Ipanema";"2023";"1";"146";"5";"0,000000000000000";"1,53813000000000";"0,0000000000000000";"0,00000000000000000";"98,5970540329076";"0,0000";"42743";"10410,35";"0";"0"
"Ipanema";"2024";"0";"146";"6";"0,000000000000000";"1,53813000000000";"0,0000000000000000";"0,00000000000000000";"98,5970540329076";"0,0000";"42743";"10410,35";"0";"0"
"São Conrado";"2019";"2";"147";"1";"0,510618000000000";"6,30348900000000";"0,0000000000000000";"0,00000000000000000";"98,3518659218288";"0,0879";"10980";"12956,02";"1";"0"
"São Conrado";"2020";"0";"147";"2";"0,310895000000000";"6,50321200000000";"0,0000000000000000";"0,00000000000000000";"98,3518659218288";"0,0879";"10980";"12956,02";"0";"0"
"São Conrado";"2021";"1";"147";"3";"0,310895000000000";"6,50321200000000";"0,0000000000000000";"0,00000000000000000";"98,3518659218288";"0,0879";"10980";"12956,02";"0";"0"
"São Conrado";"2022";"1";"147";"4";"0,310895000000000";"6,50321200000000";"0,0000000000000000";"0,00000000000000000";"98,3518659218288";"0,0879";"10980";"12956,02";"1";"1"
"São Conrado";"2023";"0";"147";"5";"0,310895000000000";"6,50321200000000";"0,0000000000000000";"0,00000000000000000";"98,3518659218288";"0,0879";"10980";"12956,02";"1";"1"
"São Conrado";"2024";"1";"147";"6";"0,310895000000000";"6,50321200000000";"0,0000000000000000";"0,00000000000000000";"98,3518659218288";"0,0879";"10980";"12956,02";"0";"0"
"Rocinha";"2019";"8";"148";"1";"0,000000000000000";"60,09469100000000";"0,0000000000000000";"0,00000000000000000";"91,2759347941309";"0,9999";"69356";"1209,20";"49";"10"
"Rocinha";"2020";"3";"148";"2";"0,000000000000000";"60,09469100000000";"0,0000000000000000";"0,00000000000000000";"91,2759347941309";"0,9999";"69356";"1209,20";"14";"2"
"Rocinha";"2021";"1";"148";"3";"0,000000000000000";"60,09469100000000";"0,0000000000000000";"0,00000000000000000";"91,2759347941309";"0,9999";"69356";"1209,20";"22";"2"
"Rocinha";"2022";"5";"148";"4";"0,000000000000000";"60,09469100000000";"0,0000000000000000";"0,00000000000000000";"91,2759347941309";"0,9999";"69356";"1209,20";"10";"5"
"Rocinha";"2023";"2";"148";"5";"0,000000000000000";"60,09469100000000";"0,0000000000000000";"0,00000000000000000";"91,2759347941309";"0,9999";"69356";"1209,20";"5";"1"
"Rocinha";"2024";"1";"148";"6";"0,000000000000000";"60,09469100000000";"0,0000000000000000";"0,00000000000000000";"91,2759347941309";"0,9999";"69356";"1209,20";"5";"3"
"Pedra de Guaratiba";"2019";"2";"149";"1";"0,000000000000000";"0,00000000000000";"24,8805809999999994";"0,00000000000000000";"75,5334566445373";"0,0000";"9488";"2296,41";"2";"0"
"Pedra de Guaratiba";"2020";"0";"149";"2";"0,000000000000000";"0,00000000000000";"17,2030129999999986";"0,00000000000000000";"75,5334566445373";"0,0000";"9488";"2296,41";"0";"0"
"Pedra de Guaratiba";"2021";"1";"149";"3";"0,000000000000000";"0,00000000000000";"22,5706680000000013";"0,00000000000000000";"75,5334566445373";"0,0000";"9488";"2296,41";"0";"0"
"Pedra de Guaratiba";"2022";"3";"149";"4";"0,000000000000000";"0,00000000000000";"24,5723820000000011";"0,00000000000000000";"75,5334566445373";"0,0000";"9488";"2296,41";"1";"0"
"Pedra de Guaratiba";"2023";"2";"149";"5";"0,000000000000000";"0,00000000000000";"24,8805809999999994";"0,00000000000000000";"75,5334566445373";"0,0000";"9488";"2296,41";"2";"1"
"Pedra de Guaratiba";"2024";"9";"149";"6";"0,000000000000000";"0,00000000000000";"22,8855989999999991";"0,00000000000000000";"75,5334566445373";"0,0000";"9488";"2296,41";"3";"0"
"Recreio dos Bandeirantes";"2019";"17";"150";"1";"0,000000000000000";"0,00000000000000";"11,2249590000000001";"0,00000000000000000";"82,6914695191717";"0,2365";"82240";"6732,23";"13";"1"
"Recreio dos Bandeirantes";"2020";"7";"150";"2";"0,000000000000000";"0,00000000000000";"16,0355610000000013";"0,00000000000000000";"82,6914695191717";"0,2365";"82240";"6732,23";"6";"0"
"Recreio dos Bandeirantes";"2021";"14";"150";"3";"0,000000000000000";"0,00000000000000";"17,2807619999999993";"0,00000000000000000";"82,6914695191717";"0,2365";"82240";"6732,23";"12";"2"
"Recreio dos Bandeirantes";"2022";"7";"150";"4";"0,000000000000000";"0,00000000000000";"17,3103650000000009";"0,00000000000000000";"82,6914695191717";"0,2365";"82240";"6732,23";"9";"0"
"Recreio dos Bandeirantes";"2023";"27";"150";"5";"0,000000000000000";"0,00000000000000";"15,8695670000000000";"0,00000000000000000";"82,6914695191717";"0,2365";"82240";"6732,23";"29";"5"
"Recreio dos Bandeirantes";"2024";"29";"150";"6";"0,000000000000000";"0,43726400000000";"16,2617060000000002";"0,00000000000000000";"82,6914695191717";"0,2365";"82240";"6732,23";"16";"3"
"Vidigal";"2019";"7";"151";"1";"1,547482000000000";"13,77820100000000";"0,0000000000000000";"0,00000000000000000";"97,4721000202422";"0,0542";"12797";"1639,85";"47";"20"
"Vidigal";"2020";"3";"151";"2";"1,547482000000000";"13,77820100000000";"0,0000000000000000";"0,00000000000000000";"97,4721000202422";"0,0542";"12797";"1639,85";"8";"5"
"Vidigal";"2021";"1";"151";"3";"1,547482000000000";"13,77820100000000";"0,0000000000000000";"0,00000000000000000";"97,4721000202422";"0,0542";"12797";"1639,85";"2";"0"
"Vidigal";"2022";"0";"151";"4";"1,547482000000000";"13,77820100000000";"0,0000000000000000";"0,00000000000000000";"97,4721000202422";"0,0542";"12797";"1639,85";"1";"0"
"Vidigal";"2023";"0";"151";"5";"1,547482000000000";"13,77820100000000";"0,0000000000000000";"0,00000000000000000";"97,4721000202422";"0,0542";"12797";"1639,85";"1";"1"
"Vidigal";"2024";"0";"151";"6";"1,547482000000000";"13,77820100000000";"0,0000000000000000";"0,00000000000000000";"97,4721000202422";"0,0542";"12797";"1639,85";"1";"1"
"Joá";"2019";"0";"152";"1";"0,000000000000000";"0,00000000000000";"0,0000000000000000";"0,00000000000000000";"75,1377732023902";"0,0000";"818";"16906,04";"0";"0"
"Joá";"2020";"0";"152";"2";"0,000000000000000";"0,00000000000000";"0,0000000000000000";"0,00000000000000000";"75,1377732023902";"0,0000";"818";"16906,04";"0";"0"
"Joá";"2021";"0";"152";"3";"0,000000000000000";"0,00000000000000";"0,0000000000000000";"0,00000000000000000";"75,1377732023902";"0,0000";"818";"16906,04";"0";"0"
"Joá";"2022";"0";"152";"4";"0,000000000000000";"0,00000000000000";"0,0000000000000000";"0,00000000000000000";"75,1377732023902";"0,0000";"818";"16906,04";"0";"0"
"Joá";"2023";"0";"152";"5";"0,000000000000000";"0,00000000000000";"0,0000000000000000";"0,00000000000000000";"75,1377732023902";"0,0000";"818";"16906,04";"0";"0"
"Joá";"2024";"0";"152";"6";"0,000000000000000";"0,00000000000000";"0,0000000000000000";"0,00000000000000000";"75,1377732023902";"0,0000";"818";"16906,04";"0";"0"
"Barra de Guaratiba";"2019";"2";"153";"1";"0,000000000000000";"0,00000000000000";"0,0000000000000000";"0,00000000000000000";"66,6790672362974";"0,1764";"3577";"2105,43";"1";"1"
"Barra de Guaratiba";"2020";"0";"153";"2";"0,000000000000000";"0,00000000000000";"3,7411020000000001";"0,00000000000000000";"66,6790672362974";"0,1764";"3577";"2105,43";"0";"0"
"Barra de Guaratiba";"2021";"1";"153";"3";"0,000000000000000";"0,00000000000000";"9,7029650000000007";"0,00000000000000000";"66,6790672362974";"0,1764";"3577";"2105,43";"0";"0"
"Barra de Guaratiba";"2022";"3";"153";"4";"0,000000000000000";"0,00000000000000";"9,7029650000000007";"0,00000000000000000";"66,6790672362974";"0,1764";"3577";"2105,43";"0";"0"
"Barra de Guaratiba";"2023";"4";"153";"5";"0,000000000000000";"0,00000000000000";"7,7352029999999994";"0,00000000000000000";"66,6790672362974";"0,1764";"3577";"2105,43";"2";"0"
"Barra de Guaratiba";"2024";"2";"153";"6";"0,000000000000000";"0,00000000000000";"5,1218219999999999";"0,00000000000000000";"66,6790672362974";"0,1764";"3577";"2105,43";"0";"0"
"Grumari";"2019";"0";"154";"1";"0,000000000000000";"0,00000000000000";"0,0000000000000000";"0,00000000000000000";"24,7016180401557";"0,0000";"167";"973,32";"0";"0"
"Grumari";"2020";"1";"154";"2";"0,000000000000000";"0,00000000000000";"0,0000000000000000";"0,00000000000000000";"24,7016180401557";"0,0000";"167";"973,32";"0";"0"
"Grumari";"2021";"2";"154";"3";"0,000000000000000";"0,00000000000000";"0,0000000000000000";"0,00000000000000000";"24,7016180401557";"0,0000";"167";"973,32";"0";"0"
"Grumari";"2022";"1";"154";"4";"0,000000000000000";"0,00000000000000";"0,0000000000000000";"0,00000000000000000";"24,7016180401557";"0,0000";"167";"973,32";"0";"0"
"Grumari";"2023";"0";"154";"5";"0,000000000000000";"0,00000000000000";"0,0000000000000000";"0,00000000000000000";"24,7016180401557";"0,0000";"167";"973,32";"0";"0"
"Grumari";"2024";"1";"154";"6";"0,000000000000000";"0,00000000000000";"0,0000000000000000";"0,00000000000000000";"24,7016180401557";"0,0000";"167";"973,32";"1";"0"
"Caju";"2019";"8";"155";"1";"3,712950000000000";"1,02944700000000";"0,0000000000000000";"0,03208400000000000";"90,9177222040580";"0,0587";"20477";"1269,57";"18";"8"
"Caju";"2020";"6";"155";"2";"1,710609000000000";"1,02944700000000";"0,0000000000000000";"2,03442500000000015";"90,9177222040580";"0,0587";"20477";"1269,57";"22";"10"
"Caju";"2021";"2";"155";"3";"1,710609000000000";"1,02944700000000";"0,0000000000000000";"2,03442500000000015";"90,9177222040580";"0,0587";"20477";"1269,57";"7";"3"
"Caju";"2022";"7";"155";"4";"1,710609000000000";"1,02944700000000";"0,0000000000000000";"2,03442500000000015";"90,9177222040580";"0,0587";"20477";"1269,57";"13";"7"
"Caju";"2023";"8";"155";"5";"1,710609000000000";"1,02944700000000";"0,0000000000000000";"2,03442500000000015";"90,9177222040580";"0,0587";"20477";"1269,57";"5";"1"
"Caju";"2024";"3";"155";"6";"1,710609000000000";"1,02944700000000";"0,0000000000000000";"2,03442500000000015";"90,9177222040580";"0,0587";"20477";"1269,57";"2";"2"
"Deodoro";"2019";"14";"156";"1";"0,000000000000000";"0,02220200000000";"10,8135910000000006";"6,37853400000000015";"96,2238733640488";"0,1585";"10842";"1649,31";"10";"4"
"Deodoro";"2020";"5";"156";"2";"0,000000000000000";"0,00000000000000";"11,5625750000000007";"6,40073600000000020";"96,2238733640488";"0,1585";"10842";"1649,31";"5";"3"
"Deodoro";"2021";"5";"156";"3";"0,000000000000000";"0,00000000000000";"11,5625750000000007";"6,44653100000000023";"96,2238733640488";"0,1585";"10842";"1649,31";"0";"0"
"Deodoro";"2022";"6";"156";"4";"0,000000000000000";"0,00000000000000";"0,4604590000000000";"6,44653100000000023";"96,2238733640488";"0,1585";"10842";"1649,31";"2";"0"
"Deodoro";"2023";"5";"156";"5";"0,000000000000000";"0,00000000000000";"0,0420970000000000";"6,44653100000000023";"96,2238733640488";"0,1585";"10842";"1649,31";"3";"2"
"Deodoro";"2024";"3";"156";"6";"0,000000000000000";"0,00000000000000";"0,0420970000000000";"6,44653100000000023";"96,2238733640488";"0,1585";"10842";"1649,31";"4";"1"
"Campo Grande";"2019";"45";"157";"1";"0,000000000000000";"0,00424200000000";"26,2482059999999997";"0,00000000000000000";"90,2463973022716";"0,0466";"328370";"2308,66";"26";"5"
"Campo Grande";"2020";"33";"157";"2";"0,000000000000000";"0,08032100000000";"25,8383310000000002";"0,00000000000000000";"90,2463973022716";"0,0466";"328370";"2308,66";"29";"3"
"Campo Grande";"2021";"33";"157";"3";"0,000000000000000";"0,08032100000000";"22,2948069999999987";"0,00000000000000000";"90,2463973022716";"0,0466";"328370";"2308,66";"23";"2"
"Campo Grande";"2022";"30";"157";"4";"0,000000000000000";"0,08032100000000";"20,6838200000000008";"0,00000000000000000";"90,2463973022716";"0,0466";"328370";"2308,66";"33";"4"
"Campo Grande";"2023";"30";"157";"5";"0,000000000000000";"0,08032100000000";"21,3633080000000000";"0,00000000000000000";"90,2463973022716";"0,0466";"328370";"2308,66";"19";"4"
"Campo Grande";"2024";"30";"157";"6";"0,000000000000000";"0,08032100000000";"22,8690260000000052";"0,00000000000000000";"90,2463973022716";"0,0466";"328370";"2308,66";"24";"2"
"Bangu";"2019";"141";"158";"1";"3,561832688845842";"6,96599213775868";"15,3555628875557844";"3,67555869496694232";"95,9033258326891";"0,1153";"243125";"1840,31";"517";"82"
"Bangu";"2020";"82";"158";"2";"3,561832688845842";"7,02312219798563";"13,7696563931623182";"3,67555869496694232";"95,9033258326891";"0,1153";"243125";"1840,31";"383";"48"
"Bangu";"2021";"82";"158";"3";"3,561832688845842";"6,77860926748696";"15,2705503300093444";"3,67555869496694232";"95,9033258326891";"0,1153";"243125";"1840,31";"209";"40"
"Bangu";"2022";"62";"158";"4";"3,003920488476115";"6,77860926748696";"15,0491916400926353";"3,67555869496694232";"95,9033258326891";"0,1153";"243125";"1840,31";"121";"48"
"Bangu";"2023";"68";"158";"5";"3,003920488476115";"6,77860926748696";"14,0808029685901577";"3,67555869496694232";"95,9033258326891";"0,1153";"243125";"1840,31";"165";"61"
"Bangu";"2024";"55";"158";"6";"3,416063665305658";"6,77860926748696";"15,2787416841744843";"3,67555869496694232";"95,9033258326891";"0,1153";"243125";"1840,31";"73";"30"
"Gericinó";"2019";"0";"159";"1";"0,000000000000000";"0,01743800000000";"78,0017639999999943";"0,00000000000000000";"95,9033258326891";"0,1153";"15167";"1265,92";"1";"0"
"Gericinó";"2020";"2";"159";"2";"0,000000000000000";"0,01743800000000";"78,0017639999999943";"0,00000000000000000";"95,9033258326891";"0,1153";"15167";"1265,92";"0";"0"
"Gericinó";"2021";"0";"159";"3";"0,000000000000000";"0,00000000000000";"78,0192019999999928";"0,00000000000000000";"95,9033258326891";"0,1153";"15167";"1265,92";"0";"0"
"Gericinó";"2022";"0";"159";"4";"0,000000000000000";"0,00000000000000";"78,0192019999999928";"0,00000000000000000";"95,9033258326891";"0,1153";"15167";"1265,92";"0";"0"
"Gericinó";"2023";"0";"159";"5";"0,000000000000000";"0,00000000000000";"78,0192019999999928";"0,00000000000000000";"95,9033258326891";"0,1153";"15167";"1265,92";"0";"0"
"Gericinó";"2024";"0";"159";"6";"0,000000000000000";"0,00000000000000";"78,0192019999999928";"0,00000000000000000";"95,9033258326891";"0,1153";"15167";"1265,92";"1";"1"
